time,uid,postid,post
2026-09-23T13:04:36.112Z,u07,p3167,Beautiful photo Julie.💙
2026-09-23T12:26:47.635Z,u07,p3166,💚🍎💚
2026-09-23T12:26:30.041Z,u07,p3165,💚🤎💚
2026-09-23T11:38:27.822Z,u07,p3164,"We are having warm, dry weather again this week in the Surrey Hills and the roses are loving it.
Yellow rose in the garden yesterday.
#RoseWednesday
#Roses
#Flowers
#Bloomscrolling
#Photography"
2026-09-23T11:36:58.857Z,u07,p3163,💚🍎💚
2026-09-23T10:20:00.182Z,u07,p3162,"Thank you Molly.
Have a great Wednesday.
              💚🤎💚"
2026-09-23T10:19:00.954Z,u07,p3161,"A pleasure Jenny.
        🩶🖤🩶"
2026-09-23T09:53:11.456Z,u07,p3160,Brilliant!✨
2026-09-23T09:28:57.557Z,u07,p3159,I was just feeling pleased about how I had reduced the number of errors in my posts!🤨😂
2026-09-23T09:23:33.206Z,u07,p3158,"Rose not Ross!
A pleasure Soph.
       🌹♥️🌹"
2026-09-23T09:17:27.230Z,u07,p3157,Beautiful photo of a gorgeous red ross.♥️
2026-09-23T08:41:22.537Z,u07,p3156,"Looking in the heather, grass and fallen leaves for little fungi jewels.
Fly Agaric toadstools.
#Fungi
#ColorADay
#RedWed
#AlphabetChallenge
#WeekLforLookingIn
#Photography"
2026-09-23T07:17:38.225Z,u07,p3155,"Tall Scots Pine Trees caught in the early autumn sunlight on Hindhead Common.
#Trees
#Autumn
#Fall
#Photography
#SurreyHills"
2026-09-23T06:16:41.357Z,u07,p3154,"Bowl of apples picked from the tree.
#SensoryArt
#Fruit
#ColorADay
#RedWed
#Photography
#Harvest"
2026-09-23T06:05:59.691Z,u07,p3153,"A pleasure Evan.
Yes the sunrises are a great compensation for an early start!
              🧡🌅🧡"
2026-09-23T06:04:07.609Z,u07,p3152,"Always taste nicer straight from the tree.
              💚🍎💚"
2026-09-23T05:51:45.159Z,u07,p3151,Great photo Jenny.🩶
2026-09-23T05:38:54.501Z,u07,p3150,"Looking in the wrong direction.
Canada Geese at The Heath in Petersfield yesterday.
#AlphabetChallenge
#WeekLforLookingIn
#Geese
#Landscape
#Reflections
#Photography
#Hampshire"
2026-09-23T05:32:26.880Z,u07,p3149,Beautiful sunrise and quote Evan.🩵
2026-09-23T05:29:09.971Z,u07,p3148,"Red apples on a tree.
#SensoryArt
#Fruit
#ColorADay
#RedWed
#Photography"
2026-09-23T05:23:26.581Z,u07,p3147,"An autumn/fall sunrise.
#Sunrise
#ColorADay
#RedWed
#Skies
#Photography"
2026-09-23T05:09:39.416Z,u07,p3146,🐓♥️🐓
2026-09-23T05:09:11.829Z,u07,p3145,"Thank you.
  💙🩵💙"
2026-09-23T05:02:20.917Z,u07,p3144,"A pleasure David.
        🤎🌅🤎"
2026-09-23T04:59:19.887Z,u07,p3143,"A pleasure Nick.
        🤎🪾🤎"
2026-09-22T20:47:13.782Z,u07,p3142,"Thank you Natty, great description. 
I love the variety of colours on this tree.
               🍃🍁🍃"
2026-09-22T20:36:23.731Z,u07,p3141,"A pleasure Mairead.
          💜🐝💜"
2026-09-22T20:03:20.037Z,u07,p3140,🐓♥️🐓
2026-09-22T20:02:52.689Z,u07,p3139,Hope your airport run is better than it would be to Heathrow. The most hideous part of the M25!
2026-09-22T20:01:21.106Z,u07,p3138,"    😊
🌲🖤🌲"
2026-09-22T20:00:05.398Z,u07,p3137,"A pleasure Alex.
        💚🧡💚"
2026-09-22T19:59:26.034Z,u07,p3136,"They are rather nice.
         💛🧡💛"
2026-09-22T19:57:55.116Z,u07,p3135,Sounds like a lovely outing. It must be great. to be good at singing and a member of a choir. That’s never going to happen to me either!😊🎶
2026-09-22T18:47:28.803Z,u07,p3134,🐓♥️🐓
2026-09-22T18:08:04.926Z,u07,p3133,Such a great photo.🧡
2026-09-22T18:04:37.032Z,u07,p3132,🩷🌅🩷
2026-09-22T18:02:10.756Z,u07,p3131,"Beautiful photo Mairead.
💜"
2026-09-22T17:55:33.244Z,u07,p3130,What a beautiful photo! 💚
2026-09-22T16:58:08.294Z,u07,p3129,😊
2026-09-22T16:54:07.087Z,u07,p3128,Beautiful!❤️
2026-09-22T16:45:23.154Z,u07,p3127,Great photo Graham.💙
2026-09-22T16:38:49.346Z,u07,p3126,"Three redheads in the sunshine.
Two hens and a cockerel.
#BirdoftheDay
#Redheads
#Chickens
#Photography"
2026-09-22T16:32:32.326Z,u07,p3125,Yew trees are so wonderful as is this photo. 🤎
2026-09-22T16:26:01.830Z,u07,p3124,"Thank you so much. Hope your day has been good too Jason.
              🎏🖤🎏"
2026-09-22T16:24:40.928Z,u07,p3123,"The sunsets and sunrises there are wonderful. Thank you.
             🩷🌅🩷"
2026-09-22T16:23:09.003Z,u07,p3122,"Very good! The gap in my photo was crying out for that.
             🎏🎨🎏"
2026-09-22T15:40:10.965Z,u07,p3121,"Looking in a very large fish tank with a lot of small koi carp.
#AlphabetChallenge
#WeekLForLookingIn
#Fish
#Photography"
2026-09-22T15:14:20.304Z,u07,p3120,💙🩵💙
2026-09-22T15:09:19.031Z,u07,p3119,"Thank you Shantha, you too.
              🩷🌅🩷"
2026-09-22T14:14:39.421Z,u07,p3118,"A pleasure Jason.
        ❤️💛❤️"
2026-09-22T13:11:54.280Z,u07,p3117,Good morning Jason.🕊️👋🏻
2026-09-22T13:10:36.804Z,u07,p3116,"Thank you Pam.
     💙🩵💙"
2026-09-22T13:06:45.779Z,u07,p3115,Gorgeous Jason.💛
2026-09-22T13:01:40.584Z,u07,p3114,"Thank you Molly. Have a great Tuesday!
              🕊️🧡🕊️"
2026-09-22T12:56:21.863Z,u07,p3113,Beautiful photos with gorgeous light.💙
2026-09-22T12:51:29.229Z,u07,p3112,"Young Herring Gull at The Heath, Petersfield.
#BirdoftheDay
#Gulls
#ColorADay
#BlueTue"
2026-09-22T12:45:05.722Z,u07,p3111,"Thank you Jules, you too.
              💚💙💚"
2026-09-22T12:44:24.124Z,u07,p3110,"Thank you.
   💙🩵💙"
2026-09-22T12:43:26.331Z,u07,p3109,"Thank you Robert.💙
         🍃🍁🍃"
2026-09-22T12:42:38.310Z,u07,p3108,🩷🌅🩷
2026-09-22T12:42:18.152Z,u07,p3107,"Thank you.
   💙💚💙"
2026-09-22T09:48:39.912Z,u07,p3106,"Diagonal gulls at Shottermill Pond in the Surrey Hills.
#BirdoftheDay
#Gulls
#SurreyHills
#Reflections
#Photography"
2026-09-22T09:38:51.358Z,u07,p3105,"Thank you.
   🩷🌅🩷"
2026-09-22T09:38:17.542Z,u07,p3104,"Thank you Robert.
         💚💙💚"
2026-09-22T09:22:29.703Z,u07,p3103,"Thank you.
🩷🌅🩷"
2026-09-22T06:47:43.985Z,u07,p3102,"Thank you.
It’s a farm we stay at occasionally with sheep, goats, geese etc so they have very good fences. 😊
              🐑🌅🐑"
2026-09-22T06:45:37.980Z,u07,p3101,"Everything is exciting for her at the moment.
            💚💛💚"
2026-09-22T06:12:38.372Z,u07,p3100,Wonderful photo!💛
2026-09-22T06:07:45.684Z,u07,p3099,"September in St Ives, Cornwall.
#RockinTuesday
#TidesoutTuesday
#ColorADay
#BlueTue
#Cornwall
#Coastal
#Photography
#Landscape"
2026-09-22T05:38:45.231Z,u07,p3098,"Walking in the Surrey Hills yesterday.
#Woods
#Trees
#SurreyHills
#Landscape
#Photography"
2026-09-22T05:30:06.164Z,u07,p3097,"September sunrise in Warwickshire.
#Sunrise
#Skies
#Photography"
2026-09-22T05:22:05.667Z,u07,p3096,"Tree on the hillside at Winkworth Arboretum turning autumnal.
#ThickTrunkTuesday
#Autumn
#Trees
#SurreyHills
#Photography"
2026-09-22T05:14:14.823Z,u07,p3095,"A pleasure.
 Jason.
   💙🩶💙"
2026-09-22T05:13:10.572Z,u07,p3094,"Thank you Rob!
      🦢🧡🦢"
2026-09-22T05:12:03.827Z,u07,p3093,"Thank you Jason. Have a great Tuesday.
               🤍🖤🤍"
2026-09-22T05:11:22.066Z,u07,p3092,💚💛💚
2026-09-22T05:10:44.796Z,u07,p3091,"Thank you Jason.
        ♥️🌅🩷"
2026-09-21T21:02:53.135Z,u07,p3090,"Thank you.
  🖤🤍🖤"
2026-09-21T20:54:21.455Z,u07,p3089,"Thank you Aleesia.
       💙🩵💙"
2026-09-21T20:53:45.450Z,u07,p3088,"Seed Heads
#ClassicMono
#Monochrome
#Photography"
2026-09-21T20:47:50.989Z,u07,p3087,Beautiful photo Dorota!🧡
2026-09-21T20:20:51.950Z,u07,p3086,"Thank you Sue.
       🦢🧡🦢"
2026-09-21T19:18:01.063Z,u07,p3085,"Thank you Pam.
        🦢🧡🦢"
2026-09-21T18:04:11.722Z,u07,p3084,🖤♥️🖤
2026-09-21T18:03:46.637Z,u07,p3083,🦢🧡🦢
2026-09-21T18:03:07.964Z,u07,p3082,💚💙💚
2026-09-21T18:02:40.099Z,u07,p3081,"A pleasure.
 💚💙💚"
2026-09-21T18:02:03.070Z,u07,p3080,"Thank you Sue.
       🥾💚🥾"
2026-09-21T17:05:00.925Z,u07,p3079,🩷🌹🩷
2026-09-21T17:04:48.305Z,u07,p3078,🥾💚🥾
2026-09-21T17:04:23.319Z,u07,p3077,"Correction
#YorkshireDales"
2026-09-21T15:45:32.441Z,u07,p3076,🥾💚🥾
2026-09-21T15:45:12.977Z,u07,p3075,🌹🩷🌹
2026-09-21T15:44:13.886Z,u07,p3074,"Thank you Shantha.
You too.
             💚💛💚"
2026-09-21T15:42:57.663Z,u07,p3073,"Thank you.Have a great Monday Molly.
               🩷🌹🩷"
2026-09-21T13:54:45.796Z,u07,p3072,💚🤎💚
2026-09-21T12:58:49.898Z,u07,p3071,Great atmospheric photo Jason.💙
2026-09-21T12:55:23.284Z,u07,p3070,Beautiful Joy!🩷
2026-09-21T12:48:04.271Z,u07,p3069,"Have a great day too Jason.
              💙🩶💙"
2026-09-21T12:22:04.782Z,u07,p3068,"Looking into Gaping Ghyll, a landmark of the Yorkshire Dales & at the southern slope of Ingleborough. It is 322feet deep and has one of the largest known underground chambers in Britain.
#AlphabetChallenge
#LookingIn
#YorshireDales
#Landscape
#Photography"
2026-09-21T11:50:19.470Z,u07,p3067,"Thank you Glynis.
       🦢💙🦢"
2026-09-21T11:48:43.727Z,u07,p3066,"Thank you.
   ♥️🌅♥️"
2026-09-21T11:48:09.852Z,u07,p3065,Gorgeous photo Jason.💙
2026-09-21T11:45:02.986Z,u07,p3064,"I didn’t take many landscape or tree photos this morning apart from as a backdrop to this little one, my granddaughter.😊
#SurreyHills
#Trees
#Landscape
#Photography
#HumansofBlueSky
#Autumn"
2026-09-21T11:19:44.848Z,u07,p3063,"A pleasure Pam.
      🦌💚🦌"
2026-09-21T11:18:52.132Z,u07,p3062,♥️🌅♥️
2026-09-21T11:18:19.641Z,u07,p3061,🩷🌹🩷
2026-09-21T11:17:52.783Z,u07,p3060,🖤🍓🖤
2026-09-21T11:17:08.475Z,u07,p3059,"Thank you.
   💙🩶💙"
2026-09-21T11:15:27.614Z,u07,p3058,Beautiful!💙
2026-09-21T10:19:02.837Z,u07,p3057,Marvellous Pam.🤩
2026-09-21T10:15:56.509Z,u07,p3056,"Thank you Robert.
        🩷💚🩷"
2026-09-21T10:08:21.569Z,u07,p3055,"Beautiful blue sky behind one of my favourite trees on Hindhead Common this morning.
#BlueSkyMonday
#Trees
#SurreyHills
#Photography"
2026-09-21T10:04:22.129Z,u07,p3054,"Thank you.
   🦢💙🦢"
2026-09-21T08:41:15.383Z,u07,p3053,If you mean the insect. 💙
2026-09-21T08:40:06.573Z,u07,p3052,Dragonfly.🐲🪰😊
2026-09-21T06:57:28.233Z,u07,p3051,"Thank you Marjo.
       🦢🧡🦢"
2026-09-21T06:20:55.891Z,u07,p3050,"Thank you Natty.
      ♥️🌅♥️"
2026-09-21T06:20:04.694Z,u07,p3049,"Swan at Frensham Great Pond.
#BirdoftheDay
#LightandShadow
#FallBirds
#SurreyHills
#Swans
#Reflections
#Photography
#Autumn"
2026-09-21T06:16:15.918Z,u07,p3048,"Yes, and the weeds are loving it!"
2026-09-21T06:15:35.306Z,u07,p3047,"Thank you Wilma.
        ♥️🌅♥️"
2026-09-21T05:59:40.118Z,u07,p3046,"Tranquility at Frensham Great Pond on Saturday morning.
#SurreyHills
#BlueSkyMonday
#Landscape
#Photography
#Reflections"
2026-09-21T05:45:55.834Z,u07,p3045,"Thank you Saturn Star.
            ♥️🌅♥️"
2026-09-21T05:44:52.139Z,u07,p3044,"Thank you.
   🎨🩵🎨"
2026-09-21T05:43:47.245Z,u07,p3043,"Blackberries.
New blackberries growing on Friday, after most looked shrivelled and dead 2 weeks ago. 💦
#SensoryArt
#Fruit
#Photography"
2026-09-21T05:24:25.654Z,u07,p3042,🩵💙🩵
2026-09-21T05:23:53.405Z,u07,p3041,"A pleasure Breezie.
         🤎💙🤎"
2026-09-21T05:22:50.110Z,u07,p3040,"A pleasure.
  💙🖤💙"
2026-09-21T05:22:15.172Z,u07,p3039,"Thanks Luis 
   ♥️🌅♥️"
2026-09-21T05:21:40.154Z,u07,p3038,"A pleasure Elli.
     💛💙💛"
2026-09-21T05:17:29.570Z,u07,p3037,"Pink rose in the garden yesterday .
#ColorADay
#PinkMon
#Roses
#Flowers
#Bloomscrolling
#Photography"
2026-09-20T20:36:30.176Z,u07,p3036,"I’ve been a few times. It always looks different but really beautiful. How lovely to go there every week!
              🥾💙🥾"
2026-09-20T20:33:56.341Z,u07,p3035,"Thank you.
  ♥️🌅♥️"
2026-09-20T20:20:32.319Z,u07,p3034,🩵🤍🩵
2026-09-20T20:18:50.339Z,u07,p3033,Beautiful photo Ellie!🌅
2026-09-20T20:12:29.679Z,u07,p3032,Gorgeous photo!🩵
2026-09-20T20:10:21.096Z,u07,p3031,Lovely Dave! It looks like a painting.🩵
2026-09-20T19:58:56.370Z,u07,p3030,Wonderful photo!🩵
2026-09-20T19:56:58.168Z,u07,p3029,Amazing photo Breezie! 🩵
2026-09-20T19:53:54.662Z,u07,p3028,"September sunset in the Surrey Hills.
#Sunsets
#Skies
#SurreyHills
#Photography
#SundayYellow"
2026-09-20T19:31:01.662Z,u07,p3027,So lovely Breezie!🩵
2026-09-20T19:26:22.259Z,u07,p3026,💙🩷💙
2026-09-20T18:31:52.264Z,u07,p3025,"Merci beaucoup.
       💚🤎💚"
2026-09-20T17:56:44.908Z,u07,p3024,"Thank you Pam.
      💛🩷💛"
2026-09-20T17:55:54.684Z,u07,p3023,"Thank you.
   💛🩷💛"
2026-09-20T17:55:07.931Z,u07,p3022,"Thank you Molly.
      💚🤎💚"
2026-09-20T17:08:04.988Z,u07,p3021,Wonderful!🧡
2026-09-20T16:59:42.908Z,u07,p3020,"Thank you Sue.
      💜🧡💜"
2026-09-20T16:58:29.404Z,u07,p3019,"Thank you Sue.
       🕊️💚🕊️"
2026-09-20T16:06:52.209Z,u07,p3018,"My daughter in law has one similar called Tiger’s Eye. They had both at the garden centre when I bought this. I couldn’t resist the name Rhubarb and Custard. 
When I look at them both I think mine should be called Tiger’s Eye and hers Rhubarb and Custard."
2026-09-20T15:31:09.565Z,u07,p3017,"Thank you.
   🩵💚🩵"
2026-09-20T15:19:45.922Z,u07,p3016,"A pleasure Mairead.
         🩶🤍🩶"
2026-09-20T15:19:00.505Z,u07,p3015,"Raindrops on my rhubarb and custard rose which is flowering again 
#SundayYellow
#ColorADay
#OrangeSun
#Roses
#Flowers
#Bloomscrolling
#Photography"
2026-09-20T14:59:53.147Z,u07,p3014,Gorgeous! 🤍
2026-09-20T14:53:07.663Z,u07,p3013,"Thank you Shantha.
          💛🧡💛"
2026-09-20T14:52:20.905Z,u07,p3012,"Thank you Jason. Have a great rest of the day!
              💚💙💚"
2026-09-20T14:19:37.496Z,u07,p3011,"Thank you Molly. Hope your Sunday is great too.🧡
              🎨🐇🎨"
2026-09-20T14:18:09.682Z,u07,p3010,"A pleasure Jason.
         🧡💙🧡"
2026-09-20T14:17:20.391Z,u07,p3009,"A pleasure.
   💙💚💙"
2026-09-20T14:16:47.669Z,u07,p3008,"Thank you Jason.
       💛🧡💛"
2026-09-20T14:14:47.078Z,u07,p3007,"Thank you Pam.
      💜💙💜"
2026-09-20T13:21:20.911Z,u07,p3006,"Thank you Mairead.
         💚💙💚"
2026-09-20T13:20:13.769Z,u07,p3005,"Thank you Luis.
     🧡🌅🧡"
2026-09-20T13:19:16.048Z,u07,p3004,"Thank you.
   🧡💛🧡"
2026-09-20T12:13:36.727Z,u07,p3003,Lovely reflection Marjo! 💚
2026-09-20T12:10:47.220Z,u07,p3002,"Frensham Pond yesterday.
#SurreyHills
#Landscape
#Photography"
2026-09-20T12:02:21.952Z,u07,p3001,Beautiful! 💙♥️
2026-09-20T12:00:58.533Z,u07,p3000,"Thank you.
  🧡🌅🧡"
2026-09-20T11:58:21.155Z,u07,p2999,"Thank you.
  🩶🤍🩶"
2026-09-20T11:57:34.841Z,u07,p2998,"Thanks AnnaLois.
       💛🧡💛"
2026-09-20T11:17:18.314Z,u07,p2997,That’s kind of you to say Mike.🙏🏻
2026-09-20T10:17:24.484Z,u07,p2996,"Thank you.
  💛🧡💛"
2026-09-20T10:16:21.518Z,u07,p2995,🛡️🧡🛡️
2026-09-20T10:15:31.690Z,u07,p2994,"Thank you Rob.
       🕊️🧡🕊️"
2026-09-20T10:14:24.383Z,u07,p2993,"Thanks Robert.
      💚🧡💚"
2026-09-20T10:13:53.977Z,u07,p2992,"Thank you.
   🧡🌅🧡"
2026-09-20T09:16:43.517Z,u07,p2991,"Memory of dad
Who grew these with care and love.
Prize Chrysanthemums.

My haiku verse for #PaintbyWords
#Chrysanthemums
and a very old photo of my father’s Chrysanthemums.
#ImageandVerse
#Flowers"
2026-09-20T08:13:53.324Z,u07,p2990,"“Spread out! Spread out! We don’t want the gulls to think they own the place!”
#BirdoftheDay
#CaptionThatBird
#WestSussex
#Landscape
#Photography"
2026-09-20T07:55:13.324Z,u07,p2989,"Knight brandishing a sword and  a horse in shining armour at The Wallace Collection in London.
#AlphabetChallenge
#WeekKforKn
#Photography"
2026-09-20T07:51:19.204Z,u07,p2988,"Light and shade with tall Silver Birches in Linchmere, West Sussex.
#Trees
#WestSussex
#Stunday
#Landscape
#Photography"
2026-09-20T07:33:56.062Z,u07,p2987,"Heather, bracken and tall trees in the Surrey Hills yesterday.
#SurreyHills
#Stunday
#Landscape
#Photography"
2026-09-20T06:40:27.789Z,u07,p2986,"Thank you. 
   🧡⛪️🧡"
2026-09-20T06:39:42.464Z,u07,p2985,"A pleasure Skinskin.
          🩷💛🩷"
2026-09-20T06:38:48.161Z,u07,p2984,"Thank you.
   🎨🧡🎨"
2026-09-20T06:38:08.712Z,u07,p2983,🎨🐇🎨
2026-09-20T06:16:05.645Z,u07,p2982,🧡🌅🧡
2026-09-20T06:15:36.186Z,u07,p2981,🥾💚🥾
2026-09-20T06:13:19.314Z,u07,p2980,"Thank you Natty.🧡
       🎨🐇🎨"
2026-09-19T20:36:51.058Z,u07,p2979,"A September sunset in the Surrey Hills.
#BlueSkyArtShow
#Golden
#Skies
#SurreyHills
#Photography"
2026-09-19T19:33:43.004Z,u07,p2978,"Thank you Dwight.
         🎨🐇🎨"
2026-09-19T19:32:08.189Z,u07,p2977,"A pleasure.
   💙🌅💙"
2026-09-19T19:30:31.628Z,u07,p2976,That’s great.😁
2026-09-19T18:57:24.929Z,u07,p2975,"Thank you Molly. I hope you have had a good Saturday.
               🍃💙🍃"
2026-09-19T18:56:27.197Z,u07,p2974,🦢🧡🦢
2026-09-19T18:54:27.633Z,u07,p2973,Lovely Deano.🌅
2026-09-19T18:47:10.257Z,u07,p2972,Great colours Jason. 🧡
2026-09-19T18:13:13.192Z,u07,p2971,"Thank you.
   🧡⛪️🧡"
2026-09-19T15:48:46.948Z,u07,p2970,"Thank you Jan.
      🎨🐇🎨"
2026-09-19T15:47:18.122Z,u07,p2969,"I love staying in the Yorkshire Dales but prefer somewhere with a roof.😉
Thank you.
   🥾💚🥾"
2026-09-19T15:33:11.658Z,u07,p2968,"Thank you Jason.
        🎨🐇🎨"
2026-09-19T15:32:06.998Z,u07,p2967,"Thank you
   🍁💙🍁"
2026-09-19T15:23:11.962Z,u07,p2966,"St Christopher’s Church, an Arts and Crafts Church, in the Surrey Hills.
1 With an autumnal red and gold tree.
2 Bell tower lit up by sunset.
3 Golden flower display.
4 Flowers & stained glass window.
#BlueSkyArtShow
#Golden
#Churches
#SurreyHills
#Photography
#SteepleSaturday
#Flowers"
2026-09-19T14:23:09.215Z,u07,p2965,"I went there today and there were no swans. So I went to the smaller pond, still a lake really, and there were two swans in the far distance. They started to swim in my direction but after I looked down to untangle myself from brambles they had disappeared!
Thank you 🦢"
2026-09-19T14:19:05.179Z,u07,p2964,"A pleasure Shantha.
          🦋🤎🦋"
2026-09-19T14:18:26.754Z,u07,p2963,🥾🍁🥾
2026-09-19T14:15:40.400Z,u07,p2962,"Thank you Jason. Have a great Saturday too.💙
              🍃🍁🍃"
2026-09-19T14:13:53.710Z,u07,p2961,"Thank you.
   🎨🐇🎨"
2026-09-19T13:19:02.409Z,u07,p2960,"Thank you Rob.
      🦢🧡🦢"
2026-09-19T13:00:55.662Z,u07,p2959,"It really is. I go there often and now it has a new restaurant probably even more.😀
              🪾🧡🪾"
2026-09-19T12:59:02.877Z,u07,p2958,"Thank you Franceflo.
          🦢🧡🦢"
2026-09-19T12:56:32.547Z,u07,p2957,"Thanks Marjo.
     🎨🐇🎨"
2026-09-19T12:55:18.697Z,u07,p2956,"Thank you Marjo.
       🦢🧡🦢"
2026-09-19T11:29:29.867Z,u07,p2955,"When I visit Winkworth Arboretum I always go either up or down these steep Azalea Steps. In May the azaleas surrounding the steps are stunning and in autumn a great variety of trees incl. many acers/maples provide the colour.
#BlueSkyArtShow
#Golden
#Trees
#SurreyHills
#Landscape
#Photography"
2026-09-19T11:13:28.112Z,u07,p2954,"Thank you.
   🎨🐇🎨"
2026-09-19T11:13:02.389Z,u07,p2953,"Thank you Robert.
        🦢🧡🦢"
2026-09-19T11:11:59.651Z,u07,p2952,"Autumn afternoon sun at Parklands Lake in Essex.
#BlueSkyArtShow
#Golden
#Trees
#Reflections
#Landscape
#Photography"
2026-09-19T10:38:51.487Z,u07,p2951,🌹🧡🌹
2026-09-19T10:38:36.958Z,u07,p2950,"A pleasure Marjo.
        🦢🖤🦢"
2026-09-19T10:37:26.101Z,u07,p2949,"Thank you Robert.
         🧡🥾🧡"
2026-09-19T10:35:54.071Z,u07,p2948,"A pleasure Marjo.
         💙🌅💙"
2026-09-19T10:35:09.544Z,u07,p2947,"A pleasure.
   🕊️💙🕊️"
2026-09-19T10:34:19.233Z,u07,p2946,"Thank you.
   🦢🧡🦢"
2026-09-19T10:33:29.471Z,u07,p2945,"Thank you Audrey.🧡
          🎨🐇🎨"
2026-09-19T07:36:58.705Z,u07,p2944,Gorgeous Marjo. 🦢
2026-09-19T07:28:33.771Z,u07,p2943,Beautiful Marjo.🌅
2026-09-19T07:11:39.301Z,u07,p2942,Wonderful photo Shantha.🦋
2026-09-19T07:05:14.733Z,u07,p2941,Fantastic photo! 🌹
2026-09-19T06:59:55.689Z,u07,p2940,Wonderful set of photos Rob.🕊️💙
2026-09-19T06:53:12.617Z,u07,p2939,"An elegant swan on Frensham Great Pond in the Surrey Hills.
#BirdoftheDay
#Elegant
#Swans
#BlueSkyArtShow
#Golden
#Reflections
#SurreyHills
#Photography"
2026-09-19T06:31:51.018Z,u07,p2938,Oh yes! 😊
2026-09-19T06:20:25.716Z,u07,p2937,"I painted a golden splatter painting of a hare
yesterday.
The hare is painted in acrylic and the splatters are watercolour.
#BlueSkyArtShow
#Golden
#Abstractia
#splatter
#MixedMedia
#AcrylicPainting
#WatercolourPainting
#WatercolorPainting
#Art"
2026-09-19T06:08:18.650Z,u07,p2936,"Yes, they are oaks. Thank you Alina.
               🤎💚🤎"
2026-09-19T06:06:15.649Z,u07,p2935,"Gold reflection of the fells at BleaTarn, Lake District.
#BlueSkyArtShow
#Golden
#Reflections
#LakeDistrict
#Landscape
#Photography"
2026-09-18T21:04:40.494Z,u07,p2934,🐑🍏🐑
2026-09-18T21:03:57.294Z,u07,p2933,"A pleasure Pam.
       💚🌳💚"
2026-09-18T21:02:49.620Z,u07,p2932,"Thank you Alina. I love colour but have really learnt to appreciate black and white photos since seeing beautiful b&w photos on bsky. Definitely learning, but I think I’m gradually improving at picking the right scene for black and white!
               🖤🤍🖤"
2026-09-18T20:58:18.844Z,u07,p2931,"Thank you Luis.
       💐💜💐"
2026-09-18T20:57:07.178Z,u07,p2930,🐑💚🐑
2026-09-18T20:55:27.681Z,u07,p2929,"Thank you Alina.
        🍃💚🍃"
2026-09-18T20:54:05.397Z,u07,p2928,Thank you.🌅
2026-09-18T19:43:18.137Z,u07,p2927,Great photo!💚
2026-09-18T18:50:32.533Z,u07,p2926,"Thank you.
    💚🤎💚"
2026-09-18T17:47:52.441Z,u07,p2925," Thank you.
🩷💜🧡💜🩷"
2026-09-18T17:46:51.605Z,u07,p2924,"Thank you.
  🎨💜🎨"
2026-09-18T15:50:54.512Z,u07,p2923,"Linchmere in West Sussex before autumn fully sets in.
#Scape
#Treescape
#Trees
#ForestFriday
#WestSussex
#Photography"
2026-09-18T15:17:57.615Z,u07,p2922,So beautiful Alina!💙
2026-09-18T15:11:53.067Z,u07,p2921,"On my morning walk today I came upon this peaceful scene of sheep in an orchard at Swan Barn Farm in the Surrey Hills.
#Sheep
#Scape
#Landscape
#SurreyHills
#Photography"
2026-09-18T15:01:44.018Z,u07,p2920,"Thank you Shantha.
         💐💜💐"
2026-09-18T14:52:25.929Z,u07,p2919," Thank you
🩷💜🧡💜🩷"
2026-09-18T14:26:04.978Z,u07,p2918,"Thank you.
   💐💜💐"
2026-09-18T14:25:30.288Z,u07,p2917,"Thank you Jules.
        🥾💙🥾"
2026-09-18T14:24:50.754Z,u07,p2916," Thank you.
🩷🧡💜🧡🩷"
2026-09-18T14:24:06.927Z,u07,p2915,"Thank you Molly. Have a great weekend!
               🖤🤍🖤"
2026-09-18T14:23:08.105Z,u07,p2914,"Well that got my attention.😊
Thank you.
🩷🧡💜🧡🩷"
2026-09-18T12:24:20.688Z,u07,p2913,"Thank you.
   💐💜💐"
2026-09-18T12:23:56.604Z,u07,p2912,"A pleasure Rien.
      ♥️🐝♥️"
2026-09-18T12:23:06.370Z,u07,p2911,It should have said particularly!
2026-09-18T12:22:14.798Z,u07,p2910,"They really do.
     🍃💜🍃"
2026-09-18T12:21:07.844Z,u07,p2909,"Apleasure. It’s wonderful Craig.
            🧡🤎🧡"
2026-09-18T12:19:08.696Z,u07,p2908,"Thanks Pam.
     💐💜💐"
2026-09-18T12:18:26.245Z,u07,p2907,"Thank you Pam.
       🍃💚🍃"
2026-09-18T12:17:46.478Z,u07,p2906,"Thank you so much. 
Hope that you and your family have a great Friday and weekend Jason.
              💐💜💐"
2026-09-18T12:16:12.782Z,u07,p2905,Lovely particle purple berries. 💜
2026-09-18T12:10:53.647Z,u07,p2904,"Thank you.💚
    🍃🍁🍃"
2026-09-18T12:09:53.318Z,u07,p2903,"Thank you Jason.
        🪾💚🪾"
2026-09-18T12:09:07.199Z,u07,p2902,"Thanks Audrey.
     💜🧡💜"
2026-09-18T12:07:29.975Z,u07,p2901,"😂
Thanks Jason
     ♥️👊♥️"
2026-09-18T10:30:50.927Z,u07,p2900,"Thank you Marjo.🥾
         🖤🤍🖤"
2026-09-18T10:29:58.118Z,u07,p2899,"Thank you Robert.
    🩷🧡💜🧡🩷"
2026-09-18T10:28:44.237Z,u07,p2898,🍂💜🍂
2026-09-18T10:28:26.463Z,u07,p2897,"Thank you.🧡
   🍂🍃🍂"
2026-09-18T10:27:49.436Z,u07,p2896,"A pleasure Den.
      💚🤎💚"
2026-09-18T10:27:12.972Z,u07,p2895,"Thank you Robert.
       🖤🤍🖤"
2026-09-18T10:26:35.287Z,u07,p2894,"Posy in a little jar. Flowers and berries picked from the garden this morning.
#Flowers
#FloralFriday
#FlowersonFriday
#Bloomscrolling
#Photography
#PurpleFriday"
2026-09-18T08:03:08.185Z,u07,p2893,Beautiful Den. 🤎
2026-09-18T07:09:21.709Z,u07,p2892,"Thank you Rob.
       🤍🖤🤍"
2026-09-18T06:52:37.461Z,u07,p2891,Thank you for this insight into something I was not aware of.
2026-09-18T06:47:37.948Z,u07,p2890,"A pleasure Elma. Your photos of the Yorkshire Dales are lovely.
             🥾💚🥾"
2026-09-18T06:45:41.544Z,u07,p2889,"They really shine, thank you.
      💜🩷🧡"
2026-09-18T06:41:49.860Z,u07,p2888,I can really relate to this poem Brian.✍🏻
2026-09-18T06:25:56.166Z,u07,p2887,"A September walk in the Surrey Hills.
#ColorADay
#BWFri
#Scape
#Landscape
#Treescape
#ForestFriday
#SurreyHills
#Photography"
2026-09-18T06:12:59.371Z,u07,p2886,Gorgeous photo Rien.♥️
2026-09-18T06:09:10.623Z,u07,p2885,Beautiful Elma.💙
2026-09-18T05:55:06.447Z,u07,p2884," Scots Pine tree framed by horse chestnut leaves at the Church in the Woods, West Sussex this week.
#Scape
#Treescape
#ForestFriday
#WestSussex
#Photography"
2026-09-18T05:46:31.469Z,u07,p2883,"Lilac wild cyclamen amongst autumn leaves and tree roots this week.
#Flowers
#FloralFriday
#PurpleFriday
#FlowersonFriday
#Bloomscrolling
#Photography"
2026-09-18T05:38:32.115Z,u07,p2882,Possibly because it is a statue from 1830s and he was likely a real person.
2026-09-18T05:33:48.310Z,u07,p2881,Beautiful photograph.🧡
2026-09-18T05:32:19.536Z,u07,p2880,"CHRYSANTHEMUM 
Blooms of hope and joy.
A miriad of colours
Sign of better times.🕊️
#PaintByWords
#Chrysanthemum
#FlowersonFriday
#FloralFriday
#Flowers
#Bloomscrolling
#Photography
My haiku poem and photo of chrysanthemums."
2026-09-18T05:30:03.124Z,u07,p2879,🖤🩶🖤
2026-09-18T05:29:28.751Z,u07,p2878,"Thank you Belle.
       🎨💜🎨"
2026-09-18T05:28:06.545Z,u07,p2877,"It is wonderful. Thank you.
             🪾💚🪾"
2026-09-18T05:26:33.130Z,u07,p2876,"A pleasure Audrey.
          💜🕊️💜"
2026-09-18T05:25:44.210Z,u07,p2875,♥️🌅♥️
2026-09-18T05:24:33.970Z,u07,p2874,"Thank you Aleesia.
         🥾💙🥾"
2026-09-18T05:23:49.595Z,u07,p2873,💛💜💛
2026-09-17T21:06:39.797Z,u07,p2872,"Thank you Rob.
      🦆🧡🦆🦆🦆🦆🦆"
2026-09-17T20:46:41.673Z,u07,p2871,"Thank to you Natty.
        🦆🧡🦆🦆🦆🦆🦆"
2026-09-17T20:26:09.087Z,u07,p2870,They do.😊
2026-09-17T20:24:56.511Z,u07,p2869,🎨💙🩵💜🩵💙🎨
2026-09-17T20:20:38.959Z,u07,p2868,🪾🧡🪾
2026-09-17T20:19:49.754Z,u07,p2867,💙🌅💙
2026-09-17T20:19:06.286Z,u07,p2866,"A pleasure John.
        🦋🧡🦋"
2026-09-17T20:17:45.191Z,u07,p2865,"Thank you so much Joanie.
              🎨💜🎨"
2026-09-17T20:15:24.104Z,u07,p2864,💙🦋💙
2026-09-17T19:19:48.123Z,u07,p2863,"Sunset and the moon in the Surrey Hills tonight.
#Sunsets
#Skies
#SurreyHills
#Photography"
2026-09-17T19:01:42.093Z,u07,p2862,His knees are at eye level as he is a very large statue and is on a plinth. He has quite a presence!
2026-09-17T18:11:28.557Z,u07,p2861,🩵🙏🏻🩵
2026-09-17T18:01:56.110Z,u07,p2860,Beautiful Breezie and I love sunsets and can get lost gazing at them. 🌅🫶🏻
2026-09-17T17:53:12.149Z,u07,p2859,So lovely and so clever to put these two places together from opposite ends of England!🤍
2026-09-17T17:48:21.014Z,u07,p2858,🤍♥️🤍
2026-09-17T17:47:54.456Z,u07,p2857,"A pleasure.🦋
    🌸💛🌸"
2026-09-17T17:47:13.029Z,u07,p2856,"Thanks Luis.
    🪾🧡🪾"
2026-09-17T16:40:19.222Z,u07,p2855,"It is lovely!
   🪾🚪🪾"
2026-09-17T16:39:33.697Z,u07,p2854,💚🤎💚
2026-09-17T16:11:36.055Z,u07,p2853,Gorgeous!🦋
2026-09-17T16:09:31.850Z,u07,p2852,"A pleasure Soph.👋🏻
       🩶💛🩶"
2026-09-17T16:08:10.943Z,u07,p2851,💚♥️💚
2026-09-17T16:07:44.235Z,u07,p2850,"Thank you Robert.🧡
        🪾🚪🪾"
2026-09-17T16:06:47.370Z,u07,p2849,"A pleasure Marjo.
        🤍🩶🤍"
2026-09-17T16:03:09.062Z,u07,p2848,I think you are going to have to make a trip to the Sock Shop.😂
2026-09-17T16:00:51.544Z,u07,p2847,Lovely Skinskin.💛🌸
2026-09-17T15:51:34.496Z,u07,p2846,Incredible photo!🦋
2026-09-17T15:50:12.828Z,u07,p2845,It looks like it.😂 I often do!
2026-09-17T15:48:43.892Z,u07,p2844,I love this Shantha!🩵
2026-09-17T15:47:31.638Z,u07,p2843,"Knock Out with Bare Knuckles! 
1828 marble statue in Petworth House named Athleta Britannicus.
A bare-knuckle  British boxer who may represent Tom Cribb.(See ALT)
#Statues
#Sculptures
#AlphabetChallenge
#WeekKforKn
#HistoricHouses
#Photography"
2026-09-17T15:10:02.081Z,u07,p2842,Gorgeous Soph! 💛
2026-09-17T15:07:51.039Z,u07,p2841,"I’ve been to Standen but unfortunately didn’t take any photos there. I have quite a few William Morris designs at home. Here are a few. 
I missed a trick there!😊"
2026-09-17T14:56:19.102Z,u07,p2840,Fantastic Alina. I love that blue.💙
2026-09-17T14:54:56.819Z,u07,p2839,"I particularly love the woman’s dress matching the painting.
I couldn’t think of anything yesterday evening, then I thought there must be something at Hever. I could easily have been stumped today!
              🧡🤎🧡"
2026-09-17T14:51:20.799Z,u07,p2838,Really beautiful Audrey.💜
2026-09-17T14:47:36.329Z,u07,p2837,Excellent!🧡
2026-09-17T14:41:43.560Z,u07,p2836,"Thank you Jason. Hope you are having a great Thursday.
             💛🤍💛"
2026-09-17T14:20:02.909Z,u07,p2835,"Thank you Jason.
         🎨💜🎨"
2026-09-17T13:49:42.549Z,u07,p2834,"The north door at St Edward’s Church, Stow-on-the-Wold, Cotswolds, has an ancient and knobbly yew tree on each side of the door. It is thought it may have inspired Tolkien for “Doors of Durin.”
#AdoorableThursday
#AlphabetChallenge
#WeekKforKn
#Trees
#Churches
#Literature
#Photography
#Cotswolds"
2026-09-17T12:45:54.635Z,u07,p2833,🤩 Brilliant!
2026-09-17T12:43:57.641Z,u07,p2832,"Thank you very much Molly. Have a great Thursday.
              ♥️🧡♥️"
2026-09-17T12:29:58.217Z,u07,p2831,Well luckily there were two. I planted the roots of the one that broke and the top is in a jar of water. 😂You never know it might grow.
2026-09-17T12:23:23.001Z,u07,p2830,"Snowshill is a must visit for us when we go to the Cotswold.
Thank you
               ♥️🧡♥️"
2026-09-17T12:21:48.014Z,u07,p2829,"Thank you AnnaLois.
         💜🧡💜"
2026-09-17T12:20:30.426Z,u07,p2828,"Thank you Jan.
      🎨💜🎨"
2026-09-17T12:18:44.144Z,u07,p2827,"Thank you Pam. 💜
I’ve just been planting 24 winter flowering mixed coloured pansies. I searched at the garden centre  making sure I had some orange ones amongst them, after seeing your orange pansies they are my favourites. Guess which one broke from its roots when I took it out of its planter?!?🧡😔🧡"
2026-09-17T12:12:53.084Z,u07,p2826,"Thank you.
   ♥️💚♥️"
2026-09-17T12:12:15.734Z,u07,p2825,🤍🌼🤍
2026-09-17T12:11:39.420Z,u07,p2824,"Thanks Robert.
      ⛵️🩵⛵️"
2026-09-17T12:10:58.903Z,u07,p2823,"Thank you.
   🩷🧡🩷"
2026-09-17T12:10:25.654Z,u07,p2822,"Thank you Robert.
        💜🧡💜"
2026-09-17T09:10:39.847Z,u07,p2821,"Gazanias in the garden with raindrops and one containing a little pool of water.
#ColorADay
#YellowThu
#Flowers
#Bloomscrolling
#Photograohy"
2026-09-17T08:39:42.569Z,u07,p2820,"A pleasure.
   🤎🩶🤎"
2026-09-17T08:38:56.367Z,u07,p2819,"A pleasure Marjo.
        🦉🤎🦉"
2026-09-17T08:38:10.014Z,u07,p2818,"Thank you.
🦆🧡🦆🦆🦆🦆🦆🦆"
2026-09-17T07:52:17.296Z,u07,p2817,"Red and Gold at Snowshill in the Cotswolds.
Red telephone box and golden Cotswold stone of St Barnabus Church. Red and gold dahlias in Snowshill Manor Gardens
#Palacesandgardens
#PompAndPatterns
#Flowers
#Dahlias
#Churches
#Cotswolds
#HistoricBuildings
#Photography"
2026-09-17T07:29:43.526Z,u07,p2816,That’s a beauty Marjo!🦉
2026-09-17T07:28:24.835Z,u07,p2815,Great photo Malcolm.🤎
2026-09-17T07:16:04.249Z,u07,p2814,"Thank you Graham.
       💚♥️💚"
2026-09-17T07:08:39.516Z,u07,p2813,"Thank you Rob.
       💜🩵💜"
2026-09-17T07:06:43.995Z,u07,p2812,"Thanks AnnaLois.
       ♥️💚♥️"
2026-09-17T06:56:17.463Z,u07,p2811,"A pleasure Jules, you too.
             🌫️💚🌫️"
2026-09-17T06:55:16.381Z,u07,p2810,"Thank you Alina.
       ♥️💛♥️"
2026-09-17T06:53:09.155Z,u07,p2809,"Purple and Gold
The costume, with gold embroidery, worn by Henry VIII’s third wife Jane Seymour in the TV programme Wolf Hall
and an area of the Italianate Garden with a lattice design gold window, at Hever Castle.
#PalacesandGardens
#PompandPatterns
#HistoricBuildings
#Gardens
#Kent
#Photography"
2026-09-17T06:30:57.252Z,u07,p2808,"Ducks in the Cotswolds.
#BirdoftheDay
#ODG
#Cotswolds
#Ducks
#Photography
#Villages"
2026-09-17T06:11:56.532Z,u07,p2807,Great atmospheric photo Jules.🌫️
2026-09-17T06:10:00.977Z,u07,p2806,"Yachts and Knots
#Suffolk
#AlphabetChallenge
#WeekKforKn
#Boats
#Phototography"
2026-09-17T06:02:42.928Z,u07,p2805,"Virginia creeper on the walls of Hever Castle and a curtain by a spiral staircase inside.
#PalacesandGardens
#PompandPatterns
#Kent
#HistoricBuildings
#Castles
#Photography"
2026-09-16T20:17:52.239Z,u07,p2804,"Thank you Robert.
         🩶🤎🩶"
2026-09-16T19:50:46.274Z,u07,p2803,♥️💚♥️
2026-09-16T19:48:56.279Z,u07,p2802,"Thank you
  🎨💜🎨"
2026-09-16T18:48:22.001Z,u07,p2801,♥️💛♥️
2026-09-16T18:48:00.964Z,u07,p2800,🎨💜🎨
2026-09-16T18:47:37.760Z,u07,p2799,"They are great!
       🩶🤎🩶"
2026-09-16T18:45:50.382Z,u07,p2798,💙🕊️💙
2026-09-16T17:40:12.982Z,u07,p2797,"Thank you Wouter Black and White.
              🎨💜🎨"
2026-09-16T17:38:25.663Z,u07,p2796,"Thank you Robyn.
         🎨💜🎨"
2026-09-16T17:37:44.411Z,u07,p2795,♥️💚♥️
2026-09-16T17:37:20.756Z,u07,p2794,"Thank you.
   ♥️💛♥️"
2026-09-16T17:36:46.447Z,u07,p2793,💙❤️💙
2026-09-16T15:54:13.792Z,u07,p2792,Beautiful Mel.💙🕊️
2026-09-16T15:51:41.091Z,u07,p2791,"After having about two months of drought here it’s fantastic seeing raindrops and showers.
            🌹💦🌹"
2026-09-16T15:49:21.163Z,u07,p2790,"Two kneeling alabaster figures in St Andrew’s Church near West Dean Gardens, West Sussex. They are the son and grandson of the Elizabethan judge Richard Lewknor. These two figures, also called Richard, survived a fire in the church.
#AlphabetChallenge
#WeekKforKn
#Churches
#WestSussex
#Photography"
2026-09-16T15:27:41.318Z,u07,p2789,"Thank you Shantha.
          ❤️💛❤️"
2026-09-16T14:09:36.616Z,u07,p2788,"Thank you Pam.
       🎨💜🎨"
2026-09-16T13:36:37.650Z,u07,p2787,"Thank you Jules.
         🎨💜🎨"
2026-09-16T13:18:57.288Z,u07,p2786,"Have a great Wednesday too Jason.
Thank you.
              🌹💦🌹"
2026-09-16T13:16:01.988Z,u07,p2785,🌹💦🌹
2026-09-16T12:57:30.600Z,u07,p2784,Lovely Molly!🧡
2026-09-16T12:42:54.594Z,u07,p2783,🛡️🩶🛡️
2026-09-16T12:42:10.133Z,u07,p2782,🌹💦🌹
2026-09-16T12:41:44.058Z,u07,p2781,"You too Molly.
Thank you.
     🥾🧡🥾"
2026-09-16T12:39:41.882Z,u07,p2780,"Thank you Pam.
      🌹💦🌹"
2026-09-16T12:36:42.063Z,u07,p2779,🌹💦🌹
2026-09-16T12:36:12.359Z,u07,p2778,"Thank you.
    ❤️🧡❤️"
2026-09-16T12:35:30.645Z,u07,p2777,"A pleasure Jules. Hope you have a great Wednesday too.
               💙🦢💙"
2026-09-16T12:33:59.328Z,u07,p2776,"My abstract kingfisher splatter painting.
#Abstractia
#Splatter
#AcrylicPainting
#WatercolourPainting
#WatercolorPainting
#MixedMedia"
2026-09-16T11:38:17.730Z,u07,p2775,"Thank you Robert.
          🥾🧡🥾"
2026-09-16T11:37:10.839Z,u07,p2774,"Thank you Marjo.
       🌹🩷🌹"
2026-09-16T09:06:16.364Z,u07,p2773,Beautiful!💙🧡
2026-09-16T06:24:31.389Z,u07,p2772,Beautiful photo Jules.💙
2026-09-16T06:10:49.098Z,u07,p2771,"Red rose in the garden with the sun shining and after a rain shower. 
#RoseWednesday
#Roses
#ColorADay
#RedWed
#Flowers
#Bloomscrolling
#Photography"
2026-09-16T05:52:50.213Z,u07,p2770,"Shining red and gold,
Concave in its waxy form,
This Chrysanthemum.
#PaintByWords
#Chrysanthemum
#RedWednesday
#Flowers
#ColorADay
#RedWed
#Photography
My haiku poem and a photo of a red and gold Chrysanthemum with hypericum berries ."
2026-09-16T05:46:56.269Z,u07,p2769,"Two hikers, with knapsacks, one autumn at Blea Tarn in the Lake District.
#AlphabetChallenge
#WeekKforKn
#LakeDistrict
#Landscape
#Autumn
#Fall
#Photography"
2026-09-16T05:32:32.600Z,u07,p2768,"Thank you.
   💚🧡💚"
2026-09-16T05:31:16.014Z,u07,p2767,🩷🤍🩷
2026-09-15T20:33:28.589Z,u07,p2766,"Thank you Natty. It made getting up early today worth it.
             🩷🩵🩷"
2026-09-15T20:29:47.955Z,u07,p2765,Beautiful photo Shantha. 🩷
2026-09-15T20:19:15.421Z,u07,p2764,"Thank you so much Jason.
              🩵💚🩵"
2026-09-15T20:18:05.652Z,u07,p2763,"Thank you.
   🛡️🩶🛡️"
2026-09-15T20:16:54.514Z,u07,p2762,"A pleasure Jason.
       🩵🩷🩵"
2026-09-15T20:08:55.985Z,u07,p2761,"Thanks Robert.
    ❤️💚❤️"
2026-09-15T18:02:40.345Z,u07,p2760,"Have a great day too Shanta.
              🩷🌅🩷"
2026-09-15T18:01:45.792Z,u07,p2759,💚❤️💚
2026-09-15T18:00:59.634Z,u07,p2758,Thank you.
2026-09-15T17:33:15.273Z,u07,p2757,"I can see what you mean even though Hidcote is a garden inspired by the Arts and Crafts movement.
               💚❤️💚"
2026-09-15T17:08:45.480Z,u07,p2756,💙🍁💙
2026-09-15T17:08:11.060Z,u07,p2755,"…and so lucky I snapped it last week in time for the Alphabet Challenge. 😊
Thank you Jules.
              💚🪾💚"
2026-09-15T17:05:51.315Z,u07,p2754,🌸🌅🌸
2026-09-15T17:03:39.463Z,u07,p2753,💚❤️💚
2026-09-15T17:03:17.728Z,u07,p2752,"It was worth getting up early today to catch this!
Thank you Molly. 
              🩷🌅🩷"
2026-09-15T17:01:55.672Z,u07,p2751,"Thank you Molly. Hope you are having a great day.
             💚🪾💚"
2026-09-15T15:13:22.668Z,u07,p2750,"Thank you Pam.
      🍁❤️🍁"
2026-09-15T15:12:35.932Z,u07,p2749,💙⛪️💙
2026-09-15T15:07:10.326Z,u07,p2748,"Hope your day is great too.
Thank you Jason.
           💚💛💚"
2026-09-15T14:45:35.306Z,u07,p2747,"Thank you so much Jason.
            🎨🏺🎨"
2026-09-15T12:44:32.325Z,u07,p2746,"Thanks Marjo.
      💚🍁💚"
2026-09-15T12:43:07.649Z,u07,p2745,"Thank you Pam.
      🎨🏺🎨"
2026-09-15T12:42:27.910Z,u07,p2744,🩷🌅🩷
2026-09-15T12:12:17.790Z,u07,p2743,Lovely Jason.🩷
2026-09-15T12:10:57.072Z,u07,p2742,"Nearly knotted tree branches at Hidcote Gardens in the Cotswolds.
#AlphabetChallenge
#WeekKforKn
#Gardens
#Cotswolds
#Trees
#Autumn
#Fall
#Photography"
2026-09-15T11:49:13.702Z,u07,p2741,"Knight and horse in shining armour at The Wallace Collection, London.
#AlphabetChallenge
#WeekKforKn
#Photography"
2026-09-15T11:45:25.202Z,u07,p2740,They did Mel. 😊🩷
2026-09-15T11:44:08.869Z,u07,p2739,Fantastic atmosphere!💚
2026-09-15T11:42:42.748Z,u07,p2738,"Thank you very much Gina.
            🎨🏺🎨"
2026-09-15T10:29:27.741Z,u07,p2737,"Thank you Robert.
        🎨🏺🎨"
2026-09-15T08:39:43.435Z,u07,p2736,💚🍁💚
2026-09-15T08:38:58.613Z,u07,p2735,"Thank you Robertjeff.
          💚🪾💚"
2026-09-15T07:02:46.678Z,u07,p2734,A bit of luck that I took a photo of a knobbly tree last week when the alphabet challenge this week was kn.😊
2026-09-15T06:51:39.624Z,u07,p2733,"They are often so beautiful inside and out. 
I think they also give a sense of peace when you go inside whether you are religious or not.
               🩷💚🩷"
2026-09-15T06:23:05.347Z,u07,p2732,"Thank you Sue.
🦆🤎🦆🦆🦆🦆🦆🦆🦆🦆"
2026-09-15T06:22:29.604Z,u07,p2731,"Thank you Liam.
       💙🌅💙"
2026-09-15T06:21:57.092Z,u07,p2730,💙🏡💙
2026-09-15T06:21:06.135Z,u07,p2729,"A pleasure.
   🐝🤍🐝"
2026-09-15T06:20:36.675Z,u07,p2728,"Thank you Pam.
       🩷💚🩷"
2026-09-15T06:18:44.860Z,u07,p2727,"They are so lovely!
         🦌💚🦌"
2026-09-15T05:54:44.211Z,u07,p2726,"Trees turning autumnal yesterday in the churchyard of St Luke’s Church, the Church in the Woods, West Sussex.
#Trees
#Autumn
#Fall
#WestSussex
#Photography"
2026-09-15T05:44:48.670Z,u07,p2725,"My abstract splatter watercolour painting of pots.
#Abstractia
#Splatter
#ColorADay
#BlueTue
#WatercolourPainting
#WatercolorPainting
#AbstractArt
#Lineandwash"
2026-09-15T05:39:28.868Z,u07,p2724,"Knobbly tree at Waggoners Wells in the Surrey Hills.
#ThickTrunkTuesday
#AlphabetChallenge
#WeekKforKn
#Trees
#Photography"
2026-09-15T05:33:59.054Z,u07,p2723,"Sunrise in the Surrey Hills now.
#Sunrise
#Skies
#SurreyHills
#Photography"
2026-09-14T20:44:49.011Z,u07,p2722,🦆🧡🦆🦆🦆🦆🦆🦆🦆
2026-09-14T20:43:48.099Z,u07,p2721,"Thank you.
   🧡🩷🧡"
2026-09-14T17:45:58.847Z,u07,p2720,Beautiful Breezie.💙
2026-09-14T17:45:04.357Z,u07,p2719,Beautiful Antonio!🐝
2026-09-14T17:42:55.640Z,u07,p2718,So beautiful!🩷💛
2026-09-14T17:42:15.257Z,u07,p2717,Beautiful!💙
2026-09-14T17:40:00.121Z,u07,p2716,Spooky!😊💙
2026-09-14T17:30:22.927Z,u07,p2715,"A pleasure.
    💙🩷💙"
2026-09-14T17:29:50.077Z,u07,p2714,"Thank you.
  🧡🩷🧡"
2026-09-14T16:17:49.529Z,u07,p2713,Gorgeous photo and such wonderful colours!🩷
2026-09-14T16:12:05.693Z,u07,p2712,"Thank you, you too Molly.
              🩷🌹🩷"
2026-09-14T16:11:10.465Z,u07,p2711,"It was very attractive.
           💚🩷💚"
2026-09-14T15:58:43.936Z,u07,p2710,This is an amazing plant. New to me too. Great photo!🩷
2026-09-14T15:44:41.623Z,u07,p2709,💙🌅💙
2026-09-14T15:36:49.136Z,u07,p2708,"Thank you. You too Shantha.
             🌹🩷🌹"
2026-09-14T15:09:01.857Z,u07,p2707,🦌🤎🦌
2026-09-14T15:04:55.858Z,u07,p2706,🦆🤎🦆
2026-09-14T15:04:29.086Z,u07,p2705,"Thank you.
    🌹🩷🌹"
2026-09-14T15:03:32.671Z,u07,p2704,"Golden coloured blooms
The Chrysanthemum endures
But ends with First Frost!
#PaintByWords
#Chrysanthemum
#Flowers
#Bloomscrolling
#Photography
Chrysanthemums in the garden after a shower."
2026-09-14T14:58:43.102Z,u07,p2703,"Thank you.
    🦆🤎🦆"
2026-09-14T14:22:01.381Z,u07,p2702,🩷💚🩷
2026-09-14T14:07:06.332Z,u07,p2701,"Thank you Molly. Have a great  Monday and rest of the week.
              🌹🩷🌹"
2026-09-14T13:45:08.720Z,u07,p2700,"Thank you for your lovely description.
               🎨💙🎨"
2026-09-14T13:36:12.940Z,u07,p2699,"Thank you.🧡
    🍐🌅🍐"
2026-09-14T13:34:35.236Z,u07,p2698,"Thank you.🧡
   🍁🪾🍁"
2026-09-14T13:33:23.015Z,u07,p2697,"Thanks.
💙🌅💙"
2026-09-14T13:32:53.399Z,u07,p2696,"I hope you have a great Monday too Jason.
Thank you.
           🌹🩷🌹"
2026-09-14T13:31:51.310Z,u07,p2695,"Thank you Jason. The quince tree was in a perfect place fora photo with the sunrise. 💛
             🍐🌅🍐"
2026-09-14T13:29:13.010Z,u07,p2694,"Thank you Marjo.
        🦆🤎🦆"
2026-09-14T13:22:04.086Z,u07,p2693,"Thank you.
   🌹🩷🌹"
2026-09-14T13:12:21.552Z,u07,p2692,"Two kneelers/hassocks from St Luke’s Church. The Church in the Woods, West Sussex.
#AlphabetChallenge
#WeekKforKn
#Churches
#Photography"
2026-09-14T13:00:35.770Z,u07,p2691,"Beautiful flower display in St Luke’s Church, the Church in the Woods, Milland & Rake, West Sussex
The font was found in undergrowth & dates from the 1600s. It came from Tuxlith Chapel, built in 16C with 12C origins, next to the church.
#ColorADay
#PinkMon
#Churches
#Photography
#Flowers
#WestSussex"
2026-09-14T12:39:34.990Z,u07,p2690,"Thanks Rob. 
What a surprise to find out, just after posting a line from a Mamas and Papas song, that the #BirdoftheDay was #Mamas&Papas!
              🦆🤎🦆"
2026-09-14T12:34:44.385Z,u07,p2689,💛🫶🏻💛
2026-09-14T12:34:21.492Z,u07,p2688,💙🌅💙
2026-09-14T12:31:03.170Z,u07,p2687,"Thank you.
   🦆🤎🦆"
2026-09-14T09:35:20.082Z,u07,p2686,A very atmospheric shot!🖤
2026-09-14T08:24:29.787Z,u07,p2685,"Pink rose in the garden.
#ColorADay
#PinkMon
#Roses
#Flowers
#Bloomscrolling
#Photography"
2026-09-14T07:24:46.378Z,u07,p2684,Such a beautiful and moving poem Audrey.🫂
2026-09-14T07:11:27.542Z,u07,p2683,"Egyptian Geese in the  sun with their brood.
#BirdoftheDay
#Mamas&Papas
#Ducks
#Photography"
2026-09-14T06:55:01.909Z,u07,p2682,"Thank you Skinskin.🧡
           🍐🌅🍐"
2026-09-14T06:50:54.974Z,u07,p2681,"As The Mamas and The Papas sang,
“And the Darkest  Hour is just before Dawn.”
From Dedicated to the One I Love.
#Sunrise
#Warwickshire
#BlueSkyMonday
#Photography
#Skies
Taken at 6.20 one morning last September when, although I was on holiday, I got up early every day to see the beautiful sunrises."
2026-09-14T06:39:37.326Z,u07,p2680,"Thank you.
   🪾🧡🪾"
2026-09-14T06:10:06.317Z,u07,p2679,"Thank you Alina.
      🪾🧡🪾"
2026-09-13T20:34:14.284Z,u07,p2678,"Thank you.🙏🏻 
      🍐🌅🍐"
2026-09-13T19:55:40.591Z,u07,p2677,"A pleasure Jason.
          💙🧡💙"
2026-09-13T19:54:56.224Z,u07,p2676,"Thank you Natty.
       🦢💚🦢"
2026-09-13T19:54:09.295Z,u07,p2675,"A pleasure Pam.
        💚💛💚"
2026-09-13T19:53:04.692Z,u07,p2674,"A pleasure.
   🧡💛🧡"
2026-09-13T19:52:32.335Z,u07,p2673,"Thank you Alice.
        🪾🧡🪾"
2026-09-13T19:02:06.359Z,u07,p2672,Beautiful photo and moving poem Jason.🩵
2026-09-13T18:59:59.400Z,u07,p2671,Gorgeous Pam!💚
2026-09-23T12:47:25.303Z,u01,p0498,Yes! They are a perfect pairing. 😃
2026-09-23T12:46:03.661Z,u01,p0497,"Wonderful photos, Rob! I have made a note about #MammalMonday. I wasn't aware. 😍"
2026-09-23T12:43:00.281Z,u01,p0496,"Thank you so much, Rob. 🤗"
2026-09-23T12:20:22.670Z,u01,p0495,"I love your mews shots, Soph. 😃"
2026-09-23T12:18:08.160Z,u01,p0494,"Absolutely gorgeous, Soph! 😍"
2026-09-23T12:15:41.502Z,u01,p0493,What a beauty and so cute! 🐝😀
2026-09-23T12:14:45.022Z,u01,p0492,They are gorgeous! 😍
2026-09-23T12:12:40.741Z,u01,p0491,"Hmm. That's not exactly what I was hoping for in business class. Thanks, but I think that I will pass on the offer. 😂"
2026-09-23T12:10:13.857Z,u01,p0490,You're very welcome. 😃
2026-09-23T12:08:30.639Z,u01,p0489,"Thank you kindly, James.  😊"
2026-09-23T11:25:13.128Z,u01,p0488,"#RoseWednesday
#ColorADay
#RedWed
#Bloomscrolling
#Photography #ECK"
2026-09-23T08:57:03.681Z,u01,p0487,"Beautiful, Graham, and a wee insect on it. 😃"
2026-09-23T08:45:31.342Z,u01,p0486,Oh no. Insomnia can be so annoying. 😆
2026-09-23T08:43:50.953Z,u01,p0485,"I think you meant for this compliment to go to Rina, but you sent it to me by mistake. Such a lovely message. 😀"
2026-09-23T08:38:23.569Z,u01,p0484,Wonderful. That breaks up your day in the best way possible. 🐝🐝
2026-09-23T08:25:42.674Z,u01,p0483,"So beautiful, Soph! Love it! 😀"
2026-09-23T08:24:27.182Z,u01,p0482,"Gorgeous colour, Linda. Have a wonderful day today! 😀"
2026-09-23T08:22:39.399Z,u01,p0481,"For today's #BirdOfTheDay theme #Raptors, I have a red-tailed hawk. He was relaxing in the sunshine, on the roof of a coffee shop that I go to. 
#photography #birds #ECK"
2026-09-23T07:08:25.817Z,u01,p0480,Maybe tomorrow night. It's an ongoing problem but I don't let it bother me. 😄
2026-09-23T07:05:42.529Z,u01,p0479,"Stunning shot, Gray."
2026-09-23T06:16:21.333Z,u01,p0478,"Lovely shot, Rod."
2026-09-23T06:15:14.678Z,u01,p0477,"Beautiful image, Rina. So lovely to see, as I'm scrolling through today's photos at 2.00 a.m. when I can't sleep.  😄"
2026-09-23T00:09:17.384Z,u01,p0476,"I had a three year plan to travel and work in Canada, New Zealand and Kenya, then back to England. You're right, Canada is a wonderful country. ❤️😁"
2026-09-22T23:57:13.217Z,u01,p0475,"Thank you, Orisha."
2026-09-22T23:34:44.039Z,u01,p0474,"Years ago, I booked a cabin on the SS Canberra for a planned move to New Zealand, after working in Canada for a year, but changed my mind, got married and stayed in Canada. No regrets. 😆"
2026-09-22T23:04:02.967Z,u01,p0473,"Amazing shot, Graham. May I use my airline points for an upgrade to Business Class?"
2026-09-22T22:59:50.167Z,u01,p0472,"What a cutie! Great shot, Pete."
2026-09-22T22:56:04.779Z,u01,p0471,"Stunning shot, Alex."
2026-09-22T22:55:25.670Z,u01,p0470,"Beautiful shot, Marjo. What a wonderful day! 😁"
2026-09-22T22:53:36.156Z,u01,p0469,"Thank you kindly, Helen. 🤗"
2026-09-22T22:51:37.862Z,u01,p0468,"Beautiful collection of images, Rob. 😀"
2026-09-22T22:50:36.314Z,u01,p0467,"Beautiful shot, Kevin."
2026-09-22T22:50:06.918Z,u01,p0466,"Beautiful shot, Robyn."
2026-09-22T22:47:09.272Z,u01,p0465,Beautiful.
2026-09-22T22:46:35.004Z,u01,p0464,"Beautiful, Eric."
2026-09-22T22:46:00.436Z,u01,p0463,"Beautiful shot, Todd."
2026-09-22T22:45:20.749Z,u01,p0462,"Happy Hobbit Day, Bill. I would love to see that."
2026-09-22T22:43:15.950Z,u01,p0461,"Things are going well, IG. I walked a lot today but tomorrow may be a ""do nothing"" day. I'm with Michael. I've worked so hard in my career that now I find it hard to take a day off and just relax all day. 😂"
2026-09-22T22:37:04.801Z,u01,p0460,Beautiful!
2026-09-22T22:36:23.432Z,u01,p0459,"Beautiful, Mo."
2026-09-22T19:15:33.661Z,u01,p0458,"Thank you, Mairead. 🐝"
2026-09-22T17:28:20.362Z,u01,p0457,I'm so pleased that you are doing so well! That's quite a long hike. Well done. 🤗
2026-09-22T17:23:24.919Z,u01,p0456,"Amazing shot, Amy."
2026-09-22T17:22:47.717Z,u01,p0455,We had lunch in Port Hope and now we're off to Cobourg. It's still a little cool but the sun is nice. 😁
2026-09-22T17:18:32.068Z,u01,p0454,"Beautiful, AB"
2026-09-22T17:16:24.668Z,u01,p0453,"Thank you, Mairead. 🤗"
2026-09-22T12:32:19.032Z,u01,p0452,"Thank you so much, Rien. 🦋"
2026-09-22T12:23:05.085Z,u01,p0451,"Thank you, Mairead. Pretty cold out there this morning. Brr."
2026-09-22T12:17:42.764Z,u01,p0450,"I'm heading out for the day. Time for a wee bee photo before I leave. This little cutie was climbing out of a rose, after eating a hearty lunch.
#Photography #Pollinators #ECK #Bee #WeeBee"
2026-09-22T12:08:53.286Z,u01,p0449,"Gorgeous, PB."
2026-09-22T12:08:16.712Z,u01,p0448,"So gorgeous, Julie."
2026-09-22T12:07:32.335Z,u01,p0447,Good! 🤣🤣
2026-09-22T12:06:13.817Z,u01,p0446,"So beautiful, Michael. I have never seen one but still hopeful. 🦋"
2026-09-22T12:04:51.769Z,u01,p0445,"What a gorgeous bee and a great action shot!  Well done, Graham. 🐝"
2026-09-22T11:31:39.138Z,u01,p0444,"Beautiful shot, Soph, but please don't behave! 😄"
2026-09-22T11:29:36.648Z,u01,p0443,"Such a peaceful, country scene. 🌳"
2026-09-22T11:28:07.498Z,u01,p0442,Lovely.
2026-09-22T11:27:40.810Z,u01,p0441,"Beautiful, Mairead! 💙🐝"
2026-09-22T09:31:38.954Z,u01,p0440,"#Bloomscrolling
#BlueTue
#ColorADay
#Photography #ECK
#Butterflies
#Monarch"
2026-09-22T08:47:24.266Z,u01,p0439,Wonderful. I'm heading out on a bee search today but I'm not optimistic. I hope that I'm surprised! 🐝🐝🦋
2026-09-22T08:36:17.404Z,u01,p0438,"Beautiful, fozzie. 😍"
2026-09-22T08:32:27.279Z,u01,p0437,"Thank you kindly, Graham. Hope you're having a good day. Do you still have bees visiting your garden?"
2026-09-22T07:55:28.033Z,u01,p0436,"Great shot, Rod."
2026-09-22T07:51:12.272Z,u01,p0435,"For Rob's ##BirdOfTheDay theme #Redheads, I have a cardinal who visited a friend's garden earlier this year.
#photography #birds #ECK"
2026-09-22T07:38:24.919Z,u01,p0434,"🤣🤣 So good, Soph.  I'm pleased you are here today. I missed you yesterday. 🤗"
2026-09-22T07:33:09.288Z,u01,p0433,Such beautiful memories of an unforgettable boy. ❤️🐕❤️
2026-09-22T00:00:12.620Z,u01,p0432,"Lovely shot, Graham."
2026-09-21T23:49:23.919Z,u01,p0431,"Thank you kindly, Rob.🤗"
2026-09-21T22:22:24.290Z,u01,p0430,"Thank you, Luis."
2026-09-21T21:51:23.442Z,u01,p0429,"This is the first time that I have heard this and it is beautiful and very moving. After all these years of living in Canada, I still miss Kent. I understand how you feel about Cornwall. ❤️🤍💙"
2026-09-21T21:43:58.864Z,u01,p0428,"Beautiful, Jeff."
2026-09-21T21:43:24.101Z,u01,p0427,😁😁
2026-09-21T21:42:35.783Z,u01,p0426,"Gorgeous, Michele."
2026-09-21T21:42:07.852Z,u01,p0425,"A beautiful collection of images, Barrie."
2026-09-21T21:40:42.437Z,u01,p0424,"So beautiful, Guy. I hope you and Monty are keeping well."
2026-09-21T21:38:42.553Z,u01,p0423,"This is so beautiful, Graham"
2026-09-21T21:07:15.592Z,u01,p0422,"Thank you so much, Barrie. 😊"
2026-09-21T21:06:23.336Z,u01,p0421,"Thank you kindly, Rob. 😊"
2026-09-21T17:45:00.077Z,u01,p0420,"Thank you so much, Susan! 🤗"
2026-09-21T17:31:00.127Z,u01,p0419,"Thank you, Mairead. 🤗"
2026-09-21T17:29:56.336Z,u01,p0418,There's the answer. 😂
2026-09-21T17:28:59.615Z,u01,p0417,"You're very welcome, Freya. 🤗"
2026-09-21T16:46:57.242Z,u01,p0416,"Thank you kindly, Tony. 😊"
2026-09-21T14:56:51.794Z,u01,p0415,"Wonderful shot, Jon, but I'm wondering the same thing as @blueridgebird.bsky.social. 🤣"
2026-09-21T14:54:06.442Z,u01,p0414,"Beautiful capture, Lyndy."
2026-09-21T14:53:01.894Z,u01,p0413,"Beautiful, Kort."
2026-09-21T14:52:34.125Z,u01,p0412,"Such a gorgeous photo, Fraggs!"
2026-09-21T14:51:03.821Z,u01,p0411,"Thank you so much, Rob. I hope you get at least a little time to yourself today. 🤗"
2026-09-21T14:46:56.221Z,u01,p0410,"Thank you, Susan. I am in the middle of sorting my butterfly photos and it is going to take a few hours! 😄"
2026-09-21T13:44:43.870Z,u01,p0409,"Great! I made it in time for a steaming hot cup of coffee, please. It's a little chilly here this morning. Brrr. 😄 I hope you are having a wonderful day, Susan."
2026-09-21T13:25:33.081Z,u01,p0408,Yes!! I kept apologising for the typos! 🤣🤣
2026-09-21T13:21:02.771Z,u01,p0407,"So beautiful, Freya. 🌸"
2026-09-21T13:20:16.421Z,u01,p0406,"Thank you so much, Mairead. Lovely sunshine today, just a little cool. 😃"
2026-09-21T13:06:55.548Z,u01,p0405,"Haha! 🤣🤣 I know what you mean. For a long time, I thought that I had misspelled words.  I was more than a little angry when I realized that PT had changed the spelling of words, such as 'its and it's'."
2026-09-21T12:20:59.905Z,u01,p0404,"Good morning, Graham. What a beautiful wee bee! Enjoy your morning in the garden. I hope that the sun  shines all day. 😍

PS. When I started to type 'Good', the predictive text jumped to 'Goofy'. I'm not sure if it was referring to you, or me! 😄😄"
2026-09-21T11:45:25.000Z,u01,p0403,"#MacroMonday
#ColorADay
#PinkMon
#Photography #ECK
#Butterflies
#CabbageWhite"
2026-09-21T11:36:50.048Z,u01,p0402,Beautiful shot Dave. 🤩
2026-09-21T11:35:24.323Z,u01,p0401,"Wonderful shot, Bill. 🤩"
2026-09-21T11:33:47.635Z,u01,p0400,"Lovely photo, Mairead. 😍"
2026-09-21T11:32:19.308Z,u01,p0399,"Lovely shots, Graham. 😍"
2026-09-21T09:40:18.296Z,u01,p0398,"#MacroMonday
#MinimalMonday
#Photography #ECK
#Bee #WeeBee"
2026-09-21T08:42:53.387Z,u01,p0397,Heartbreaking. 😪
2026-09-21T08:37:36.996Z,u01,p0396,"Gorgeous flower, Linda. Hope you enjoy your day. 😃"
2026-09-21T08:10:33.092Z,u01,p0395,"Gorgeous capture, Rina.🤍🖤"
2026-09-21T08:09:43.845Z,u01,p0394,"So beautiful, PacBirds. 💛"
2026-09-21T08:08:15.291Z,u01,p0393,"I have a Blue Jay for Alan's #BirdOfTheDay theme #LightAndShadow.
#Photography #Birds #ECK"
2026-09-21T07:36:49.416Z,u01,p0392,"So beautiful, BG. 😍"
2026-09-21T07:24:59.292Z,u01,p0391,You're very welcome. 😍
2026-09-21T07:22:33.594Z,u01,p0390,"Thank you so much, Rina. 🤗"
2026-09-21T07:19:23.943Z,u01,p0389,"Wonderful photo, Alan. I'm so pleased that you'll be back soon. You've been missed a lot. 😃"
2026-09-21T07:13:42.871Z,u01,p0388,"Thank you so much, Rob. 😃"
2026-09-21T07:11:56.700Z,u01,p0387,"Wonderful capture, Rina! 😍"
2026-09-21T00:04:32.118Z,u01,p0386,"Beautiful, Mairead. 🤍🩶🖤"
2026-09-21T00:03:06.641Z,u01,p0385,"Thank you so much, Mairead. 🤗"
2026-09-20T23:43:48.018Z,u01,p0384,"Thank you, Robyn. 🤗"
2026-09-20T22:51:07.320Z,u01,p0383,"Thank you, Luis. 🦋"
2026-09-20T21:59:27.136Z,u01,p0382,"Good night, Graham. A lot of laughs today with the bird captions. Sleep well and see you tomorrow. 🤗"
2026-09-20T21:54:54.315Z,u01,p0381,"Gorgeous, Coral."
2026-09-20T21:52:50.426Z,u01,p0380,"Beautiful, Kevin."
2026-09-20T21:51:26.491Z,u01,p0379,"Beautiful, Rien. 🌸"
2026-09-20T21:50:45.535Z,u01,p0378,She's definitely dancing to Swan Lake. 😄
2026-09-20T21:47:53.736Z,u01,p0377,"Beautiful, Coral."
2026-09-20T21:46:11.832Z,u01,p0376,"Thanks, Cindy. 😄"
2026-09-20T20:12:11.107Z,u01,p0375,"Thank you kindly, Robertjeff."
2026-09-20T19:33:27.690Z,u01,p0374,"Good one, Margot! 😂"
2026-09-20T19:32:32.425Z,u01,p0373,"Yes, it is a beautiful butterfly. I took a lot of photos of this one. Thanks very much. 😆🦋"
2026-09-20T19:18:59.712Z,u01,p0372,Yes. I'm sure they can! Thanks so much. 😄
2026-09-20T19:15:18.497Z,u01,p0371,"Thank you kindly, Robyn. 😆"
2026-09-20T18:46:22.483Z,u01,p0370,"Thank you, Mairead. 😄"
2026-09-20T18:42:29.217Z,u01,p0369,"Thank you so much, Marjo.😃"
2026-09-20T16:05:21.706Z,u01,p0368,"Thank you so much, Manuela!"
2026-09-20T16:03:46.641Z,u01,p0367,"That's not so bad. Niagara Falls is a 2 hour drive for me via the motorways, if I avoid rush hour. 😃"
2026-09-20T15:32:14.276Z,u01,p0366,"So beautiful, Sim. 😍"
2026-09-20T15:30:55.637Z,u01,p0365,"I was blown away with the beauty of it all. It looks like there are similar conservatories in Cambridge or Bexley, but that's a bit far away for you, I think."
2026-09-20T15:16:26.106Z,u01,p0364,"Same here, Graham. Just a few Monarchs sticking around. This one isn't a Canadian butterfly.  It is native to South America and it was at the butterfly conservatory that I visited 2 weeks ago. They had so many beautiful varieties there!"
2026-09-20T15:09:51.935Z,u01,p0363,"Thanks, Marjo! 😄"
2026-09-20T15:07:44.839Z,u01,p0362,"Excellent caption, Dave! So funny. 😂"
2026-09-20T15:06:00.801Z,u01,p0361,I posted one yesterday for the 'scruffy' theme and it would have fit perfectly for today's theme. That seems to happen regularly. 😂
2026-09-20T15:03:47.698Z,u01,p0360,"Gorgeous, Todd."
2026-09-20T15:01:39.566Z,u01,p0359,"Funny one, Lyndy! 😂"
2026-09-20T15:00:28.391Z,u01,p0358,"Wonderful shot, Gray. 🦋"
2026-09-20T14:56:10.446Z,u01,p0357,"Beautiful, Jason."
2026-09-20T14:42:55.011Z,u01,p0356,"#Stunday
#ColorADay
#OrangeSun
#Butterflies
#Photography #ECK
#BandedOrange"
2026-09-20T13:48:30.779Z,u01,p0355,"""Look here, you moron! If I've told you once, I've told you a thousand times, keep your mitts off MY GIRLFRIEND!!!""

#BirdOfTheDay #CaptionThatBird #Photography #ECK"
2026-09-20T13:42:20.694Z,u01,p0354,"That is so perfect, Soph!! Thank you for doing that. 🤣🤣"
2026-09-20T11:59:56.186Z,u01,p0353,"""Whose stupid idea was it to stay in Canada for the winter???  Idiot!!!
#BirdOfTheDay #CaptionThatBird #Birds #ECK"
2026-09-20T11:50:56.489Z,u01,p0352,I think you did very well getting the spade in focus. 😂
2026-09-20T11:25:00.158Z,u01,p0351,I suggested to Graham that you and he are the Pearly King and Queen of the bee empire. He's concerned that you will do something wonderful with that and he asked me not to mention it to you. 😁
2026-09-20T11:20:07.339Z,u01,p0350,"Gorgeous shot, Mairead. ⭐️"
2026-09-20T11:18:09.446Z,u01,p0349,😁😁 Good one Graham.  😂
2026-09-20T10:33:18.346Z,u01,p0348,"Yesterday's sunrise.
#Stunday #ColorADay #OrangeSun #Photography #ECK"
2026-09-20T09:31:36.498Z,u01,p0347,Only if she saw my reply to you. Hmm. I should have a word with Soph.... 😂
2026-09-20T09:00:27.510Z,u01,p0346,😂😂
2026-09-20T08:58:12.792Z,u01,p0345,"Great shot, Rina. 😂"
2026-09-20T08:56:54.415Z,u01,p0344,"Funny stories, Rob, and great shots. 😂😂"
2026-09-20T08:44:20.086Z,u01,p0343,Thank you so much. 😃
2026-09-20T08:42:37.179Z,u01,p0342,😂😂
2026-09-20T08:41:47.677Z,u01,p0341,"Fantastic shot, Linda. Have a wonderful day at Wisley. 🐝"
2026-09-20T08:40:30.243Z,u01,p0340,"Another wonderful photo, Soph. The bees have already gone here but I still have a lot of photos.🐝🐝"
2026-09-20T08:37:29.793Z,u01,p0339,"Another great shot, Graham. I think there should be a Wee Bee King and Queen award. You and Soph in pearly jackets. 😂"
2026-09-20T08:33:19.980Z,u01,p0338,"Very funny, Helen.  Great shot! 😂"
2026-09-20T08:31:33.472Z,u01,p0337,"Beautiful shot, Graham! A lovely wee bee. 😍"
2026-09-20T08:30:11.982Z,u01,p0336,"Beautiful, Rina."
2026-09-20T08:29:29.593Z,u01,p0335,"Beautiful shot, Sue. ✨️"
2026-09-20T01:11:08.823Z,u01,p0334,"Fabulous action shot, Coral!"
2026-09-20T01:08:31.886Z,u01,p0333,"Beautiful shot, Todd."
2026-09-20T01:03:16.364Z,u01,p0332,"Beautiful shot, Dave."
2026-09-20T00:54:40.165Z,u01,p0331,Beautiful. ✨️
2026-09-20T00:52:05.363Z,u01,p0330,Thank you. PB.
2026-09-19T18:51:09.862Z,u01,p0329,You are looking at it with a critical eye only. Others see it differently. 🤣
2026-09-19T18:35:56.406Z,u01,p0328,"Thank you, Dwight. 🌞"
2026-09-19T18:34:53.047Z,u01,p0327,"I love it, Brenda! You are so right. 😄"
2026-09-19T18:33:09.278Z,u01,p0326,"That's a lovely photo, Graham. You look positively distinguished. 👏"
2026-09-19T18:31:13.663Z,u01,p0325,"Beautitul, BG."
2026-09-19T18:30:09.095Z,u01,p0324,"Thank you, Mairead! 🤗"
2026-09-19T18:29:26.976Z,u01,p0323,"Thank you, Marjo. 😊"
2026-09-19T18:01:55.743Z,u01,p0322,Thank you Brenda. 😀
2026-09-19T18:01:25.604Z,u01,p0321,Thank you so much Meylysa.
2026-09-19T17:43:36.879Z,u01,p0320,Thank you AB. I saw him yesterday and he didn't look happy. 😂
2026-09-19T17:32:36.410Z,u01,p0319,Of course I did. 😄  I live right beside Lake Ontario and it will always be Lake Ontario. 😂😂
2026-09-19T17:03:33.951Z,u01,p0318,"Thank you so much, Mairead."
2026-09-19T16:26:02.554Z,u01,p0317,"Just beautiful, Jason. 🧡"
2026-09-19T16:25:29.163Z,u01,p0316,"I'll take everything, except the espresso. Thanks, Graham! 😃"
2026-09-19T16:22:54.844Z,u01,p0315,"😂The poor little sparrow! Great shots, Graham."
2026-09-19T15:54:33.436Z,u01,p0314,"Thank you, Aleesia, and you are so right. It will always be Lake Ontario. 😀"
2026-09-19T15:34:41.687Z,u01,p0313,"Gorgeous shot, Graham. I have yet to see a Comma butterfly. 🦋"
2026-09-19T15:32:27.110Z,u01,p0312,"Lovely shot, Graham. It looks so peaceful there."
2026-09-19T15:30:20.919Z,u01,p0311,"Great shots, Gray!"
2026-09-19T15:29:48.027Z,u01,p0310,"A wonderful mix of both elegant and scruffy, Rob. 😆"
2026-09-19T15:12:10.490Z,u01,p0309,"""What are you looking at? You think dogs are the only things that molt?!!!""

#BirdOfTheDay #Scruffy #Photography #ECK #Cardinal"
2026-09-19T15:06:00.562Z,u01,p0308,"Such a beautiful, elegant bird."
2026-09-19T15:04:43.564Z,u01,p0307,"Such a beautiful shot, Rina. 💛🧡"
2026-09-19T15:02:25.249Z,u01,p0306,"Beautiful, BG."
2026-09-19T15:01:24.914Z,u01,p0305,"Thank you, Rob. I hope you can find an hour or two for yourself today. 🙏🐦‍⬛"
2026-09-19T14:44:01.712Z,u01,p0304,"Thank you kindly, Mairead. 💛"
2026-09-19T14:12:54.279Z,u01,p0303,"Thank you so much, Rob."
2026-09-19T14:09:36.793Z,u01,p0302,"Beautiful shot, Mairead! 🧡💛"
2026-09-19T14:08:23.739Z,u01,p0301,"This time it is a winter sunrise over Lake Ontario, for #BlueSkyArtShow.
#golden #photography #sunrise #ECK"
2026-09-19T13:21:33.622Z,u01,p0300,"Thank you kindly, Graham. 🤗"
2026-09-19T11:33:26.368Z,u01,p0299,"So true, Gray. I had almost given up on finding something to photograph yesterday, when suddenly a blue jay landed close by and stared at me. 😁 😁"
2026-09-19T10:35:36.533Z,u01,p0298,"A Julia butterfly, resting high above.
#BlueSkyArtShow
#Golden
#Photography
#ECK
#Butterfly"
2026-09-19T09:37:13.017Z,u01,p0297,"An amazing shot, Soph. A  beautiful wee bee. 🐝"
2026-09-19T09:35:01.325Z,u01,p0296,"Gorgeous photos, Rob. ✨️"
2026-09-19T09:33:04.526Z,u01,p0295,"I've been where you are. Stay strong, Rob and please try to protect your own health. 🫂"
2026-09-19T09:29:56.781Z,u01,p0294,"Oh that's so kind, Soph. Thank you. 🤗"
2026-09-19T09:27:57.633Z,u01,p0293,"Thank you kindly, Rob. You've been under so much pressure lately, I hope things start to get a little easier for you soon. 🙏"
2026-09-19T08:55:53.985Z,u01,p0292,"A golden sunset for this week's #BlueSkyArtShow.
#golden #photography #sunset #ECK"
2026-09-19T08:54:34.302Z,u01,p0291,"From a couple of day ago. I used 8 kn words. 😂

#AlphabetChallenge #WeekKforKn #Photography #ECK

This knobbled Canadian Tiger Swallowtail, with his knurly wings, was too knackered to find his favourite knapweed, but he knew he had the knack to find the Black Knight Butterfly Bush on the knoll. 🤭"
2026-09-19T08:44:36.725Z,u01,p0290,Sounds wonderful! 🐝🦋
2026-09-19T08:33:57.386Z,u01,p0289,"I hope you can get a longer walk in today, followed by a rest on a bench, a coffee in hand, and just time to relax.😃"
2026-09-19T08:30:21.873Z,u01,p0288,Thank you so much for your kind words.
2026-09-19T08:25:57.424Z,u01,p0287,"Wonderful shot, Soph. Definitely a knockout. 😍"
2026-09-19T08:24:31.581Z,u01,p0286,Beautiful photos from your garden. 😍
2026-09-18T21:35:16.286Z,u01,p0285,Thank you so much.
2026-09-18T19:22:56.657Z,u01,p0284,"Beautiful shot, Rob."
2026-09-18T19:21:33.314Z,u01,p0283,"Beautiful, Kelly."
2026-09-18T18:57:00.245Z,u01,p0282,"Beautiful, Alex."
2026-09-18T18:56:10.541Z,u01,p0281,"They are lovely, Gabby. 😍"
2026-09-18T18:54:04.050Z,u01,p0280,"Thank you kindly, Mairead. 🤗"
2026-09-18T17:32:22.429Z,u01,p0279,"Thank you so much, Robert."
2026-09-18T16:51:18.795Z,u01,p0278,"Wow. So beautiful, PacBirds."
2026-09-18T16:50:21.343Z,u01,p0277,"Beautiful shot, Rien."
2026-09-18T16:48:25.528Z,u01,p0276,"You too, Mairead. It's a beautiful day but quite windy. 😊"
2026-09-18T16:46:17.093Z,u01,p0275,"Thank you kindly, Palglade!"
2026-09-18T16:06:50.282Z,u01,p0274,"An Eastern Black Swallowtail butterfly.
#FlyDay #PurpleFriday #Butterflies #FlowersOnFriday #Photography #ECK"
2026-09-18T16:00:29.525Z,u01,p0273,"Thank you, Mairead. 🤗"
2026-09-18T12:45:10.984Z,u01,p0272,"#Bloomscrolling
#FlowersOnFriday
#Photography
#PurpleFriday #ECK
#Hebe"
2026-09-18T12:10:02.489Z,u01,p0271,"Wow, what a fabulous shot. 💜☔"
2026-09-18T12:08:42.019Z,u01,p0270,Aah! Such a sweetie. Beautiful shot. 😍
2026-09-18T12:07:39.642Z,u01,p0269,"Beautiful shot, Mairead. 🧡"
2026-09-18T12:05:45.815Z,u01,p0268,"Beautiful, Michele! 💛❤️"
2026-09-18T12:04:53.041Z,u01,p0267,"What a beautiful photo, Phil."
2026-09-18T11:57:31.383Z,u01,p0266,"Thank you kindly, Eddie! 🤗"
2026-09-18T11:56:18.508Z,u01,p0265,"Pleased to hear that, Soph. I'm sure that you'll have a wonderful day. 😀🐝"
2026-09-18T09:39:55.925Z,u01,p0264,"I totally agree, Orisha. The name is perfect! Thank you so much. 😀"
2026-09-18T08:51:48.011Z,u01,p0263,"Sending love and support to Graham @oldmanrambling.bsky.social on this difficult day.

#ForJanet #Flyday"
2026-09-18T08:39:11.035Z,u01,p0262,Such a lovely photo. I'm pleased you will meet your son for lunch and to reminisce about your wonderful memories of Janet. ❤️🐦‍⬛
2026-09-18T08:30:53.814Z,u01,p0261,"Such a cute wee bee, Soph. Hope you have a less stressful day today. 🐝"
2026-09-18T08:21:22.647Z,u01,p0260,A beautiful photo for a beautiful lady. I know that today will be especially difficult for you. Please know you are in the thoughts of so many of us here. 🫂
2026-09-18T08:16:29.316Z,u01,p0259,"I have never seen one before. What a beautiful photo, Linda. 🌸"
2026-09-18T08:14:48.382Z,u01,p0258,"Thank you so much, Helen. I saw it for the first time last week. 🦋"
2026-09-18T07:40:44.214Z,u01,p0257,"For Rob's #BirdOfTheDay alt theme #Pigeons&Doves, I have a mourning dove perched in a winter tree.
#Photography #Birds #ECK"
2026-09-18T06:55:09.631Z,u01,p0256,"Thank you, Dwight. I saw one for the first time last week. They are striking. 🤗"
2026-09-18T06:52:44.941Z,u01,p0255,"Pleased you're recovering well, Marjo. 🤗"
2026-09-18T06:44:22.486Z,u01,p0254,"Thank you kindly, Rob. 🙏"
2026-09-17T21:42:40.098Z,u01,p0253,"Such a beautiful photo, Alan. 🤍"
2026-09-17T21:41:05.109Z,u01,p0252,So beautiful! 🤎
2026-09-17T21:39:34.199Z,u01,p0251,"I missed this post yesterday, Marjo. So sorry you had a fall! Get better soon and look after yourself. 🙏🤗"
2026-09-17T21:33:37.475Z,u01,p0250,"Such a great shot, Dwight."
2026-09-17T21:29:34.665Z,u01,p0249,"Beautiful shot, Coral."
2026-09-17T21:29:07.329Z,u01,p0248,"Beautiful, Guy."
2026-09-17T19:25:40.353Z,u01,p0247,"Thank you kindly, Luis."
2026-09-17T18:41:19.828Z,u01,p0246,Beautiful!
2026-09-17T18:40:06.120Z,u01,p0245,"Very interesting, Jil."
2026-09-17T18:36:30.428Z,u01,p0244,Beautiful! 🦋
2026-09-17T18:35:21.624Z,u01,p0243," Beautiful shot, Helen. 🐝"
2026-09-17T16:52:44.346Z,u01,p0242,"Thank you so much, Mairead. 😊"
2026-09-17T15:57:38.509Z,u01,p0241,"Oh my goodness, Soph. Your job is very demanding. You must be a vital cog in the machinery of your firm. I hope you get a chance to relax and recover this weekend. Can you get tomorrow afternoon off to relax in the park?"
2026-09-17T15:39:43.438Z,u01,p0240,"#Bloomscrolling
#ColorADay
#YellowThu
#Photography
#ECK
#Hibiscus"
2026-09-17T15:02:22.353Z,u01,p0239,"For today's #BirdOfTheDay theme #ODG (Owl/Duck/Goose), I have a female mallard duck.
#Photography #ECK #Birds"
2026-09-17T14:50:52.951Z,u01,p0238,"Once again, I'm late for coffee! 😂 I will be back bright and early tomorrow, after a walk through the park. 😃 Have a wonderful day, Susan."
2026-09-17T14:46:04.897Z,u01,p0237,"Beautiful shot, DW."
2026-09-17T14:44:17.296Z,u01,p0236,"Thank you so much, PB!"
2026-09-17T13:46:18.324Z,u01,p0235,"Gorgeous, Michele!"
2026-09-17T13:45:10.213Z,u01,p0234,"Beautiful photo, Eddie. 🦋"
2026-09-17T13:40:31.183Z,u01,p0233,"Thank you kindly, Mairead! 🤗"
2026-09-17T12:59:07.249Z,u01,p0232,"I haven't heard that ""Ay up"" for years!  I think it's pronounced something like ""aaa oop"".  So, ay up Graham! 👋😆"
2026-09-17T12:54:03.106Z,u01,p0231,"Wow! What a fantastic shot, Mairead. 💛🐝"
2026-09-17T12:52:45.678Z,u01,p0230,"#Butterflies
#InsectThursday
#Photography
#Macro #ECK
#ZebraLongwing"
2026-09-17T12:45:56.838Z,u01,p0229,"Yes, it was taken at the garden centre on Tuesday. Thank you for the suggestion! I have a few good ones from the rose section. 😄🐝"
2026-09-17T09:32:39.313Z,u01,p0228,Now you're just ruffling my feathers. 😄
2026-09-17T09:30:33.872Z,u01,p0227,🤣🤣
2026-09-17T09:06:38.008Z,u01,p0226,#Bloomscrolling #ColorADay #YellowThu
2026-09-17T08:53:43.824Z,u01,p0225,"#InsectThursday
#Photography
#ECK
#Bee #WeeBee"
2026-09-17T08:47:48.447Z,u01,p0224,"Beautiful flowers, Graham. 🌸"
2026-09-17T08:44:58.028Z,u01,p0223,"Good one, Graham. You quacked me up. 😄😁"
2026-09-17T08:39:19.077Z,u01,p0222,"What a wonderful day, Linda.  I'm envious. I love London. 😄"
2026-09-17T08:36:27.252Z,u01,p0221,"Beautiful shot, Bill."
2026-09-17T08:35:12.512Z,u01,p0220,"Beautiful shot, Gray."
2026-09-17T08:34:12.458Z,u01,p0219,"Beautiful shot, PB."
2026-09-17T07:58:37.473Z,u01,p0218,"No. No. I'll bee getting up and buzzing over to the coffee shop soon. It's a hive of activity. Well, maybe not that busy but a few of us buzz around at 6.00 a.m."
2026-09-17T07:49:25.214Z,u01,p0217,I wish I'd thought of that  Graham but it is only 3.45 a.m. here. He'll get out on good beehiviour. 🤣
2026-09-17T07:45:51.382Z,u01,p0216,"Have a good day, Soph. 😃😃"
2026-09-17T07:41:15.541Z,u01,p0215,Beehave you two. The wee bee will bee found innocent and will bee released. 😆
2026-09-17T07:33:19.857Z,u01,p0214,"Beautiful shots, Rob."
2026-09-16T18:58:55.567Z,u01,p0213,"You seem to have hit a bit of a rough patch, Graham. I hope your spirits lift soon. 🫶 🌺"
2026-09-16T18:55:25.579Z,u01,p0212,Sometimes I get busy and I don't have enough time to scroll through. Today was like that but I did get a lot done. 😄
2026-09-16T18:40:44.408Z,u01,p0211,"I seem to have missed some of your posts today.  This is such a good photo, Graham. What a fluffy bee! 🐝"
2026-09-16T18:35:37.507Z,u01,p0210,"Great shot, Graham! Hope you are having a good day. 😊"
2026-09-16T18:34:16.430Z,u01,p0209,"Great shot, Julie. 😀"
2026-09-16T15:51:25.902Z,u01,p0208,"Beautiful shot, Rina."
2026-09-16T15:50:41.614Z,u01,p0207,"Great shot, Dave."
2026-09-16T15:47:23.139Z,u01,p0206,Thanks Mairead. That was a fun one to do. 😂
2026-09-16T15:06:52.467Z,u01,p0205,"#Photography
#Macro
#ECK
#Bee #WeeBee"
2026-09-16T15:02:27.413Z,u01,p0204,"Lovely shot, Mairead. 🪰"
2026-09-16T14:43:27.854Z,u01,p0203,Thanks ILDI. 😄
2026-09-16T13:17:49.448Z,u01,p0202,🤣🤣 Short arguments on both sides.
2026-09-16T13:14:31.332Z,u01,p0201,"Beautiful, Michele!"
2026-09-16T13:13:58.690Z,u01,p0200,"Fabulous shot, PB!"
2026-09-16T13:06:24.890Z,u01,p0199,"#AlphabetChallenge #WeekKforKn #Photography #ECK

This knobbled Canadian Tiger Swallowtail, with his knurly wings, was too knackered to find his favourite knapweed, but he knew he had the knack to find the Black Knight Butterfly Bush on the knoll. 🤭"
2026-09-16T13:01:18.036Z,u01,p0198,"Hartelijk dank, Rien. 😃"
2026-09-16T12:54:28.018Z,u01,p0197,It was a lovely surprise and an awesome view.  😍
2026-09-16T12:19:25.302Z,u01,p0196,"Thank you so much, Rina. 🤗"
2026-09-16T11:38:41.393Z,u01,p0195,"#Bloomscrolling
#ColorADay
#RedWed
#Photography #ECK
#Dahlia"
2026-09-16T09:41:47.470Z,u01,p0194,"The view from our room in Niagara Falls last week. Our wonderful son arranged a surprise room upgrade for us, to a Falls view.  He is so very thoughtful! 😍
#WaterfallWednesday #Photography #ECK #WaterWednesday"
2026-09-16T09:40:43.464Z,u01,p0193,🤣🤣🤣 Perfect!!
2026-09-16T08:47:59.645Z,u01,p0192,"Knabbed. 🤣🤣 Wonderful shot, Soph."
2026-09-16T08:46:42.703Z,u01,p0191,"Beautiful shot, Barrie."
2026-09-16T08:45:59.689Z,u01,p0190,"Great shot, Gladner."
2026-09-16T08:44:36.203Z,u01,p0189,"Great shots, Rob!! Hope you're keeping well. 🙏"
2026-09-16T08:41:52.081Z,u01,p0188,"I'm with Graham. I had to look up the meaning of knosp!! 😄😄  Beautiful image, Soph."
2026-09-16T08:37:32.328Z,u01,p0187,"Lovely shot of Gandalf, Bill."
2026-09-16T08:36:40.420Z,u01,p0186,"Beautiful shot, Helen. Hope you have a good day. 😃"
2026-09-16T08:33:17.247Z,u01,p0185,"Beautiful rose and wee bee! Lovely shot, Soph. 🐝"
2026-09-16T06:38:36.392Z,u01,p0184,"Thank you, Luis."
2026-09-16T00:43:56.308Z,u01,p0183,"Thank you, Robyn 😃"
2026-09-15T23:59:59.206Z,u01,p0182,"Thank you kindly, Mairead. 🤗🦆"
2026-09-15T23:40:13.592Z,u01,p0181,"Beautiful, Shannon."
2026-09-15T23:38:01.574Z,u01,p0180,"Beautiful shots, Wanda. 🌞"
2026-09-15T22:46:34.589Z,u01,p0179,Thank you for asking. 😃
2026-09-15T22:45:31.224Z,u01,p0178,I'm doing really well. We spent 2 days in Niagara Falls last week and our thoughtful son arranged with the hotel to upgrade us to a room overlooking the falls. 😃 I went to the butterfly conservatory there and had a wonderful time. 🦋🦋
2026-09-15T22:42:04.062Z,u01,p0177,I went back to the garden centre today. There were a couple of bees in the roses but no others. I think it will several months before they appear again.  🐝🐝
2026-09-15T22:32:34.980Z,u01,p0176,"Good night, Graham. Have a good rest."
2026-09-15T22:29:53.604Z,u01,p0175,I'm so pleased that you have your independence back!  Your dog must have been so happy to go for a walk with you again. 😃🐕
2026-09-15T20:19:57.805Z,u01,p0174,"Thank you kindly, AB."
2026-09-15T20:18:56.678Z,u01,p0173,"Good! There have been a few times that I saw a sunrise in my rear view mirror, and had to pull over to get it. 😀"
2026-09-15T20:16:22.088Z,u01,p0172,"Thank you, Rien, I did have a great day. A visit to the garden centre to take a few bee shots before they disappear and then a walk around a conservation area. 😃"
2026-09-15T20:15:00.252Z,u01,p0171,Great. I look forward to seeing it. 🌞
2026-09-15T19:42:29.344Z,u01,p0170,"Thank you so much, Rina. 🤗"
2026-09-15T19:39:36.475Z,u01,p0169,"Beautiful shot, Deb."
2026-09-15T19:38:31.876Z,u01,p0168,"Beautiful shot, Kort."
2026-09-15T19:35:54.183Z,u01,p0167,"Love that shor, Dan."
2026-09-15T19:32:31.187Z,u01,p0166,"Beautiful shot, Rien. I'm glad you had a great day. 😃"
2026-09-15T19:31:24.882Z,u01,p0165,He certainly does have a quizzical look on his little face! 😃
2026-09-15T19:30:03.874Z,u01,p0164,"Two beautiful photos, AB!"
2026-09-15T19:28:52.743Z,u01,p0163,"So beautiful, IG! I hope you are fully recovered now. 🌸"
2026-09-15T19:27:15.124Z,u01,p0162,"So beautiful, Graham! 🌹"
2026-09-15T19:23:46.438Z,u01,p0161,"What a great shot, Graham. 🐦‍⬛"
2026-09-15T19:18:53.008Z,u01,p0160,Beautiful Coral. I managed to a shot of one at the Butterfly Conservatory. 😍
2026-09-15T19:17:30.201Z,u01,p0159,"Lovely shot, Robyn."
2026-09-15T19:16:53.604Z,u01,p0158,"Beautiful shot, Richard."
2026-09-15T19:11:33.852Z,u01,p0157,"A late post for the #BirdOfTheDay alt theme #Silhouette. 
#Photography #ECK #Mallards."
2026-09-15T19:05:21.552Z,u01,p0156,"Lovely shot, Barbara. I took that photo at the Toronto Botanical Gardens. They were everywhere! 🦋"
2026-09-15T19:03:34.574Z,u01,p0155,The dappled sunlight was perfect that day. I took so many photos of Monarchs that particular day that I need to delete a few.  They are starting to look alike. 😀
2026-09-15T19:01:10.525Z,u01,p0154,Especially after a long walk through the conservation area. 😃
2026-09-15T18:49:47.066Z,u01,p0153,I'm pleased you saw it too. It didn't last long and it turned to a gold colour shortly after I took this. 😍
2026-09-15T17:34:11.734Z,u01,p0152,"Yes! I was sipping coffee, having a conversation with someone at the next table, when the colour just caugh my eye. 🌞"
2026-09-15T16:04:59.545Z,u01,p0151,"Thank you so much, Robert."
2026-09-15T12:44:26.643Z,u01,p0150,"Beautiful, Mairead. 🐝"
2026-09-15T12:43:27.181Z,u01,p0149,They are so sweet!! 😀
2026-09-15T12:41:50.661Z,u01,p0148,"I spotted this sunrise from the coffee shop this morning. I ran outside (well, more like walked quickly) and took it from the parking lot. Within 5 minutes, it turned to a golden yellow.🌞
#Photography #ECK #Sunrise"
2026-09-15T12:33:08.070Z,u01,p0147,"Thank you so much, PV!."
2026-09-15T12:20:02.145Z,u01,p0146,"That's lovely! I always chat with the man who cleans up the parking lot at the coffee shop where I go. There is a school across the street and students drop litter, even though there are litter bins every 20ft. He is very interesting to talk to."
2026-09-15T12:05:54.892Z,u01,p0145,"Thank you kindly, Robert. 🐞"
2026-09-15T12:04:16.886Z,u01,p0144,Beautiful shot!
2026-09-15T11:23:14.857Z,u01,p0143,"Rest awhile, as you walk the trail at the conservation area.
#ColorADay #BlueTue #Photography #ECK #MuskokaChairs"
2026-09-15T09:39:53.423Z,u01,p0142,"A monarch butterfly.
#Photography #Butterflies #ColorADay #BlueTue #ECK"
2026-09-15T08:47:04.727Z,u01,p0141,"Thank you kindly, Julie. 😀"
2026-09-15T08:45:51.604Z,u01,p0140,"With temperatures getting cooler, I must go back again this week before they disappear. No matter where I go, I always chat with the workers too. 😃"
2026-09-15T08:33:03.483Z,u01,p0139,"What a beautiful bird. Wonderful shot, PB."
2026-09-15T08:27:45.916Z,u01,p0138,Beautiful shot! ✨️
2026-09-15T08:26:04.965Z,u01,p0137,Knotty is cute! 😆
2026-09-15T05:56:33.979Z,u01,p0136,"Beautiful shot, ILDI. 🌳"
2026-09-15T00:09:52.383Z,u01,p0135,I didn't see this in time to say goodnight but hoping you have a restful night's sleep. I took your advice and drove to a garden centre today. I found several bees around the roses! Thank you! ⚘️😄
2026-09-14T23:56:13.504Z,u01,p0134,"Lovely shot, Julie."
2026-09-14T23:37:58.940Z,u01,p0133,"Thank you so much, Gray. ⚘️"
2026-09-14T21:17:46.955Z,u01,p0132,"Thank you kindly, Robert."
2026-09-14T21:17:00.512Z,u01,p0131,"Thank you so much, Mairead."
2026-09-14T20:14:04.607Z,u01,p0130,"Beautiful shot, Ted."
2026-09-14T20:12:45.370Z,u01,p0129,"Beautiful, Harold."
2026-09-14T20:11:36.133Z,u01,p0128,"So beautiful, Coral! 🦋"
2026-09-14T20:10:27.312Z,u01,p0127,"So lovely, Creight!"
2026-09-14T20:09:19.662Z,u01,p0126,"Lovely shot, Rina."
2026-09-14T20:07:27.873Z,u01,p0125,Thank you Mairead. I took Graham's advice @oldmanrambling.bsky.social and checked the garden centre for bees. I found them in the roses! 🐝😄
2026-09-14T18:04:37.518Z,u01,p0124,"Such a beautiful shot, Mairead. ✨"
2026-09-14T18:03:03.369Z,u01,p0123,"Thank you, Luis. It was a nice surprise to spot it in the park. 😊"
2026-09-14T17:26:00.844Z,u01,p0122,"A bumblebee lands on a pink rose, ready to extract the nectar.
#MacroMonday #Bee #WeeBee #ColorADay #PinkMon #Insects #Photography #ECK"
2026-09-14T17:08:44.767Z,u01,p0121,"Thank you kindly, Helen. 😊"
2026-09-14T13:44:07.865Z,u01,p0120,"You are very welcome, Gray. 🙂"
2026-09-14T13:40:45.348Z,u01,p0119,So funny and a gorgeous photo!! 😂
2026-09-14T13:39:21.532Z,u01,p0118,"Thank you so much, RP."
2026-09-14T13:37:07.997Z,u01,p0117,"Thank you kindly, Rien. 🐞"
2026-09-14T13:21:44.753Z,u01,p0116,I have one shot of a common blue with open wings but both wings had large bite marks on them. I didn't know that butterflies can be so aggressive.
2026-09-14T13:16:14.556Z,u01,p0115,"Thank you kindly, Mairead. Another beautiful day today. 🌞"
2026-09-14T13:14:55.176Z,u01,p0114,"Thank you, Joy. It is native to Central and South America. I spotted it last week at a butterfly conservatory."
2026-09-14T13:06:33.805Z,u01,p0113,"So beautiful, Tony."
2026-09-14T12:42:32.574Z,u01,p0112,"An absolutely beautiful capture, Pete. 🦋"
2026-09-14T12:40:19.578Z,u01,p0111,"Beautiful shot, PB."
2026-09-14T12:38:01.328Z,u01,p0110,🤣
2026-09-14T12:37:08.044Z,u01,p0109,"So lovely, Michele."
2026-09-14T12:36:11.280Z,u01,p0108,Beautiful! 🦋
2026-09-14T12:24:36.098Z,u01,p0107,"Thank you kindly, Soph. 🦋"
2026-09-14T12:08:29.770Z,u01,p0106,"#MacroMonday
#Insects
#Photography
#ECK
#AsianLadyBeetle"
2026-09-14T11:46:20.271Z,u01,p0105,"Thank you so much, Graham. We had a wonderful 2 days in Niagara Falls last week. I could have spent the whole time at the butterfly conservatory. 🦋"
2026-09-14T11:43:53.544Z,u01,p0104,I realized that too late in life but I'm making up for it now. 😀
2026-09-14T08:49:23.391Z,u01,p0103,So beautiful and innovative!
2026-09-14T08:47:17.656Z,u01,p0102,"Wonderful, Gary, except for the photo of JD Vance. Up to that point, I was enjoying the photos and stories. 😃"
2026-09-14T08:42:23.159Z,u01,p0101,"Wonderful capture, Gray. I saw my first red-shouldered hawk last week. He was sitting on the roof of a coffee shop that I go to. 😆"
2026-09-14T08:38:09.329Z,u01,p0100,Beautiful Linda. I hope you have a wonderful day at  Wisley.
2026-09-14T08:04:52.246Z,u01,p0099,"#MacroMonday
#ColorADay
#PinkMon
#Bloomscrolling
#Photography #ECK
#Rose"
2026-09-14T07:43:18.818Z,u01,p0098,"Wonderful double capture, Mairead. 🦋🐝"
2026-09-14T07:41:20.610Z,u01,p0097,"Beautiful capture, Hel Jel!"
2026-09-14T07:37:34.133Z,u01,p0096,I plan to spend it wisely. I spent way too much time putting work first. 😃 Now it's time for 🐝⚘️🦋
2026-09-14T07:30:32.665Z,u01,p0095,"It's a beautiful knick-knack, Soph. Wonderful raindrop. 😃"
2026-09-14T07:17:17.099Z,u01,p0094,"Beautiful photos, Rob. Have a wonderful week. 😃"
2026-09-14T07:13:57.231Z,u01,p0093,"Lovely flower, Rina. I hope you have a wonderful week.🌸"
2026-09-14T07:11:56.205Z,u01,p0092,"Beautiful, Barrie!"
2026-09-14T07:10:29.143Z,u01,p0091,"Beautiful, Graham. I have never seen a Red-tailed Bumblebee. I have so much to see and so little time to see it. 🤣"
2026-09-14T07:06:53.662Z,u01,p0090,"Beautiful shot, Gray."
2026-09-14T07:05:13.887Z,u01,p0089,"Beautiful capture, Helen. Have a wonderful week. 😃"
2026-09-14T07:00:45.351Z,u01,p0088,"Thank you, Alina. It was a wonderful experience. 🦋"
2026-09-13T23:09:47.499Z,u01,p0087,"What a wonderful thing to do, IG. I wish there were more people like you and your community. The family that you are helping must be so overwhelmed by the support and kindness. 🤗"
2026-09-13T22:10:00.249Z,u01,p0086,I always have to delete  about 90% of photos that I take. I'm not very good at this yet. 😄
2026-09-13T22:02:28.778Z,u01,p0085,"Thank you kindly, Luis."
2026-09-13T21:10:02.130Z,u01,p0084,"It was my first time there, so I took a lot of time and a lot of photos. 🦋 😀"
2026-09-13T20:41:30.769Z,u01,p0083,"I was going to add 'if you know any' but decided not to be insulting so late on a Sunday evening, after you have worked hard in your garden. 🤣🤣"
2026-09-13T20:37:38.581Z,u01,p0082,Beautiful. I certainly won't get tired of seeing them. 😄
2026-09-13T20:34:47.454Z,u01,p0081,"Absolutely gorgeous, BG."
2026-09-13T20:32:46.302Z,u01,p0080,Yes. That one has much more class and is befitting of a country gentleman.
2026-09-13T19:59:03.960Z,u01,p0079,"Oh, I see. You're not as daft as I thought. 🤣🤣"
2026-09-13T19:55:28.987Z,u01,p0078,The dive head first into the side pocket!! 🤣🤣🤣
2026-09-13T18:05:36.943Z,u01,p0077,"Thank you so much, Mairead. 🙂"
2026-09-13T18:04:10.250Z,u01,p0076,Yes he does! 😀
2026-09-13T18:00:08.167Z,u01,p0075,"What a great shot, Debby."
2026-09-13T17:59:25.012Z,u01,p0074,"Beautiful shot, Kort."
2026-09-13T17:58:50.085Z,u01,p0073,"Great purchase, Graham. 😀"
2026-09-13T17:54:43.807Z,u01,p0072,What a beautiful butterfly. I have never seen one. ⭐️
2026-09-13T17:52:27.938Z,u01,p0071,"Great shot, Barrie."
2026-09-13T17:50:52.086Z,u01,p0070,"So beautiful, Robyn."
2026-09-13T17:49:04.245Z,u01,p0069,"Thank you kindly, Jonathan."
2026-09-13T16:56:44.853Z,u01,p0068,"Thank you so much, Mairead. 🙂"
2026-09-13T15:48:54.546Z,u01,p0067,"A Tiger Longwing butterfly for #Stunday. Taken at the Niagara Falls Butterfly Conservatory last week.
#Photography #Butterflies #OrangeSun #ColorADay #ECK"
2026-09-13T15:11:05.136Z,u01,p0066,It's so wonderful that you have a magical place to escape to occasionally. I don't know if I'll ever get there. My hubby isn't keen on long drives any more. 😊
2026-09-13T15:08:45.860Z,u01,p0065,"Thank you, Joy. It was taken from my balcony."
2026-09-13T15:07:15.211Z,u01,p0064,I've just followed Ian. Thanks for the heads up. 😀
2026-09-13T14:59:27.446Z,u01,p0063,"Thank you so much, Susan!! Just what I need at this busy time. 🤗"
2026-09-13T14:55:00.262Z,u01,p0062,Hmm. I guess I would have to be charming to get his attention. I'll work on that.....
2026-09-13T14:49:14.100Z,u01,p0061,"Another glorious shot, Soph. Your safari really was a success! 😄🐝"
2026-09-13T14:46:04.354Z,u01,p0060,"I'm a bit too late, so I'll check back tomorrow (unless you close on Mondays). 😄"
2026-09-13T14:44:20.166Z,u01,p0059,"Such a beautiful shot, Bill."
2026-09-13T14:43:17.315Z,u01,p0058,"I've seen that look from a cardinal!! Great shot, jriegs."
2026-09-13T14:42:38.148Z,u01,p0057,"A beautiful scene, Patricia."
2026-09-13T14:42:03.405Z,u01,p0056,"So beautiful, Joy."
2026-09-13T13:39:47.300Z,u01,p0055,"#SundayYellow
#Bloomscrolling
#FlowersOnSunday
#Stunday #ECK
#GloriosaDaisies"
2026-09-13T10:37:50.296Z,u01,p0054,"#Stunday
#ColorADay
#OrangeSun
#Photography
#Sunset #ECK"
2026-09-13T10:27:12.268Z,u01,p0053,So beautiful. Mairead.
2026-09-13T09:56:39.672Z,u01,p0052,"This common grackle was not happy when he was disturbed.
#BirdOfTheDay #AngryBirds #Photography #Birds #ECK"
2026-09-13T09:53:19.272Z,u01,p0051,"Wow. So beautiful, Joy. 😍"
2026-09-13T09:50:33.813Z,u01,p0050,"Beautiful shot, Kelly."
2026-09-13T09:49:19.729Z,u01,p0049,"Beautiful shot, Bill."
2026-09-13T09:46:55.914Z,u01,p0048,"Great shot, Graham.  I'd love to get a coffee there and chat with the owner. 😄"
2026-09-13T09:43:17.047Z,u01,p0047,"Incredible capture, JPK. So beautiful! 😀"
2026-09-13T09:40:09.021Z,u01,p0046,"Great shot, PacBirds! 😄"
2026-09-13T09:39:12.721Z,u01,p0045,They need to organize and be part of the WIU. (Wee Insect Union).
2026-09-13T09:37:37.465Z,u01,p0044,"With summer coming to a close, I hear that a memo went out to all bees to work double, or even triple, shifts. 😃"
2026-09-13T09:35:29.018Z,u01,p0043,The look is quite 'disapproving' of your intrusion. Great shot! 😄
2026-09-13T09:33:43.198Z,u01,p0042,"Lovely photo, Linda and I love the wee bee in the centre. 😃"
2026-09-13T09:32:20.189Z,u01,p0041,"Gorgeous shot, Graham. 😍"
2026-09-13T09:27:18.897Z,u01,p0040,"Wow. Such a beautiful shot, Gray."
2026-09-13T09:26:21.126Z,u01,p0039,"Beautiful shot, Rien. Prachtig! 😀"
2026-09-13T09:16:56.956Z,u01,p0038,A beautiful wee raindrop. 😄
2026-09-13T08:27:36.644Z,u01,p0037,"Stunning shot, Soph! ✨"
2026-09-13T08:25:39.620Z,u01,p0036,"Amazing shot, Soph! Love it."
2026-09-13T08:24:38.433Z,u01,p0035,"Beautiful shot, Gray. 🕷️"
2026-09-13T07:54:16.723Z,u01,p0034,"Oh my goodness. That look! Is that the look you talk about getting from birds?? 😂 Great shot, Alan."
2026-09-13T01:02:57.742Z,u01,p0033,"Thank you kindly, Rob."
2026-09-13T01:01:11.322Z,u01,p0032,"Great shot, Gray."
2026-09-12T20:49:23.155Z,u01,p0031,"Good night, Graham. What do you mean 'probably'? You'd better be here! 😀"
2026-09-12T20:47:42.208Z,u01,p0030,"Beautiful shot, Michael."
2026-09-12T20:09:28.641Z,u01,p0029,"Beautiful, Jon."
2026-09-12T18:58:04.503Z,u01,p0028,"You're very welcome, Rina. 😄"
2026-09-12T18:12:34.219Z,u01,p0027,So beautiful. 🙂
2026-09-12T18:07:57.455Z,u01,p0026,Love it. Graham.
2026-09-12T15:33:01.230Z,u01,p0025,"Beautiful shot, Bill. Duncan is gorgeous! 😄"
2026-09-12T15:32:05.774Z,u01,p0024,"What a beautiful little bird, Dave. Lovely shot!"
2026-09-12T15:30:08.279Z,u01,p0023,Beautiful shot! 🌺
2026-09-12T15:28:22.341Z,u01,p0022,Thank you so much! 😊
2026-09-12T15:16:35.182Z,u01,p0021,"Thank you, Michele. I hope you're having a great weekend!"
2026-09-12T14:57:55.055Z,u01,p0020,"Sweet little bird, Cindy. 😊"
2026-09-12T14:41:27.381Z,u01,p0019,"#GreenSat
#ColorADay
#Photography
#Macro #ECK
#Fittonia"
2026-09-12T14:29:40.050Z,u01,p0018,"Thank you kindly, Robert."
2026-09-12T14:29:06.794Z,u01,p0017,Everything ok with you and Sam? I hope you didn't get lost on your walk or mugged by a flock of Eurasian Jays looking for more peanuts.
2026-09-12T14:24:46.303Z,u01,p0016,Beautiful shot Bill.
2026-09-12T13:09:32.415Z,u01,p0015,"For Jane's #SmallBirdSaturday, I have a white-crowned sparrow inspecting the seeds that are scattered around him and he has found one that he likes.
#Photography #Birds #ECK"
2026-09-12T12:58:45.195Z,u01,p0014,"So gorgeous, PacBirds!"
2026-09-12T12:57:57.215Z,u01,p0013,"Beautiful shot, Rina. 😍"
2026-09-12T10:30:57.811Z,u01,p0012,"Thank you kindly, Mairead."
2026-09-12T09:41:24.258Z,u01,p0011,So beautiful. Mairead. 💚
2026-09-12T09:32:28.277Z,u01,p0010,"😃😃 Brilliant, Tony."
2026-09-12T09:31:00.204Z,u01,p0009,"A beautiful wee bee. Gorgeous, Soph. Have fun on your safari today! 🐝🐝😃"
2026-09-12T08:56:52.405Z,u01,p0008,"#BlueSkyArtShow
#Undulating
#Photography
#ECK
#LakeOntario"
2026-09-11T22:48:38.526Z,u01,p0007,"Beautiful, Jocelyn."
2026-09-11T22:38:36.143Z,u01,p0006,"Lovely, Patsy. 💜"
2026-09-11T21:52:22.847Z,u01,p0005,"Beautiful shot, Helen. 🦋"
2026-09-11T21:51:19.671Z,u01,p0004,"Thank you so much, Katrina."
2026-09-11T21:50:53.312Z,u01,p0003,"Thank you kindly, Paul."
2026-09-11T21:23:11.701Z,u01,p0002,These are such wonderful photos and memories. Thank you for sharing them. ❤️
2026-09-11T21:18:21.686Z,u01,p0001,"Lovely, Rien."
2026-09-23T12:17:34.806Z,u04,p1815,"Die #Brandmauer der Union steht.

Also die gegen die Linke."
2026-09-23T12:13:03.304Z,u04,p1814,"Die Union bewirft alle mit Dreck, aber bekämpft nie die massive Korruption in den eigenen Reihen – im Gegenteil: das 
Informationsfreiheitsgesetz #IFG, mit dem #CumEx und #Maskendeals aufgedeckt wurden, soll jetzt entsorgt werden.
Wer Transparenz abschafft, hat etwas zu verbergen."
2026-09-23T10:33:56.932Z,u04,p1813,In jeder Partei gibt es Antisemitismus - Studien zufolge rechts *mehr* als links. Aber nur bei den Linken wird das angeprangert? 🤷
2026-09-23T09:22:21.682Z,u04,p1812,"Internationaler Haftbefehl wegen mutmaßlicher Kriegsverbrechen – aber wer #Netanjahu kritisiert, soll Antisemit sein? Wer diese Gleichung aufmacht, verwechselt den Schutz von Juden mit dem Schutz eines Mannes, der sich vor einem Gericht verantworten müsste."
2026-09-23T08:58:24.045Z,u04,p1811,Scheint so als wollten die Menschen nicht nur günstigeres Benzin sondern vor allem günstigere Mieten.
2026-09-22T20:24:38.062Z,u04,p1810,"​🚨 7 von 9 planetaren Grenzen sind überschritten – unsere natürlichen Puffer wie Wälder & Ozeane stoßen an ihre Grenzen.
Wir haben das Wissen und die Lösungen, um umzusteuern – wenn wir gemeinsam und schnell handeln. 🌍🌱
#PlanetaryHealthCheck2026 👇

www.pik-potsdam.de/en/news/late..."
2026-09-22T15:04:28.519Z,u04,p1809,Wer denn sonst? Alle anderen werden von vorneherein abgelehnt.
2026-09-22T10:31:48.317Z,u04,p1808,"Ok, Weidel sagt die Nazis waren ""links"" aber dann war Weidels Nazi-Opa ja auch ein Linker 🤷 und das wäre in AfD-Kreisen ja wohl die größere Beleidigung 🤔"
2026-09-22T09:29:22.824Z,u04,p1807,"35%, die Fascho wählen und da ist die Union noch nicht mitgerechnet - wir *müssen* die Rechte Hälfte wieder einfangen. Aber seriös, nicht wie die Unions Rechtspopulisten."
2026-09-22T07:28:19.365Z,u04,p1806,"Ja, schwierig.
Ich finde die Linke insgesamt interessant und sinnvoll - aber nicht unbedingt auf Bundesebene, wo es um Außenpolitik geht.
Aber die Kommunen brauchen mitte-links Politik."
2026-09-22T07:21:08.610Z,u04,p1805,"Genau das meine ich - lehne nicht demokratische Parteien ab, nur weil  da paar Spinner mitlaufen, die gibt es in jeder Partei - die Alternative ist leider, dass eine Partei, die nur aus Spinnern besteht, das Land übernimmt."
2026-09-22T07:17:24.769Z,u04,p1804,"Ja, Spinner hast du in jeder Partei. Aber die Alternative dazu wäre: eine Partei, die *nur* aus Spinnern besteht, übernimmt das Land."
2026-09-21T20:18:33.609Z,u04,p1803,"Wie steht Friedrich Merz zum Thema gesetzliche Krankenversicherung GKV / private Krankenversicherung PKV?
So wie er heute gesagt hat?
Oder so wie seine Erklärbären heute gesagt haben, wie er es ""eigentlich"" gemeint hat?

Der Typ kommuniziert als wäre Deutsch für ihn Neuland..."
2026-09-21T17:25:04.312Z,u04,p1802,"Das ist reine Theorie. 
In der Praxis hast du 35%, die Fascho wählen und da ist die Union noch nicht mitgerechnet - wir *müssen* die Rechte Hälfte wieder einfangen."
2026-09-21T17:24:20.552Z,u04,p1801,"Das ist reine Theorie. 
In der Praxis hast du 35%, die Fascho wählen und da ist die Union noch nicht mitgerechnet - wir *müssen* die Rechte Hälfte wieder einfangen."
2026-09-21T17:22:11.120Z,u04,p1800,"Das *kann* auch CDU CSU sein, im Kleinen - in den Kommunen, Städten. Meistens nicht, ich weiß."
2026-09-21T15:00:54.776Z,u04,p1799,"Du nicht, aber der Staat, der 35% Fascho-Wähler hat."
2026-09-21T15:00:04.474Z,u04,p1798,"Grüne, Linke, SPD:
Friedenspfeife raus, die Arme unterhaken.
     🤝
Ihr habt Unterschiede, aber dieselbe Basis: Solidarität und Zukunftsfähigkeit.
Der Gegner steht rechts, und er ist groß."
2026-09-21T14:38:07.799Z,u04,p1797,"CDU kann sterben gehen.

Wir brauchen weniger Korruption, weniger Lügen, weniger Bremse, weniger Gestern.

Wir brauchen eine echt konservative Partei mit mehr Empathie, mehr Bürgernähe, mehr Solidarität, mehr Mut.

Diese Lücke wird einzig vom Realo-Flügel der Grünen abgedeckt."
2026-09-21T14:32:29.709Z,u04,p1796,🥳
2026-09-21T14:26:03.418Z,u04,p1795,"Merz und Trump kämen gut miteinander klar, sagte Merz."
2026-09-21T14:24:07.724Z,u04,p1794,Klingt nach dem AfD Programm 🤷
2026-09-21T10:55:28.931Z,u04,p1793,"Lösch das, das kostet richtig Geld."
2026-09-21T10:48:43.568Z,u04,p1792,"Das Motto einer echt konservativen Partei könnte sein:

Bewahre, was gut ist. Reformiere, was nicht mehr funktioniert. Verhindere, dass kurzfristige Interessen langfristig zerstören.

Die Merz Union ist *nicht* konservativ, sondern rechtspopulistisch."
2026-09-21T07:19:42.061Z,u04,p1791,Isso. 🤷⬇️
2026-09-21T07:14:23.348Z,u04,p1790,Berlin hat Autokorrektur gewählt.
2026-09-21T07:08:49.912Z,u04,p1789,"Egal wie gut mir jemand Scheiß Reformen erklären will, es bleiben Scheiß Reformen. 🤷"
2026-09-21T06:48:57.212Z,u04,p1788,"Bevor ihr mich wieder anzeigen wollt:
Lügen zB beim Thema Sondervermögen in der Opposition vs. als Regierung.
Korruption zB liegt der Verdacht sehr nahe bei Maskendeals, Vertuschen von CumEx, Insistieren auf Öl, Gas, Verbrenner"
2026-09-21T06:44:54.482Z,u04,p1787,"Ja, Deutschland braucht eine starke konservative Partei - allein schon, um etliche Wähler der AfD wieder einzufangen.
Aber NEIN, Deutschland braucht NICHT die Merz, Spahn, Linnemann, Reiche, Amthor, Söder, Dobrindt Union - die steht für Lügen, Korruption, Rückwärtsgang, Spaltung."
2026-09-20T23:10:18.161Z,u04,p1786,"C lub
D er
U nterperformer"
2026-09-20T21:42:07.089Z,u04,p1785,"Ein Bundeskanzler, der sagen muss, dass er fest im Sattel sitzt.
   🤝
Ein US-Präsident, der immer wieder betont, wie intelligent er ist.

🤔🤷"
2026-09-20T21:25:05.835Z,u04,p1784,Oder evtl: Schwarz-Rot-Grün in #Berlin
2026-09-20T21:25:05.834Z,u04,p1783,Rot-Rot-Grün in #Berlin
2026-09-20T21:20:43.774Z,u04,p1782,"Rot-Rot-Grün in
#MecklenburgVorpommern"
2026-09-20T21:05:46.939Z,u04,p1781,"Beste Nachricht des Wahltages:
Die Russland-Partei #BSW ist 2x draußen."
2026-09-20T21:01:16.294Z,u04,p1780,"""Volkspartei"" mit 4,9% 🥳"
2026-09-20T20:55:44.637Z,u04,p1779,Die Kubicki-FDP wird endlich in Promille gerechnet!
2026-09-20T08:25:57.966Z,u04,p1778,"Die #AfD will die Reichsten der Reichen weniger besteuern - das bedeutet: weniger Geld im Haushalt.
Mit der AfD gäbe es also weniger Lehrkräfte, weniger Sozialarbeiter, weniger Bibliotheken, weniger Turnhallen, weniger Schwimmbäder, weniger Sanierung bei Straße und Schiene,..."
2026-09-19T20:17:33.794Z,u04,p1777,Meine Güte es ist ein schnelles Symbolbild für einen reichen Menschen mit teurem Auto
2026-09-19T20:15:52.851Z,u04,p1776,"Wer in den 1930ern Nazis bekämpfen wollte, wurde oftmals weggesperrt oder kam ins KZ.

Wer heute Nazis bekämpfen will, muss nur richtig wählen - demokratisch. Eine starke Demokratie verhindert Faschismus.

#Berlin #MecklenburgVorpommern"
2026-09-19T14:52:33.140Z,u04,p1775,"""Die einzige echte Schwachstelle, die das #Oktoberfest leider hat..."" sagt Markus Söder, und ich warte auf Dinge wie
- Alkoholismus
- Gewalt
- Diebstahl
- sexuelle Belästigung
- Vergewaltigungen
- ...

...nein, es ist der Bierpreis 🍺"
2026-09-19T14:26:17.798Z,u04,p1774,"Ja, hatte keinen Bock wegen Polizei warten länger bei diesen Pissern zu bleiben, sonst wäre ich da eskaliert. Aber zumindest hat jeder ein ""Fick dich!"" ins Gesicht bekommen."
2026-09-19T14:23:33.046Z,u04,p1773,"DANKE FÜR DEN #TANKRABATT 

Jeder Millionär, der zum Kaffeetrinken schnell mal Richtung Gardasee brettert, erhält *auch* eine aus Steuermitteln finanzierte Ermäßigung beim Tanken seines Porsche oder Ferrari.
🤡 Merz ist ein Genie. 🤡"
2026-09-19T14:11:10.805Z,u04,p1772,Null. Niemand. Nur andersrum.
2026-09-19T14:10:35.548Z,u04,p1771,"Heute ein AfD 💩 Stand mitten in Nürnberg 😤 (und daneben Antifa, Omas gegen Rechts, etc 👍) - ich gehe hin, stelle eine erste Frage, Antwort ist eine Lüge. Sage, dass das gelogen ist. Schwuppdiwupp umkreisen mich 4 Männer & bedrohen mich: ""Sie gehen jetzt besser!""
Scheiß Wixer💩"
2026-09-19T10:52:27.376Z,u04,p1770,"Hab die KI Claude nach Bezeichnungen für die letzten Bundeskanzler gefragt:

Helmut Kohl: DER AUSSITZER

Gerhard Schröder: DER BASTA-BARON

Angela Merkel: FRAU ALTERNATIVLOS

Olaf Scholz: DER ERINNERUNGSLOSE

Friedrich Merz: DER BESCHIMPFER

...passt gut 🤷🥳"
2026-09-19T10:13:12.522Z,u04,p1769,Entlastung über 0% Mehrwertsteuer auf Grundnahrungsmittel würde tatsächlich *jeden* entlasten 🤷
2026-09-19T10:02:23.684Z,u04,p1768,"Nein, sorry, der Tweet ist natürlich überzeichnet- die beiden heißen so, weil sie sich sträuben, eine Alternative auch nur in Erwägung zu ziehen - und wir alle sollen diese ignoranten Typen unterstützen.
Nicht der Verbrenner an sich ist gemeint sondern die ewiggestrige Ideologie dahinter."
2026-09-19T09:42:07.160Z,u04,p1767,"Heute am Bahnhof einer mittelgroßen Stadt in Mittelfranken, Bayern:

Es gibt 2 pünktliche Züge.
Es gibt 2 ausgefallene Züge.
Es gibt 6 Züge mit 20-40 Minuten Verspätung.

#Verkehrswende jetzt!
Geld für die Bahn statt #Tankrabatt!"
2026-09-19T09:35:50.305Z,u04,p1766,"Wir sind nur noch 2 oder 3 Unions Fraktionssitzungen entfernt von der Forderung nach einer Abwrackprämie für E-Autos, wenn stattdessen Verbrenner angeschafft werden 🥳
#Tankrabatt #FossilLobby"
2026-09-19T08:27:51.026Z,u04,p1765,"Richtig. Aber die war zumindest sinnvoll. Mobilitätswende, CO2-Reduzierung und so."
2026-09-19T08:09:27.210Z,u04,p1764,"Jeder Radfahrer, jeder ÖPNV-Fahrer, jeder Bahnfahrer, jeder E-Auto-Fahrer zahlt also jetzt für Diesel-Dieter, für Benzin-Bernd, für die Villen und Yachten und Privatflugzeuge der Fossilindustrie?
Danke Friedrich Merz, du Genie 🥳"
2026-09-19T08:02:30.775Z,u04,p1763,"Sorry liebe Kinder und Enkelgeneration, dass ihr 1000 Milliarden Euro #Sondervermögen plus Zins und Zinseszins zurückzahlen müsst, aber Diesel-Dieter und Benzin-Bernd wollten beim Tanken 5€ sparen - und nebenbei haben sich die Ölkonzerne die Taschen gefüllt und die spenden dann an die Union 🤷"
2026-09-18T20:27:08.902Z,u04,p1762,Aus Gründen. Mal wieder. ⬇️
2026-09-18T20:21:51.153Z,u04,p1761,"Wir vererben unseren Kindern

- Klimakatastrophe
- Rückzahlung ""Sondervermögen""

...nur damit Merz & Reiche noch einmal von Diesel-Dieter und Benzin-Bernd gewählt werden. Ach ja, und von Gasheizungs-Gertrud."
2026-09-18T20:17:11.680Z,u04,p1760,"CDU wenn...

Lebensmittelpreise steigen 🥱😴
Mieten steigen 🥱😴
Kinderarmut steigt 🥱😴
Löhne stagnieren 🥱😴
Benzinpreise steigen 😤⚡️😠💢👿"
2026-09-18T20:00:07.879Z,u04,p1759,"Merz pumpt Steuergelder in die Rachen der Fossilindustrie. Und unsere Kinder bezahlen dann das #Sondervermögen plus Zinsen.
www.n-tv.de/politik/Bund..."
2026-09-18T11:28:47.630Z,u04,p1758,"🏆
krasse Erklärung"
2026-09-18T10:42:13.699Z,u04,p1757,"Danke 🤜🤛
Klar hätte ich auch nen Link gehabt aber du vollkommen Recht, die 💩 sollen auch mal recherchieren lernen"
2026-09-18T09:38:21.939Z,u04,p1756,Du kennst euer eigenes Parteiprogramm nicht? 🤡
2026-09-18T07:14:38.185Z,u04,p1755,"Die AfD behauptet, sie wolle ""Remigration"", ""damit Frauen sich nachts wieder auf die Straße trauen.""

Gleichzeitig ist die AfD *gegen* die Istanbul-Konvention, die zum Ziel hat, Gewalt gegen Frauen und häusliche Gewalt zu verhindern und zu bekämpfen.

➡️ Der AfD sind Frauen egal."
2026-09-17T12:36:24.187Z,u04,p1754,"Anpassung an den Klimawandel, aber ohne die Abhängigkeit von der Öl-/Gas-Industrie zu beenden."
2026-09-17T08:15:30.285Z,u04,p1753,"Merz und Reiche bekämpfen die hohen Benzinpreise:
Preiserhöhung nicht mehr einmalig nach der #12UhrRegel sondern technologieoffen – jede Tankstelle erhöht, wie sie will. Wettbewerb muss man ja auch mal belohnen."
2026-09-16T14:23:31.100Z,u04,p1752,"Nur AfD-Wähler finden diese 3 Ausländer gut:

- Hitler, Kriegstreiber
- Putin, Kriegstreiber
- Trump, Kriegstreiber"
2026-09-16T08:33:45.677Z,u04,p1751,"Unsinn. Für alle E-Autos, die aktuell neu auf den Markt kommen, werden parallel tausende PV-Panele installiert & Windräder gebaut & Batteriespeicher angeschlossen & Ladeinfrastuktur geschaffen. Die Energiewende ist da, zumindest in der Mobilität.
Dein alles-schlecht-reden wird sie nicht verhindern."
2026-09-16T08:30:01.360Z,u04,p1750,"Nö, das ist zu kleinteilig *nur* auf Autofahrer mit Verbrenner und schließt Menschen mit E-Auto aus & Menschen ohne Auto sowieso.
Man könnte *allen* Menschen helfen zB mit Mehrwertsteuer auf 0% für Grundnahrungsmittel."
2026-09-16T08:27:02.670Z,u04,p1749,"Ja, korrekt. Aber Trump ist *noch* scheißer als Bush."
2026-09-16T07:14:59.921Z,u04,p1748,"Ein erneuter Tankrabatt soll jetzt also die CDU durch die anstehenden Landtagswahlen retten und die Kanzlerschaft des Friedrich Merz gleich mit - gekaufte Zustimmung, bezahlt aus Steuergeldern. Schäbig."
2026-09-16T07:11:36.321Z,u04,p1747,"Was ist dein Thema? Es ging grad um das Laden allgemein, nicht um 2 Speicher für dich privat (die du dank öffentlicher Lade Infrastruktur nicht brauchst, aber du willst nur kritisieren und stänkern)"
2026-09-16T06:58:55.019Z,u04,p1746,Wir sind grad im Zeitalter der Batteriespeicher und du bist noch im Mittelalter 🤷
2026-09-16T06:56:29.642Z,u04,p1745,"Wisst ihr noch als wir dachten Merkel ist ne schlechte Kanzlerin und George W. Bush ist der dümmste US Präsident aller Zeiten?
Das war ne schöne Zeit, also aus heutiger Sicht. 😬"
2026-09-15T21:38:54.219Z,u04,p1744,"You're right, if politicians like Mamdani (or Kamala, or AOC, or Pete) leave the country, almost all that remain are corrupt assholes.
Keep them. Protect them. Fight. ✊️"
2026-09-15T20:59:35.258Z,u04,p1743,"Good job. 👍 Can't you get a German passport and become our next Bundeskanzler, please? 🙏"
2026-09-15T18:26:04.550Z,u04,p1742,"Irgendwer profitiert immer mehr als andere. Aber deswegen gar nix zu machen ist fatal.
Irgendwie muss man anfangen."
2026-09-15T18:24:41.638Z,u04,p1741,"...und im Winter dann #Tankrabatt für alle, die immer noch Öl und Gas verbrennen oder was?
Von wegen ""der Markt regelt"" - die Union verpulvert unsere Steuergelder in den Rachen der Ölindustrie. 
#Energiewende jetzt!"
2026-09-15T18:21:59.990Z,u04,p1740,"Ich wusste es 😬⬇️
bsky.app/profile/lase..."
2026-09-15T18:16:35.971Z,u04,p1739,"Ja, gerne #Tankrabatt 👍
Aber erst, nachdem das #9EuroTicket wieder eingeführt wurde. Und bezahlt von den Rückzahlungen der #CumEx Betrügereien - da ist so viel Geld hinterzogen worden, das würde auch noch für den Ausbau von Bahn & ÖPNV reichen. 🤔"
2026-09-15T16:08:34.661Z,u04,p1738,"Eben doch, über den Tankrabatt aus Steuermitteln"
2026-09-15T15:58:14.085Z,u04,p1737,"Wenn der Benzinpreis zu hoch ist
dann sprechen

Menschen ohne Verstand von

- Tankrabatt
- ""hocheffiziente Verbrenner""
- ""Preiserhöhung nur um 12 Uhr""

Menschen mit Verstand von

- Übergewinnsteuer
- E-Mobilität
- Ausbau Bahn & ÖPNV"
2026-09-15T14:39:13.947Z,u04,p1736,"Warum sollte der Staat von Ölkonzernen eine Übergewinnsteuer einfordern wenn er ihnen per Tankrabatt weitere Milliarden schenken kann?
#Korruption"
2026-09-15T14:07:23.837Z,u04,p1735,Ja grundsätzlich richtig aber dieser Tweet soll absichtlich provokant aus Sicht der Arschlöcher sein
2026-09-15T13:13:47.168Z,u04,p1734,"Merz will wieder mal #Tankrabatt.
Und bezahlt werden soll er wohl aus dem KTF Klima- und Transformationsfonds: weniger Geld für die Energiewende, mehr für die fossile Industrie.
Die Klimazerstörer bekommen Geld aus dem Klimafonds.
Das exakte Gegenteil von seriöser Politik."
2026-09-15T12:42:33.480Z,u04,p1733,"Alexander ""Maut-Desaster"" #Dobrindt als Kanzler?
​Der Mann, der dem US-Überwachungsgiganten #Palantir die Tore öffnet, BVerfG-Urteile ignoriert und eine Abschiebebehörde nach Trumps ICE-Vorbild fordert?
#Datenschutz wird abgewickelt - gute Nacht, Rechtsstaat!"
2026-09-15T12:29:03.236Z,u04,p1732,"#Tankrabatt entlastet NICHT ""die Pendler"" sondern nur diejenigen mit Verbrenner-Kfz (also nicht: E-Auto-Fahrer, Bahnfahrer, ÖPNV-Fahrer, Radfahrer,...) - vor allem aber gehen unsere Steuergelder direkt in die Kassen der Ölindustrie: mehr Villen, mehr Yachten, mehr Koks
www.spiegel.de/wirtschaft/b..."
2026-09-15T08:48:21.317Z,u04,p1731,"Schon in 15 oder 20 Jahren gibt es kaum noch Verbrenner - wie sollen dann Öl-Multis, Scheichs, Putin ihre Villen, Yachten, Porsche, Nutten bezahlen?

✊️ Solidarität jetzt ✊️

➡️ aus Steuermitteln finanzierter #Tankrabatt jetzt! ⬅️"
2026-09-14T20:59:12.488Z,u04,p1730,"In schwierigsten Zeiten
den schlechtesten Kanzler
schwächt Vertrauen und Staat
und stärkt den Faschismus"
2026-09-14T16:39:05.530Z,u04,p1729,...und nachdem er reich geheiratet hat hat er der kleinen Kaniber (zuuuufällig unter Söder bayr. Landwirtschaftsministerin geworden) schöne Augen gemacht 💘
2026-09-14T16:22:46.302Z,u04,p1728,Die CDU wollte die Grünen zerstören & die AfD will die CDU zerstören. Typischer #Linksrutsch eben.
2026-09-14T15:39:21.564Z,u04,p1727,"#Tankrabatt entlastet NICHT ""die Pendler"" sondern nur diejenigen mit Verbrenner-Kfz (also nicht: E-Auto-Fahrer, Bahnfahrer, ÖPNV-Fahrer, Radfahrer,...)
www.t-online.de/nachrichten/..."
2026-09-14T15:25:58.151Z,u04,p1726,"Lasst euch nicht blenden von seinem fetischhaften Wurstgefresse und seinen schmutzigen Fingernägeln - auch Markus Söder ist ein Millionär, der Politik vor allem für Millionäre macht.
#EndeMerz"
2026-09-14T09:45:48.801Z,u04,p1725,"Auf mich hört ja keiner 🤷
bsky.app/profile/lase..."
2026-09-14T08:13:39.960Z,u04,p1724,🤪🥳 aBeR ChiiiiiiNA 🤪🥳
2026-09-13T15:32:13.931Z,u04,p1723,"Lerne Deutsch
...heute:
Deutsche Nomen und ihre Artikel

die Leihmutterschaft
die Maske
der Deal
die Vetternwirtschaft
die Korruption
der Haushaltsausschuss
die Politikverdrossenheit
das Spendendinner
die Doppelmoral
der Rechtsruck
das Koks
die Beweislage
die Justizvollzugsanstalt
das Spanferkel"
2026-09-13T09:06:44.743Z,u04,p1722,"Helmut #Kohl wollte die Deutsche Einheit schnell vollenden. Mit D-Mark, Treuhand und Privatisierung. Viel ostdeutsches Eigentum landete im Westen, Millionen verloren ihre Arbeit. Die #CDU produzierte also den Frust mit, von dem die #AfD Jahrzehnte später profitieren sollte. 🖕"
2026-09-13T08:48:56.649Z,u04,p1721,Wäre das ein Zitat über Weidel nach einem Wahlsieg der Grünen gäbe es einen ARD Brennpunkt 🤔
2026-09-13T08:46:59.929Z,u04,p1720,"#AfD Wähler:
Eklige Männer, die zum Saufen nach Malle fliegen und zum Bumsen nach Thailand aber Ausländer doof finden."
2026-09-13T08:02:45.492Z,u04,p1719,Ich sehe Parallelen 🤔
2026-09-13T07:54:20.660Z,u04,p1718,...und nach dem 10. Kind bekommt jede Frau eine Wurfprämie des Führers! Tradition soo wichtig.
2026-09-13T07:52:30.514Z,u04,p1717,"Nein, nicht #Söder soll #Merz ablösen, sondern jemand mit Kompetenz.

🥳🤪 ""Kompetenz"" in der Union 🤪🥳"
2026-09-12T21:28:30.374Z,u04,p1716,"Paar Jahre Twitter: Ich hab 2stellig Anzeigen (CDU, CSU, FDP, AfD) und musste 5stellig blechen.
Manches war zu Recht (vulgäre Beleidigungen während meiner depressiven Phasen), manches aberwitzig. Aber Gericht in Bayern & Account linksgrün ist ne schlechte Kombi..."
2026-09-12T15:47:59.136Z,u04,p1715,"Tag X
Merz ist nicht mehr Bundeskanzler (Rücktritt, Misstrauensvotum,...)

Tag X+1
Merz erstattet Anzeige gegen drölfzigtausend Twitter User ""wegen Beleidigung"" (aka Mimimi)

Seid vorsichtig, was ihr postet.
Der Typ hat viel Wut in sich."
2026-09-12T12:35:35.194Z,u04,p1714,"Das war Dobrindt, typische CSU Politik. Union ist voller Rassisten und um das zu kaschieren rufen sie "" mehr Sicherheit!"""
2026-09-12T11:18:21.038Z,u04,p1713,Ok gib Beispiele 🤷
2026-09-12T11:17:30.791Z,u04,p1712,"Nach all den Jahren #Energiewende bremsen und blockieren schreit die #Union jetzt: ""Siehste, klappt nicht! Wir brauchen mehr Gas!""
Parallel dazu lässt #Reiche die Speicher leer laufen - sie wartet wohl, bis die Preise (die Gewinnspannen) ihr Maximum erreicht haben. Schäbig."
2026-09-11T11:11:35.961Z,u04,p1711,"Das Problem ist nicht die Kommunikation des Friedrich Merz.
Das Problem ist Friedrich Merz."
2026-09-11T07:31:46.656Z,u04,p1710,"Bäume werden gefällt für...

Straßen 👍
Parkplätze 🤷
Stromtrassen 🤷
Wohngebiete 👍
Windräder 😡👿😠💢😱⚡️😤

#Doppelmoral"
2026-09-10T13:42:53.706Z,u04,p1709,"Die #CDU hat erst die Grünen halbiert - mit einer schäbigen Schmutzkampagne v.a. gegen Baerbock und Habeck.
Dann hat sich die CDU selbst halbiert - v.a. weil Millionäre Politik nur für Millionäre machen.
Aber niemals hatte die CDU vor, die AfD zu halbieren. Da kam nix. Nie. 🤷"
2026-09-10T11:25:41.175Z,u04,p1708,"#SPD und #Linke (aktuelle Landesregierung) werden in #MecklenburgVorpommern wohl ähnlich viele Sitze bekommen wie CDU ⚫️ und AfD 💩 (Opposition) - am besten wäre es, die Grünen kommen sicher in den Landtag, dann gäbe es einen klaren Regierungsauftrag für R2G 🔴🔴🟢"
2026-09-10T10:38:37.208Z,u04,p1707,Immer noch richtig. Leider. ⬇️
2026-09-10T05:45:55.393Z,u04,p1706,"Um 11 Uhr nicht erschrecken: Heute ist bundesweiter #Warntag - dein Handy vorab in den Flugmodus, wenn du Auto fährst, ein Haustier hast,... - oder ein heimliches Zweithandy besitzt ⬇️
www.nordbayern.de/service/waru..."
2026-09-09T21:16:28.744Z,u04,p1705,"Wer das Geld für Dienstwagenprivileg und Agrardiesel bei Kindern, bei Armen, bei Pflegebedürftigen sucht, aber nicht bei CumEx, der steckt vielleicht selbst im Sumpf von Steuerhinterziehung und Korruption."
2026-09-09T18:40:03.726Z,u04,p1704,Was für eine gute Idee & was für eine schöne Sammlung stabiler Accounts 👍 vielen Dank 🤜🤛
2026-09-09T18:30:01.246Z,u04,p1703,"Es passt ja nie alles alles alles* aber insgesamt muss es passen - deswegen bin ich Mitglied bei den Grünen.

*ich glaub wenn ich heute eine Partei gründen würde wäre ich schon morgen nicht mehr 100% Zustimmung."
2026-09-09T16:33:09.767Z,u04,p1702,"Aus den USA lernen: Rechtsextreme nicht verharmlosen, aber auch nicht als unaufhaltsam betrachten. Trump wurde zu lange normalisiert – und der Fatalismus „Die gewinnen sowieso“ half ihm zusätzlich. Für 🇩🇪 heißt das: #AfD klar entgegentreten, demokratisch bleiben und nicht aufgeben.
⬇️ Lesenswert ⬇️"
2026-09-09T16:07:18.833Z,u04,p1701,"Seit der Fascho-Wahl in Sachsen-Anhalt haben 1.100 weitere Demokraten beschlossen, Mitglied bei den 💚Grünen💚 zu werden. Willst du auch? ⬇️
www.gruene.de/mitglied-wer..."
2026-09-09T09:35:08.614Z,u04,p1700,"Ist dein Geld...
Ich bin fünfstellig im Minus wegen 3 Jahre Twitter."
2026-09-09T09:18:58.943Z,u04,p1699,"Lösch das, wird teuer"
2026-09-09T09:15:49.357Z,u04,p1698,"Würde ich löschen, ist Beleidigung"
2026-09-09T09:14:48.345Z,u04,p1697,"Danke, hab mir Mühe gegeben mit meiner Ferndiagnose. Man könnte noch antisozial, zwanghaft, machiavellistisch ergänzen (und wäre rechtlich nicht angreifbar da Fakt)"
2026-09-09T06:12:28.872Z,u04,p1696,"Hey @keencommander.bsky.social der ist leider auf deiner Blockliste gelandet, muss ein Versehen gewesen sein"
2026-09-09T06:02:56.785Z,u04,p1695,"Kein Wunder, dass Friedrich #Merz im Osten nicht punkten kann – er verkörpert jedes Wessi-Klischee: geldfixiert, besitzorientiert, arrogant, narzisstisch, bevormundend, besserwisserisch, unsolidarisch. Kurz: ein reicher Schnösel, der Menschen von oben herab behandelt. #EndeMerz"
2026-09-08T10:21:34.293Z,u04,p1694,"Ein Millionär, der nur Millionäre kennt, macht Politik nur für Millionäre. War eigentlich vorher schon klar. Wer wählt sowas?
#EndeMerz"
2026-09-08T10:19:26.332Z,u04,p1693,"Nein Friedrich #Merz du musst deine Politik nicht ""besser erklären"" du musst bessere Politik *machen* - oder falls du das nicht kannst: zurücktreten."
2026-09-08T07:26:53.803Z,u04,p1692,"Wir brauchen keine ""bessere Erzählung für die Regierung"". Wir brauchen eine bessere Regierung. #EndeMerz"
2026-09-07T21:12:24.170Z,u04,p1691,"Was man braucht, um der nächste Bundeskanzler zu werden:

- eine Partei voller Lügner und Betrüger
- ein Simson Moped
- ein breites Lächeln
- den Spruch ""Wir haben hier ganz andere Probleme!""
- die Frage ""Haben Sie keine anderen Probleme?""
- Wähler, die all das gut finden"
2026-09-07T20:17:40.195Z,u04,p1690,"Bin mir nicht sicher...
Ist die Hauptstadt von Sachsen-Anhalt eigentlich Magdeburg oder Moskau?

#Usefulidiots #PutinsBitch"
2026-09-07T16:07:16.995Z,u04,p1689,"💩 zum #ARD Brennpunkt ""Gespaltene Republik"" wird einer der größten Spalter eingeladen: Markus Söder 💩"
2026-09-07T13:15:52.239Z,u04,p1688,"Um die AfD ""inhaltlich zu stellen""  bräuchten sowohl die AfD als auch die Union überhaupt erst mal Inhalte."
2026-09-07T13:12:55.914Z,u04,p1687,Doch. Bitte.
2026-09-07T13:11:37.975Z,u04,p1686,"Ob jung oder alt, wer AfD wählt, wählt Putin & Faschismus."
2026-09-07T11:45:21.030Z,u04,p1685,"...und Söder spricht weiter über Migration (böse!) und Bürgergeld (Betrug!) als wäre nichts gewesen. 

Jeder Rechtspopulist der CDU CSU trägt Mitschuld am Erfolg der AfD."
2026-09-07T11:39:41.908Z,u04,p1684,"Hallo Friedrich Merz,
""imitieren"" ist nicht dasselbe wie ""inhaltlich stellen"" - im Gegenteil. Ihr habt die (zuerst verpönten) AfD-Positionen erst salonfähig gemacht. Die #AfD in #SachsenAnhalt dankt euch."
2026-09-07T08:21:53.957Z,u04,p1683,"Häää?
Jeder kennt jetzt Siegmund.
Aber sag mir schnell ohne googeln wie die Ministerpräsidenten von Hessen oder Thüringen oder MeckPomm heißen?"
2026-09-07T07:58:41.792Z,u04,p1682,"Die Merz Union hat Deutschland so kaputt geredet (Opposition) & kaputt gemacht (Regierung), dass eine Partei komplett ohne Lösungen als Heilsbringer erscheint. WTF 💩"
2026-09-07T07:53:50.538Z,u04,p1681,"Ich hatte immer die Hoffnung, die #AfD könnte bundesweit nur dann wirklich groß werden, wenn sie eine starke Führer- nee sorry Führungs-Persönlichkeit hat. Weidel, Chrupalla, Höcke sind das sicher nicht. ""Sieg! Mund!"" ist leider der Führer, den die Faschos gesucht haben. Entzaubert ihn!"
2026-09-07T07:46:26.755Z,u04,p1680,"#Siegmund wird spätestens im 3. Wahlgang (einfache Mehrheit) zum Ministerpräsidenten gewählt - mit Stimmen aus dem BSW, evtl auch CDU.
Interessant wird die erste Gesetzesvorlage: irgendwas Soziales, bei dem einige sagen ""Ja, ist sinnvoll"" - und die Brandmauer ist Geschichte, die #CDU tot."
2026-09-06T22:54:49.741Z,u04,p1679,"Du dummes Arschloch:
Unter der Woche putzt dir die migrantische Pflegekraft den verschissenen Hintern sauber und am Sonntag wählst du die AfD, weil die gegen Ausländer ist."
2026-09-06T22:50:31.527Z,u04,p1678,"Wäre bei Lanz, Miosga, Illner,... bei Merz, Dobrindt, Spahn,... bei Bild, Welt, NZZ,... der #Klimawandel so oft Thema gewesen wie es die #Migration war, dann wären heute die Grünen bei 45% gelandet - und nicht die Rechtsextremen.
Vielen Dank ihr Steigbügelhalter des Faschismus 💩"
2026-09-06T22:40:01.445Z,u04,p1677,"Wie willst du Menschen ""inhaltlich stellen"", denen Inhalte scheißegal sind?"
2026-09-06T17:38:15.126Z,u04,p1676,"Merz in #SachsenAnhalt:
Man Of The Match &
Most Valuable Player
...für die #AfD"
2026-09-06T16:35:42.914Z,u04,p1675,Ist Friedrich Merz noch im Amt - und wenn ja: warum?
2026-09-06T16:16:00.005Z,u04,p1674,😬 ach du Scheiße 💩
2026-09-06T09:28:10.743Z,u04,p1673,"Hey #SachsenAnhalt ihr könnt gerne #AfD wählen - dann ziehen hunderte Ärztinnen und Ärzte weg aus diesem faschobraunen Bundesland und ziehen in demokratische Bundesländer.
Gut für uns. 👍
Ihr verreckt halt früher. 🤷"
2026-09-05T20:05:15.869Z,u04,p1672,Das mit der nicht eingelösten Zusage der Union und dem rechten Shitstorm v.a. von der Springer-Presse habt ihr aber schon mitbekommen? Will der Spiegel die Realität neu schreiben?
2026-09-05T14:11:52.530Z,u04,p1671,"👋 #SachsenAnhalt
mach kein Scheiß 🙏"
2026-09-05T12:57:46.698Z,u04,p1670,"ÖRR in 2026:

Danger Dan (Künstler, Demokrat)
wird ausgeladen. #ZDF

Siegmund (Lügner, Rechtsextremist)
wird eingeladen. #Kika"
2026-09-05T12:12:16.655Z,u04,p1669,"AfD = Hass

Sie hassen alles Fremde.
Sie hassen alles Neue.
Sie hassen alle Menschen, die anders sind als sie.
Sie hassen sich selbst und ihr kümmerliches kleines Leben.

Aber sie lieben auch...
-den Kriegsverbrecher Putin.
-den Vergewaltiger Trump.
-die Illusion, dass sie selbst ""Herrenrasse"" sind."
2026-09-05T11:22:16.370Z,u04,p1668,"...das läuft auch unter ""Kunst"" 🤜🤛"
2026-09-05T11:21:09.584Z,u04,p1667,"Ist nicht von mir, aber fand ich auch genial übersichtlich 🤜🤛"
2026-09-05T08:56:50.384Z,u04,p1666,Nur das reichste 1% profitiert von einer #AfD Regierung. Wir alle verlieren.
2026-09-04T22:31:07.431Z,u04,p1665,"Das umstrittene #Logo Interview auf #Kika mit Sven Schulze (CDU) und Ulrich Siegmund von der rechtsextremistischen AfD.
Von 0min20sec bis 6min50sec ⬇️
logo! vom Donnerstag, 3. September 2026 www.ardmediathek.de/video/Y3JpZD..."
2026-09-04T21:04:58.028Z,u04,p1664,Siegmund will eine AfD Alleinregierung - oder Opposition. Auf keinen Fall koalieren. Denn da müsste man ja mit Menschen mit anderer Meinung sprechen. Seine eigenen Standpunkte erklären. Fakten abwägen. Kompromisse eingehen. Kurz gesagt: demokratisch handeln. Kann & will er nicht.
2026-09-04T20:57:54.287Z,u04,p1663,"Gewinne Bio Obst und Gemüse für ein ganzes Jahr - mit der Deutschen Umwelthilfe ⬇️
www.duh.de/mitmachen/ge..."
2026-09-04T15:05:31.226Z,u04,p1662,"Bin ja gespannt, wer dieses Jahr den Nobelpreis für Nutznießertum* gewinnt.

*früher: Nobelpreis für Medizin"
2026-09-04T14:14:23.440Z,u04,p1661,Das wird dich evtl 2k kosten aber ist ja nicht mein Geld... Ich bin schon über 10k im Minus wegen Twitter 🤷
2026-09-04T12:00:16.899Z,u04,p1660,Lösch das
2026-09-04T10:15:26.366Z,u04,p1659,"Ulrich Siegmund sooo geil als...

...Therapeut:
""Haben Sie keine anderen Probleme?""

...Arzt:
""Haben Sie keine anderen Probleme?""

...Schuldenberater:
""Haben Sie keine anderen Probleme?""

...Politiker, der die Nöte der Bürger ernst nimmt:
""Haben Sie keine anderen Probleme?"""
2026-09-04T09:17:53.714Z,u04,p1658,"«Wir wissen, daß man schuldig werden kann, nicht nur, indem man etwas tut - sondern indem man etwas nicht tut.»

Heinrich Böll: „Der Preis der Versöhnung“, 1959

#SachsenAnhalt GEHT WÄHLEN !!!"
2026-09-04T09:13:48.303Z,u04,p1657,"Ja, völlig richtig, Bundeskanzler Friedrich Merz,
Menschen, die steuerfrei große Unternehmen oder 200 Wohnungen erben sind #Leistungsträger, aber Menschen, die Medizin studieren und andere Menschen behandeln und heilen sind #Nutznießer, völlig richtig, du hast es voll gecheckt 👍"
2026-09-04T07:09:15.206Z,u04,p1656,"Bei euch heißt ""für Frieden""
leider nur ""für Putin""

*Blockgeräusch*"
2026-09-03T20:21:19.102Z,u04,p1655,"#AfD stark in #SachsenAnhalt
⬇️
Unternehmen investieren dort weniger
⬇️
Weniger Jobs, mehr Armut
⬇️
Frust wächst
⬇️
AfD wird noch stärker

Ein Teufelskreis, der sich selbst befeuert. Die AfD schadet dem Osten - und am meisten den Menschen, die sie wählen."
2026-09-03T17:21:12.704Z,u04,p1654,Autos müssen alle 2 Jahre zum TÜV. Autofahrer nach Erwerb des Führerschein nie wieder. Gefährlich.
2026-09-03T13:54:48.747Z,u04,p1653,"Wer heute ""High Tech Verbrenner statt E-Autos"" sagt, hätte vor 100 Jahren auch ""High Tech Pferdekutschen statt Autos"" gesagt."
2026-09-03T11:27:26.322Z,u04,p1652,"Russland fährt Attacken auf die deutsche Infrastruktur.
⬇️
Deutsche wählen die Russland-Partei #AfD ""weil die macht das Land wieder sicher""

Jaaaa, so dumm sind die."
2026-09-03T07:49:52.862Z,u04,p1651,"Es gibt genau 2 Gründe, in eine Kirche zu gehen:
- Kunst.
- im Sommer isses dort kühl."
2026-09-03T07:43:25.011Z,u04,p1650,"Jens ""Maskendeals"" #Spahn sitzt im Haushaltsausschuss.

Wie sehr musst du auf Anstand und Moral scheißen, wie sehr muss dir die Bevölkerung am Arsch vorbei gehen?
#CDU @cducsubt.bsky.social"
2026-09-03T05:28:54.408Z,u04,p1649,"Ein Video, das man speichern muss  - obwohl, egal, Merz hat ja schon so oft gelogen...."
2026-09-02T22:38:32.914Z,u04,p1648,"Wer #CDU wählt bekommt #AfD.
Deswegen demokratisch wählen: 💚"
2026-09-02T20:45:01.840Z,u04,p1647,"Wo Jens #Spahn sitzen sollte:

🔲 Haushaltsausschuss

☑️ Untersuchungsausschuss"
2026-09-02T15:00:39.102Z,u04,p1646,"Falls jemand beim 🚲 ADFC 🚲
Fahrrad Klima Test 2026
mitmachen will ⬇️
fkt.adfc.de/befragung"
2026-09-02T14:46:46.378Z,u04,p1645,"Hast mich inspiriert 🤜🤛
bsky.app/profile/lase..."
2026-09-02T14:44:56.396Z,u04,p1644,"Die diskutierte Frage:
Welchen Antrieb hat dein Auto – Verbrenner oder E-Auto, mit welchen Abgaswerten, welcher Energiebilanz?

Die entscheidende Frage:
Warum brauchst du überhaupt ein eigenes Auto – und was können Stadt und Staat tun, damit Städte wieder Platz für Menschen bieten statt für Blech?"
2026-09-02T10:30:25.159Z,u04,p1643,"Die Regierung Merz will so viel sparen
jetzt knipst sie auch noch das Licht aus
am Ende des Tunnels."
2026-09-01T21:04:46.754Z,u04,p1642,Partei der Porsche fahrenden Wein Trinker ☝️
2026-09-01T20:49:44.653Z,u04,p1641,"Keine Stimme für Öl & Gas.
Also nicht CDU wählen, nicht AfD, nicht FDP."
2026-09-01T18:18:45.332Z,u04,p1640,Informier dich oder schreib gar nix - Halbwissen ist gefährlich.
2026-09-01T10:42:12.138Z,u04,p1639,"Nix ""Wutbürger""

Nazis & Faschisten
Leichtgläubige & Dorfdeppen
Unzufriedene & Hasserfüllte
Loser & Abgehängte
Russland-Bots & Putin-Arschkriecher"
2026-09-01T10:14:50.314Z,u04,p1638,"""Eine Frau                    ""Ein Problem 
des Glaubens""             im Stadtbild""
⬇️                                                   ⬇️"
2026-09-01T10:02:23.133Z,u04,p1637,"Info:
Im September gibt es die #BahnCard 25 zum halben Preis: 29,99 statt 62,90 Euro, gültig 1 Jahr, aber Vorsicht: rechtzeitig kündigen, sonst wird das ein Abo."
2026-09-01T08:12:41.457Z,u04,p1636,"Bei jedem Bundeskanzler von Adenauer bis Scholz waren Ärztinnen und Ärzte ""Leistungsträger"" und ""systemrelevant"".
Bei Merz sind sie #Nutznießer

Pfui. #MerzKannEsNicht #EndeMerz"
2026-09-01T05:43:12.239Z,u04,p1635,"16 Jahre Bundeskanzler Kohl.
Friedrich Merz bekommt keinen Ministerposten.

16 Jahre Bundeskanzlerin Merkel.
Friedrich Merz bekommt keinen Ministerposten.

Wer Merz kannte, hielt ihn fern von Macht und Einfluss.

Die CDU sagt: Der Typ hat null Regierungserfahrung, den nehmen wir als Bundeskanzler."
2026-08-31T22:10:41.861Z,u04,p1634,"Ein Gedicht

Machst du immer #Faktencheck
ist der Friedrich #Merz bald weg"
2026-08-31T20:44:21.081Z,u04,p1633,"Ja. Aber schlimmer als Merz geht's kaum (jetzt wo Spahn endlich weg ist) aber ""nicht ganz so schlimm"" kann die CDU allemal"
2026-08-31T08:06:44.360Z,u04,p1632,"Der Diktator & Kriegsverbrecher #Putin unterstützt die #AfD und will mit ihr Deutschland und die EU schwächen. Allein diese Tatsache (neben vielen anderen) macht diese ""Partei"" unwählbar für Menschen mit einem Funken Verstand. #SachsenAnhalt"
2026-08-30T18:26:19.797Z,u04,p1631,"Friedrich Merz hat Linke und Grüne als ""Spinner"" bezeichnet. Aber AfD-Wähler hat er noch nie so genannt. Mehr musst du über diesen Typen nicht wissen."
2026-08-30T15:27:49.994Z,u04,p1630,"Warum darf Friedrich Merz Millionen Menschen als ""linke und grüne Spinner"" beschimpfen aber wenn ich ihn ""Rechten Spinner"" nennen würde gäbe es eine Anzeige wegen Beleidigung? 🤔
#MerzKannEsNicht #EndeMerz"
2026-08-30T14:34:57.477Z,u04,p1629,"Was für ein dämlicher Vergleich - Rechtsextreme vs. Demokraten, und du musst überlegen?"
2026-08-30T07:56:05.687Z,u04,p1628,"Die größte Partei des Landes aber der ""Beste"" für das Kanzleramt ist Friedrich #Merz? Ernsthaft?
#MerzkannnichtKanzler #MerzKannEsNicht #EndeMerz"
2026-08-29T20:39:58.300Z,u04,p1627,"Nicht verwechseln:
Was Merz sagt ist maximal ""Kritik"", egal wie beleidigend es ist.
Was jemand zu Merz sagt ist immer sofort ""Beleidigung"" egal wie inhaltlich korrekt es ist.
#Doppelmoral #EndeMerz"
2026-08-29T17:11:22.432Z,u04,p1626,Aber mal realistisch bleiben: Konservative wählen CDU oder AfD oder gar nicht - also lieber die Union stärken und damit #FCKAFD
2026-08-29T14:47:25.208Z,u04,p1625,Ich hab nur deinen Druko zusammengefasst 🤔
2026-08-29T13:59:19.508Z,u04,p1624,"""Wenn ich nicht 100% bekomme fang ich gar nicht erst an"" 🥳"
2026-08-29T07:54:56.694Z,u04,p1623,Solange reiche Menschen die Gesetze schreiben und nicht die demokratisch gewählten Parlamente sind wir Sklaven des Kapitalismus. Daher: Lobbyismus & Korruption abschaffen.
2026-08-29T07:52:10.758Z,u04,p1622,"Taktische Tipps für #SachsenAnhalt. Du bist...
unentschlossen, konservativ ➡️ CDU
BSW ➡️ Linke
FDP ➡️ CDU/ Grüne
Volt, ödp,.. ➡️ Grüne
unentschlossen, progressiv ➡️ Grüne

BSW & FDP haben keine Chance, Stimmen sind verschenkt.
Grün kommt rein, schafft eine demokratische Mehrheit. #FCKAFD"
2026-08-28T19:08:33.061Z,u04,p1621,"Heute gesehen. Top.
Krass gemacht - und krass relevant."
2026-08-28T10:32:27.458Z,u04,p1620,Inhaltlich magst du evtl recht haben aber ich zB hab in Summe schon 5-stellig (!!) bezahlt mit all den Anzeigen
2026-08-28T09:00:16.206Z,u04,p1619,Lösch das bitte
2026-08-28T07:23:03.219Z,u04,p1618,Ein Viererbündnis CDU Linke SPD Grüne hätte die Mehrheit in #SachsenAnhalt - wenn alle 4 reinkommen - und wenn die CDU nicht lieber Juniorpartner der 💩fD werden will.
2026-08-28T07:20:27.243Z,u04,p1617,"Der Klimawandel lässt Gletscher schmelzen. #Nepal

Es ist mir ein Rätsel*, warum #Merz und #Reiche weiterhin auf Öl & Gas setzen und die Erneuerbaren Energien ausbremsen und blockieren.

*eine mögliche Antwort wäre #Korruption, eine andere Antwort fällt mir nicht ein. Ideen?"
2026-08-27T19:56:55.662Z,u04,p1616,"@svenschulze.bsky.social
@susesziborra.bsky.social"
2026-08-27T19:55:33.771Z,u04,p1615,"Ja, die 10-20% krass Verpeilten erreicht niemand mehr. Aber die Konservativen, die von der Merz CDU enttäuscht sind & mit der AfD liebäugeln, könnten sich doch wieder abwenden."
2026-08-27T19:49:38.978Z,u04,p1614,"Hoffnung für #SachsenAnhalt:
Immer mehr Menschen merken, wie wenig Ahnung Ulrich Siegmund hat, wie schlecht das AfD Wahlprogramm für Land/ Wirtschaft/ Bevölkerung wäre, wie souverän Sven Schulze (CDU) und Suse Sziborra-Seidlitz (Grüne) auftreten.
Vielen Dank für diesen Endspurt!"
2026-08-27T19:20:28.303Z,u04,p1613,"#MDR #Wahlarena

Ulrich Siegmund #AfD ist erwartet schlecht - labert, schwadroniert, hat keine Fakten.
Sven Schulze #CDU ist überraschend gut - ruhig, präzise, klug.
...da geht noch was in #SachsenAnhalt 👍"
2026-08-27T09:36:48.137Z,u04,p1612,"Die #Zuckersteuer ist so dermaßen schlecht ausgearbeitet, dass der Shitstorm unvermeidlich war - vielleicht sogar beabsichtigt?
Was zur Frage führt:
Wovon will die Regierung Merz ablenken? Was läuft da währenddessen eigentlich im Hintergrund ab?"
2026-08-27T09:30:53.811Z,u04,p1611,"Es gab keine Reformen außer ""mehr Gas, weniger Erneuerbare"" 🤔"
2026-08-26T21:15:53.016Z,u04,p1610,"Theorie:
Merz kommt aus dem wochenlangen Urlaub zurück - es beginnt der ""Herbst der Reformen""

Praxis:
Streit in der Regierung, ob die #Zuckersteuer auch für Getränke ohne Zucker gilt.

#MerzKannEsNicht #EndeMerz"
2026-08-26T13:25:34.170Z,u04,p1609,"Ideen der CDU um den Klimawandel einzudämmen: NULL.

Ideen der CDU um sich an den Klimawandel anzupassen: EINE FAHRRINNE IN DEN RHEIN GRABEN.

💩 meine Güte seid ihr inkompetent 🤮"
2026-08-26T09:57:51.380Z,u04,p1608,"Frau Brosius-Gersdorf ist nicht ""gescheitert"", sondern wurde vom Rechten Mob und der CDU aus einer Kandidatur herausgenommen, für die eben diese CDU *vorher* eine Zusage gegeben hatte.
Das Problem ist nicht die moralisch integre Richterin, sondern die moralisch verkommene Merz CDU."
2026-08-26T08:15:24.597Z,u04,p1607,"Hundesteuer für Katzenbesitzer WANN?

#Zuckersteuer"
2026-08-26T06:49:20.239Z,u04,p1606,"Irgendwann erklär ich dir mal, was Tageszeitungen sind, und Suchmaschinen ☝️"
2026-08-26T06:46:41.488Z,u04,p1605,"Bekäme ein ehemaliger CDU Kanzlerkandidat und Außenminister eine Professur in den USA, wäre die Reaktion unisono ""Klar! Verständlich! Der hat Erfahrung!""
Das gilt für Annalena Baerbock nicht - sie ist eine Frau (""hochgebumst!!"") und bei den Grünen (""Ideologie!!"")

💩 alte Rechte Männer 🤮"
2026-08-26T05:37:32.243Z,u04,p1604,"@cducsubt.bsky.social
@cducsu.bsky.social"
2026-08-26T05:34:04.570Z,u04,p1603,Wenn #Zuckersteuer auf zuckerfreie Getränke will ich im Gegenzug aber #Tankrabatt bei E-Autos. ☝️
2026-08-25T21:50:38.937Z,u04,p1602,Baerbock ist für ihr neues Amt qualifizierter als Merz und Linnemann und Reiche *zusammen* für ihre Ämter.
2026-08-25T21:45:42.222Z,u04,p1601,"Ulrich Siegmund, AfD:
""Die braune ääähh blaue Welle des gesunden Menschenverstands""

These:
""Gesunder Menschenverstand"" sagen vor allem Menschen, die keine Ahnung von Fakten und Wissenschaft haben und ihr subjektives Empfinden als Maß aller Dinge ansehen."
2026-08-25T21:44:05.753Z,u04,p1600,Ja gut dann lass uns weiterhin gaaar nix machen 🤷
2026-08-25T20:39:27.708Z,u04,p1599,"+1
Erschreckend auch, dass CDU und SPD bei mir ähnlich bei etwa 20-25% Übereinstimmung war - von wegen soziale Partei der Mitte"
2026-08-25T20:35:46.739Z,u04,p1598,Deswegen will die Union Cannabis Verbot ☝️
2026-08-25T20:30:38.772Z,u04,p1597,"Ach Gott die SPD lebt immer noch?
Aber warum? 🤷"
2026-08-25T16:56:59.116Z,u04,p1596,"Peinlich, peinlich, #CDU
JEDER kennt den ""schönen Uli"", den ""Sieg! Mund!"", den ""gefährlichsten Mann Deutschlands"" - aber NIEMAND kennt euren Kandidaten, OBWOHL DER DIE AKTUELLE REGIERUNG ANFÜHRT.
Ihr *wollt* verlieren, oder?"
2026-08-25T15:57:34.346Z,u04,p1595,Hat sich mein Germanistik Studium doch gelohnt 🤜🤛
2026-08-25T14:59:25.986Z,u04,p1594,"Wir sollten uns nicht darüber wundern (und freuen), was #Mamdani als Bürgermeister von New York in extrem kurzer Zeit alles geschafft hat - wir sollten uns wundern, warum das nicht *alle* Bürgermeister schaffen.
Es. Ist. Ihr. Job.

#Berlin, looking at you 😡"
2026-08-25T14:15:06.318Z,u04,p1593,"Die #Zuckersteuer auf Süßigkeiten und Limo finden wir doof, das fordern nämlich die Grüüünen und die dürfen niiiiemals Recht haben.
Stattdessen machen wir eine Zuckersteuer auf *alles*, was Zucker enthält, also auch Sauerkraut, Senf,...
#CDU einfach krass clever 🤪🥳"
2026-08-25T14:06:53.399Z,u04,p1592,"Ein depressiver notgeiler alter Sack will sterben, schließt einen Pakt mit dem Teufel, wird verjüngt; er verführt & schwängert ein junges Mädchen, ihr Baby stirbt. Sie landet im Knast, er macht sich aus dem Staub – und am Ende kommt er trotzdem in den Himmel.
Goethe Faust. Vorbild der CDU."
2026-08-25T10:01:00.876Z,u04,p1591,"Friedrich #Merz will gleichzeitig den Klimawandel bekämpfen (oder ""zurückdrängen"" wie er sagte) *und* Katherina #Reiche als Wirtschaftsministerin behalten.
🤝
""Ich lebe jetzt gesund - aber meine 2 Schachteln Zigaretten am Tag lass ich mir nicht nehmen."" 🤪"
2026-08-25T08:20:06.928Z,u04,p1590,Oh vielen Dank 🤜🤛
2026-08-25T08:02:23.064Z,u04,p1589,"""Ungeniert lügen, andere herabsetzen und dabei inhaltlich blank dastehen: Das schafft die AfD-Doppelspitze inzwischen in staunenswerter Perfektion.""

Vielen Dank Alexander Jungkunz
(Nürnberger Nachrichten, 25.8.2026)"
2026-08-25T07:49:21.903Z,u04,p1588,"Und irgendwie muss man ja die Menschen kennzeichnen, die so ähnlich aussehen wie Deutsche/ Arier, aber keine ""echten"" Deutschen/ Arier sind 😬 Der Rassenwahn der AfD ist grenzenlos."
2026-08-25T07:47:01.878Z,u04,p1587,"Nach dem #BrainDrain bleiben übrig:
Ungeimpfte, Putin-Arschkriecher, FlatEarther, Faschisten, Volltrottel, Kackbratzen, #AfD Wähler,... 💩 und alle Demokraten & Anständigen, die nicht aus #SachsenAnhalt weg können und dann eine Minderheit im #FailedState bilden. 🫂"
2026-08-25T07:16:23.828Z,u04,p1586,"Freunde hatten für Anfang September eine Reise durch Ostdeutschland geplant - und jetzt storniert.
AfD-Land wird zur No-go-Area."
2026-08-25T07:12:06.800Z,u04,p1585,"""inhaltlich stellen""
funktioniert nur
wenn FAKTEN
eine Rolle spielen.

#AfDzerstörtDeutschland"
2026-08-24T21:51:32.155Z,u04,p1584,"Kein Mensch wird mehr freiwillig nach #SachsenAnhalt reisen (geschweige denn dort arbeiten & wohnen wollen) wenn die #AfD Ernst macht mit ihrer Schlägertypen ""Bürgerwehr"" wie Trumps ICE.
Nächstes Level:
Ariernachweis - oder Judenstern.

...oder lieber doch demokratisch wählen 👍💚"
2026-08-24T16:01:18.500Z,u04,p1583,"#Putin behauptet er ""bekämpft  Nazis in der Ukraine"" - indem er mit Drohnen Einkaufszentren, Schulen, Krankenhäuser angreift?
Und die #AfD #BSW Trottel fordern *Selenskji* auf, diesen Krieg zu beenden? Ernsthaft?"
2026-08-24T08:22:58.352Z,u04,p1582,Hitlers Volksempfänger war gestern. Heute reicht der #AfD das Hauptprogramm: #ARD und #ZDF senden journalistisch klägliche #Sommerinterviews
2026-08-24T05:48:51.051Z,u04,p1581,"Die #AfD will die Reisefreiheit in der #EU abschaffen (Schengen-Abkommen).
Also auch für deinen Urlaub oder wenn du schnell mal nach Polen zum Tanken oder billig Einkaufen fahren willst.
Viel Spaß im Stau an der Grenze.
#SachsenAnhalt"
2026-08-24T05:43:26.580Z,u04,p1580,"Die #AfD will alle NGOs abschaffen.
Also auch die Verbraucherzentrale.
Viel Spaß in #SachsenAnhalt wenn du mal beschissen wurdest und rechtliche Hilfe brauchst."
2026-08-24T05:41:43.469Z,u04,p1579,"Die #AfD will alle NGOs abschaffen.
Also auch Caritas, AWO, Rotes Kreuz.
Viel Spaß in #SachsenAnhalt wenn du mal Hilfe brauchst."
2026-08-24T05:40:40.886Z,u04,p1578,"Die #AfD will alle NGOs abschaffen.
Also auch die Freiwillige Feuerwehr.
Viel Spaß in #SachsenAnhalt wenn's mal brennt"
2026-08-24T05:35:11.522Z,u04,p1577,"Gute Beschreibung des
Dunning-Kruger-Effekt 👍

​Mangelnde Metakognition & 
fehlende Urteilskraft"
2026-08-23T22:16:17.422Z,u04,p1576,"Die Hitzewellen, die Rekordtemperaturen, die 14.000 Hitzetoten, die Dürren, die Ernteausfälle,...
""ICH SEHE DA VIEL PANIKMACHE""
(Tino Chrupalla, AfD)"
2026-08-23T21:29:46.228Z,u04,p1575,"Nur wirklich dumme ignorante Menschen komplett ohne Ahnung 💩 fordern Schwachsinn wie: EU-Austritt, Rückkehr zur D-Mark, Import von russischem Gas, Rückkehr zu Atomkraft, Austritt aus dem Schengen-Abkommen, Abschaffung aller NGOs (also auch Rotes Kreuz, Caritas, Tierschutzbund...)"
2026-08-23T15:22:12.871Z,u04,p1574,"Die ""Ausgewogenheit"" von ARD und ZDF Talkshows:
Für jeden Wissenschaftler muss auch ein Lügner eingeladen werden, für jeden Demokraten muss auch ein Faschist oder zumindest ein Rechtspopulist eingeladen werden."
2026-08-23T11:40:17.207Z,u04,p1573,"Er wollte wieder mal spalten - die Helfer vs. die Demonstrierenden.
Er kann nix anderes als spalten, selbst wenn er sich bedanken will."
2026-08-23T09:52:48.360Z,u04,p1572,"Kanzler, der Energiewende blockiert, will ""Klimawandel zurückdrängen"" - und auch sonst ist Friedrich Merz ein voll stabiler, verlässlicher, ehrlicher Mensch völlig ohne Verdacht auf Lug & Trug."
2026-08-23T09:49:20.984Z,u04,p1571,"Er wollte wieder mal spalten - die Helfer vs. die Demonstrierenden.
Er kann nix anderes als spalten, selbst wenn er sich bedanken will."
2026-08-23T08:09:56.792Z,u04,p1570,"Friedrich #Merz spricht also ""nur mit Menschen, die arbeiten"" 🤷

Sorry Rentner, sorry Kinder, sorry Studierende, sorry chronisch Kranke, sorry alle die mit Burnout in der Klinik liegen, sorry Arbeitslose, sorry die sich jahrelang bewerben aber nur Absagen bekommen, sorry Hausfrauen, sorry..."
2026-08-23T08:00:53.926Z,u04,p1569,"Jetzt hab ich meine eigene Merkhilfe vergessen 🤷
bsky.app/profile/lase..."
2026-08-22T21:06:57.495Z,u04,p1568,"Nachdem Friedrich Merz die AfD ""halbiert"" hat will er jetzt den Klimawandel ""zurückdrängen"".

Ich befürchte im Urlaub war der Typ besser aufgehoben als im Regierungssessel 😬

#MerzKannEsNicht"
2026-08-22T18:59:54.432Z,u04,p1567,"Hey Bundeskanzler Friedrich #Merz, du willst also ""alles tun, um den #Klimawandel zurückzudrängen"" aber warum ist dann Katharina #Reiche noch im Amt?"
2026-08-22T18:46:14.127Z,u04,p1566,Der BUUUH!!-ndeskanzler
2026-08-22T18:42:01.376Z,u04,p1565,"Wäre ein SPD Bundeskanzler so unbeliebt wie Friedrich Merz, würde die Union täglich ""Rücktritt!"" schreien.
Bei Merz isses egal.

Wären die Grünen in Sachsen-Anhalt bei über 40%, würde die Union sie massivst bekämpfen.
Bei der AfD isses egal.

#Doppelmoral"
2026-08-22T16:55:57.432Z,u04,p1564,"Friedrich Merz heute:

""Wir werden alles tun, um den #Klimawandel zurückzudrängen...""
⬇️
SOFORTIGER STOPP ALLER FOSSIL- SUBVENTIONEN, MEHR PV/WIND, AUSBAU ÖPNV & RADWEGE,...

""...aber wir müssen auch mit dem Klimawandel leben.""
⬇️
SCHWAMMSTÄDTE, GRÜNE INNENSTÄDTE, KLIMAANLAGEN,..."
2026-08-22T13:08:57.728Z,u04,p1563,Hab mich echt bemüht 🤜🤛
2026-08-22T11:47:32.898Z,u04,p1562,"Wenn du nach dem #Remigration Treffen mit Neonazis in Potsdam und dem Debakel nach 1 Jahr AfD Landrat in #Sonneberg und nach all den Kriegsverbrechen von Vladimir #Putin immer noch vorhast die #AfD zu wählen, dann bist du ein Drecks Arschloch & ein Scheiß Faschist.
#SachsenAnhalt"
2026-08-21T20:49:39.213Z,u04,p1561,"Deutsche in den letzten Jahren...

Zuerst:
""Klimawandel gibt es nicht""

Dann:
""Klimawandel gab's schon immer""

Jetzt:
""Klimawandel ist doof aber leider können wir nix dagegen tun""

Morgen:
""Wohin fliegen wir in den Urlaub?"""
2026-08-21T17:25:39.332Z,u04,p1560,"Die ersten 3 Worte eines Bauernkindes:

Mama. Papa. Subventionen."
2026-08-21T17:21:06.393Z,u04,p1559,"Dafür dass alle ""Früher war es auch heiß!!"" rufen wollen die Bauern aber ganz schön viel Entschädigung für ihre Ernteausfälle 🤷

#Klimakatastrophe #EndFossilFuels"
2026-08-21T09:46:30.148Z,u04,p1558,"Regen.
Keine 40mm in 1 Stunde,
der alles wegspült.
Sondern stundenlanger Landregen,
den der Boden gut aufnehmen kann.
Endlich."
2026-08-21T07:23:48.161Z,u04,p1557,Die rechtspopulistische Merz CDU hat es verdient zu sterben und sich als echt konservative Partei neu aufzustellen
2026-08-21T06:52:18.254Z,u04,p1556,"Elon Musks Plan ist vielleicht simpler als gedacht:
AfD stärken → Sachsen-Anhalt kippen → Instabilität schüren → Rechte in Europa stärken → EU schwächen → Regulierung abbauen → weniger Regeln für X, SpaceX, GrokBot, Tesla. → mehr Profit.
Keine Verschwörung. Nur Profitinteresse."
2026-08-21T06:26:08.428Z,u04,p1555,"Der ""Streit"" in der #UN:

#Baerbock will den Nachfolger von UN-Generalsekretär António Guterres transparent wählen lassen, gerne auch erstmalig eine Frau.

Die USA will einen Trump Buddy als eigenen Kandidaten einsetzen, ohne Auswahlverfahren."
2026-08-20T15:58:30.867Z,u04,p1554,⬇️ Russisch Brot.          Russisch Bot. ⬇️
2026-08-20T10:28:40.294Z,u04,p1553,bsky.app/profile/lase...
2026-08-20T10:27:47.557Z,u04,p1552,"Stellt euch vor, dieser #CDU Bürgermeister hätte die 10.000€ Spende und die Wahlempfehlung nicht an die rechtsextreme #AfD gegeben, sondern an die Grünen oder die Linken...
   ⬇️
Traktoren, Mistgabeln, Galgen.
#SachsenAnhalt würde brennen.

Die Union ist den Rechten näher als den Demokraten."
2026-08-20T08:02:42.781Z,u04,p1551,"Bin schon mehrfach geghosted worden
aber noch nie von einem Bundeskanzler.
#MerzKannEsNicht #EndeMerz"
2026-08-20T05:05:25.933Z,u04,p1550,"Bundeskanzler, der zu *jedem* Thema eine Meinung (oder eine Beleidigung) hat, schweigt über Hitzerekorde, schweigt über ausgetrocknete Flüsse, schweigt über 13.000 Hitzetote.
""Es könnte ja den Grünen helfen, das Thema #Klimakatastrophe auf die Tagesordnung zu bringen""

#EndeMerz"
2026-08-19T21:01:58.875Z,u04,p1549,"""Wenn es Ihnen zu heiß ist, dann schalten Sie doch einfach die Klimaanlage eine Stufe höher!"", sagte Friedrich Merz zum Dachdecker, zum Straßenbauarbeiter, zur Grundschullehrerin, zur Stationsschwester,...
(Liste unendlich fortführbar)"
2026-08-19T17:51:20.345Z,u04,p1548,Wer sagt's ihm? #EndeMerz
2026-08-19T15:51:52.385Z,u04,p1547,"Ernst Jandl.
Geil, immer noch."
2026-08-19T13:53:48.630Z,u04,p1546,"Parteien-Check:

Neofaschisten 💩
Rechtspopulisten ⚫️
Demokraten 💚

Ukraine?
💚 unterstützt
⚫️ zT
💩 liebt 🇷🇺

Energiewende/ Klimaschutz?
💚 schafft
⚫️💩 bremst/ blockiert

Soziale Gerechtigkeit?
💚 ja
⚫️💩 Umverteilung von unten nach oben

Haushalt?
💚 ausgeglichen
⚫️💩 Schulden"
2026-08-19T13:43:22.622Z,u04,p1545,Die Kachel ist aus 2025 aber leider *immer* aktuell 😬
2026-08-19T13:40:07.941Z,u04,p1544,"Wenn wir nach einem Messerangriff unsere komplette Migrationspolitik verändern wollen – warum verändern wir dann nicht auch nach einem Hochwasser* unsere komplette Klimapolitik?

*oder Rekordhitze, oder ausgetrocknete Flüsse, oder 13000 Hitzetoten, oder riesige Waldbrände, oder..."
2026-08-19T04:56:01.299Z,u04,p1543,"Hat geregnet.

Dann spricht wohl bis Sommer 2027 niemand mehr über die #Klimakatastrophe 🤷"
2026-08-18T07:13:49.803Z,u04,p1542,"MAGA
Fox News
CDU CSU
AfD 
Bild
NJUS
und hunderttausende Bots

Die Wahrheit wird nie wieder wahr sein."
2026-08-18T06:59:29.252Z,u04,p1541,"Wenn ich mir vorstelle, wo wir als Land & Gesellschaft stehen könnten - und wo wir tatsächlich stehen, könnte ich weinen. Machtgeile korrupte Rechte haben alles kaputt gemacht.
Schmort in der Hölle, ihr A*löcher!"
2026-08-18T06:55:12.438Z,u04,p1540,Ist das noch ein Urlaub oder ist das schon ein Rücktritt - und Merz ist zu feige uns das mitzuteilen?
2026-08-17T17:37:17.572Z,u04,p1539,"Rassismus schlägt Klimaschutz:
Wenn wir die Katastrophe 'Youssef' oder 'Khaled' nennen, beruft Merz garantiert noch aus dem Urlaub eine Sondersitzung ein.

#Klimakatastrophe #EndeMerz"
2026-08-16T05:51:44.562Z,u04,p1538,"Grüne und Linke haben in 8 von 10 wichtigen Themen große Übereinstimmungen.

Grüne: ""Aber neuntens!""
Linke: ""Aber zehntens!""

Währenddessen steht die AfD (exakt 0 Übereinstimmung mit Grün & Links) schweigend daneben und freut sich, dass *niemand* ihre Inhalte und Ziele überprüft."
2026-08-16T05:44:55.292Z,u04,p1537,"""RHEINISCHE POST""
wird umbenannt in ""POST"""
2026-08-16T05:39:23.098Z,u04,p1536,"100 Prozent kriegst du nie.
Es ist wie fast immer im Leben ein Kompromiss, was den 100% am nächsten kommt.
Für mich: Grün 💚"
2026-08-16T05:36:50.522Z,u04,p1535,"Grüne logisch. 
Was willst du mit BSW 🇷🇺?"
2026-08-16T05:33:03.585Z,u04,p1534,"""Konservative"" (aka Fossilmafia) blockieren und bekämpfen Erneuerbare Energien - und sagen dann voller Schadenfreude: ""Siehste, funktioniert nicht!""
#EndFossilFuels #Klimakatastrophe"
2026-08-15T08:18:24.760Z,u04,p1533,"Wer Gas, Öl, Benzin, Kerosin subventioniert statt höher besteuert hat den #Klimawandel nicht verstanden (dämlich), will ihn nicht verstehen (ignorant) oder wird dafür bezahlt (korrupt).
Willst du dämliche/ ignorante/ korrupte Politiker? Nein? Dann hör auf, Fossilparteien (CDU CSU AfD FDP) zu wählen."
2026-08-13T20:50:41.688Z,u04,p1532,"Rechtes Wörterbuch:
Geld für Bürger = ""Sozialismus""
Geld für Konzerne = ""Wirtschaftskompetenz"""
2026-08-13T14:57:50.632Z,u04,p1531,"Die #Merz Union war eine derart destruktive Opposition & ist eine derart beschissene Regierung, da muss die #AfD rein *gar nix* machen und steigt und steigt und steigt.
Vielen Dank für den Rechtsruck, ihr Steigbügelhalter. 💩"
2026-08-13T09:35:17.459Z,u04,p1530,"Exakt das hat Trump mit seinem Konkurrenten Brainworm Kennedy gemacht - verzichte, gib deinen Fans ne Wahlempfehlung für mich, dann mach ich dich zum Gesundheitsminister."
2026-08-13T09:32:38.063Z,u04,p1529,Warum viele Frauen in gewalttätigen/ toxischen Beziehungen bleiben:
2026-08-13T09:30:01.926Z,u04,p1528,"Ist doch gut - dann kann die AfD gleich ab Tag 1 loslegen. Die Nazis 1933 mussten noch wochenlang selber planen, bevor sie auf diesem Niveau waren. 😬"
2026-08-13T09:24:43.786Z,u04,p1527,Müsste aus dem Insta der WELD sein
2026-08-13T08:50:42.171Z,u04,p1526,"Du nennst dich 'Selbstdenker', aber plapperst nur nach, was NJUS und russische Bots dir vorsetzen?
Dann denk doch einmal selbst: Wem nützt diese Story? Und warum hast du ihre Quelle nie hinterfragt?

#Usefulidiot #AfDzerstörtDeutschland"
2026-08-13T08:42:59.417Z,u04,p1525,Wie früher: Ostdeutschland unter russischer Kontrolle
2026-08-12T20:01:01.456Z,u04,p1524,"Übrigens...
Die 8 (acht!) reichsten Männer besitzen so viel wie die ärmere Hälfte der Weltbevölkerung (4 Mrd Menschen)

#TaxTheRich"
2026-08-12T16:32:17.517Z,u04,p1523,#SachsenAnhalt
2026-08-12T16:16:47.827Z,u04,p1522,"Kapitalismus:
Einige wenige extrem Reiche kaufen sich Macht über Regierungen und Gesetze, um noch reicher zu werden.

Die Rechnung zahlen:
Mensch, Umwelt, Klima, Demokratie."
2026-08-12T15:51:37.870Z,u04,p1521,"Willkommen 🤗 du folgst schon mal den richtigen Accounts 👍 bei Bedarf: nimm einfach meine ""Folge ich"" Liste, die Accounts sind alle handverlesen & stabil."
2026-08-12T14:53:39.738Z,u04,p1520,"Das große Problem der Medien: Aussagen einfach abschreiben/ zitieren, komplett ohne Einordnung, egal von wem, egal ob's stimmt."
2026-08-12T14:49:58.763Z,u04,p1519,"Nö, kein Trick.
Sie hat das Bild 2026 gepostet aber sieht aus als wäre sie in einer 1990er Folge von ""Traumschiff"""
2026-08-12T14:36:38.529Z,u04,p1518,"⬇️ So würde Frau Nestlé gerne aussehen.
So sieht Frau Nestlé wirklich aus. ⬇️

Hey Julia Klöckner,
Es ist egal ob du jung oder alt oder hässlich oder hübsch bist - sei einfach eine eine ehrliche, aufrichtige, stabile Demokratin. Das würde uns reichen."
2026-08-12T12:53:34.806Z,u04,p1517,"Der Account schreibt komplett *nur* über die Grünen, die nicht zur Wahl antreten sollen.
AfD Bot vermutlich.
Blockempfehlung."
2026-08-12T12:51:32.379Z,u04,p1516,"Dann mach doch dein ""Argument"" mit der FDP, die zugunsten der CDU aufgeben soll."
2026-08-12T12:06:58.132Z,u04,p1515,"Nein.

4,5% Grüne, die 1% an Linke schenken ist +1 für Linke

Linke, die den 4,5% Grünen 1% schenken bedeutet -1% Linke aber +5,5% für Grüne, also in Summe +4,5% statt +1%

Grüne über 5% ist der entscheidende Hebel. Nichts sonst."
2026-08-12T11:43:12.674Z,u04,p1514,"Wirtschaft: „Klimawandel bremst uns“
Ärzte: „Hitze tötet“
Landwirtschaft: „Dürre bedroht Ernten“
Versicherer: „Schäden werden teurer“
Schüler: „Wir haben Angst um unsere Zukunft“
Feuerwehr: „Waldbrände nehmen zu""
Kommunen: „Infrastruktur ist überlastet“

Merz: „Es ist nur Wetter“"
2026-08-12T06:47:08.130Z,u04,p1513,"Freunde im südlichen & östlichen Oberbayern berichten von 25% AfD in ihren Gemeinden, und da ist keiner ""aus dem Osten hingezogen"", im Gegenteil, diese Rechten wohnen da seit Generationen. Es ist kein Ost-Problem, es ist ein Hass-Problem, ein Empathie-Problem, ein Bildungsproblem."
2026-08-11T20:30:54.517Z,u04,p1512,"Das wäre ein echter Trumpf gegen die AfD - wenn die Merz Union nicht ähnlich schlecht mit Geld umgehen könnte, plus Merz' 500 Milliarden Euro Lüge zur Schuldenbremse.

Ehrlich und seriös bisher am ehesten 💚"
2026-08-11T19:57:36.319Z,u04,p1511,"#SachsenAnhalt hat 1/4 seiner Bevölkerung verloren - ein echter Brain Drain: Jetzt gibt es dort weit überdurchschnittlich viele ältere, bildungsferne Männer.
Die AfD freut's.
Und wenn sie die Landtagswahl gewinnen, zieht noch ein Viertel weg - dann bleiben wohl nur die Rechten."
2026-08-11T18:47:34.037Z,u04,p1510,"Ableismus? Wenn sich im Dorf alle untereinander heiraten, weil sie nie rausgekommen sind und nichts von der Welt kennen?"
2026-08-11T17:06:31.161Z,u04,p1509,"Und dann kommt das BSW mit rein und alle Spekulation ist hinfällig.

Grün wählen 💚"
2026-08-11T16:26:41.981Z,u04,p1508,"Nochmal:
Ohne Grüne reicht es niemals.

Wenn die Grünen nicht reinkommen  sind ⚫️🟣🔴 entweder knapp unter 💩 oder, falls BSW reinkommt, weit unter 💩💩

Mit Grün reicht es.
Also Grün."
2026-08-11T16:20:08.711Z,u04,p1507,"Internetfund:

Paare, die AfD wählen, haben oft mehr Gemeinsamkeiten als andere Paare. Zum Beispiel die Großeltern."
2026-08-11T16:16:06.712Z,u04,p1506,"Jede demokratische Partei muss reinkommen, sinst reicht es nicht. Das eine Prozent bei Union, Linken, SPD hin oder her ist relativ egal, weil's in Summe eh zu wenig ist - das eine Prozent mehr für die Grünen ist aber 5% wert, und damit  reicht es gegen die Faschisten!"
2026-08-11T14:15:47.926Z,u04,p1505,"Es reicht halt aber nicht...
CDU und Linke werden *weniger* Sitze haben als die AfD. Die Grünen und die SPD *müssen* über die 5% Hürde kommen."
2026-08-11T09:39:13.281Z,u04,p1504,"30 Grad wäre doch chillig, das hat es im Klassenzimmer meiner Frau schon um 8 Uhr morgens, ernsthaft. Grüße aus Bayern."
2026-08-11T08:40:40.590Z,u04,p1503,"Nein, wird nicht passieren.
Union/AfD als Bundesregierung bedeutet Aufstände und brennende Städte. Plus Auswanderungswelle, was einer Industrienation ohne eigene Rohstoffe das Genick brechen würde. Ich vermute sogar: auch Anschläge auf führende Politiker."
2026-08-11T08:34:05.443Z,u04,p1502,Ja geil lass uns in Sachsen-Anhalt die Faschisten wählen weil in Baden-Württemberg die Grünen nicht grün sind 🤡
2026-08-11T08:31:58.373Z,u04,p1501,"Linke 13% und Grüne 4,5% sind zusammen 13% für Demokratie 

Linke 12,5% und Grüne 5,0% sind zusammen 17,5% für Demokratie

Also: im Zweifel Grüne über 5% bringen."
2026-08-11T07:35:32.378Z,u04,p1500,? Du hast den Text nicht verstanden
2026-08-11T07:34:51.368Z,u04,p1499,"Nein.
An dem Tag, an dem die CDU in Sachsen-Anhalt Koalitionspartner der rechtsextremen AfD wird, zerbricht die CDU als Partei, zerbricht die Bundesregierung, muss Friedrich Merz zurücktreten, kommt es zu Massenprotesten und Gewaltausbrüchen in ganz Deutschland."
2026-08-11T07:06:42.074Z,u04,p1498,"In #SachsenAnhalt MÜSSEN die Grünen in den Landtag kommen, um eine AfD Alleinregierung sicher zu verhindern.

Ob CDU 22 oder 23% hat, egal, sie wird den MP stellen - außer AfD regiert.
Egal wie viel % Linke und SPD haben, sie werden Koalitionspartner - außer AfD regiert.

⚫️🟣🔴💚"
2026-08-11T06:42:53.369Z,u04,p1497,"#SachsenAnhalt hat die Wahl:
Faschismus 💩 oder Demokratie 💚"
2026-08-10T21:01:25.878Z,u04,p1496,"Als nächstes bitte:
Mit dem Fahrrad durch eine Stadt ohne Radwege.
Mit dem Deutschlandticket durchs Land.
In der Pampa auf einen Bus warten, der nie fährt.
Im Rollstuhl ÖPNV fahren.
⬇️
Verkehrspolitik sähe ganz anders aus, wenn die Minister keine Dienstwagen hätten."
2026-08-10T20:23:05.665Z,u04,p1495,🏆
2026-08-10T14:25:44.235Z,u04,p1494,"In einem Land, das Weiße* bevorzugt und Männer** bevorzugt, wählen weiße Männer ""aus Protest"" rechtsextrem. Wahnsinn. 

*Beispiel: Wohnungsmarkt
**Beispiel: Arbeitsmarkt"
2026-08-10T06:31:22.934Z,u04,p1493,"""Wenn wir als Union das Thema Klima groß machen, profitieren davon am Ende die Grünen.""
⬇️
Also machen wir als Union das Thema Migration/ Ausländer/ Stadtbild groß, dann profitiert zumindest die AfD. Der stehen wir näher als diesen Umweltheinis, die Ahnung von Wissenschaft haben."
2026-08-10T04:49:33.991Z,u04,p1492,Leider wahr ⬇️
2026-08-09T10:46:54.238Z,u04,p1491,"Ach wäre doch irgendein muslimischer Migrant schuld am #Klimawandel - die Regierung Merz würde sofort Gesetze verabschieden, die Zeitungen würden über den Klimawandel berichten, nach der Tagesschau gäbe es täglich einen Brennpunkt..."
2026-08-09T10:00:17.923Z,u04,p1490,"Hast mich inspiriert 🤜 🤛 ⬇️ 
bsky.app/profile/lase..."
2026-08-09T09:59:03.483Z,u04,p1489,Lass mal überlegen... der Bundeskanzler der drittgrößten Volkswirtschaft der Welt? Hat der denn überhaupt Möglichkeiten? 🤷
2026-08-09T09:57:19.982Z,u04,p1488,"""Wetter beobachten""
   🤝
""technologieoffen""
   ⬇️
Nix tun. Abwarten.
So tun als hätte man einen Plan.

#MerzKannEsNicht #EndeMerz"
2026-08-09T09:54:28.245Z,u04,p1487,Ja. Und?
2026-08-09T09:53:20.535Z,u04,p1486,"Jaaa. Dazu wollte ich meine Schwiegermutter überreden/ überzeugen (riesiger Garten, ungenutzt) aber ""Was sagen denn dann die Leut?"""
2026-08-09T09:44:00.948Z,u04,p1485,"Es gäbe so viele Möglichkeiten:
#Schwammstadt #Renaturierung
#Dachbegrünung #Entsiegelung
#Hitzeaktionsplan #Deichbau
#Regenwassermanagement
#Aufforstung #Grünflächen
#Stadtbäume #Hochwasserschutz
#Permakultur #Mischwald
#Moorschutz #Passivhaus
#Sponge City #Urban Gardening ..."
2026-08-09T09:33:36.825Z,u04,p1484,"#EndFossilFuels erklärt eigentlich schon einiges, und für Schaffung von Klimaresilienz müsste man das Problem zumindest vorher mal wahrnehmen."
2026-08-09T09:26:30.753Z,u04,p1483,"Wie tief muss der Wasserstand des Rheins absinken, wie viele Hitzetote muss es geben, wie viel Prozent Ernteausfälle braucht es, bis Friedrich Merz anerkennt, das es nicht hilft, das ""Wetter"" nur zu ""beobachten""?
#ActNow #ClimateChange #Klimakatastrophe #EndFossilFuels"
2026-08-09T09:15:52.964Z,u04,p1482,"Wir haben das Klima jahrzehntelang ruiniert. Jetzt retten wir es. Konsequent. Unaufhaltsam. Kein Zurück mehr.
#ActNow #EndFossilFuels #Klimakatastrophe ✊️"
2026-08-08T20:39:06.257Z,u04,p1481,"Die 🇧🇪 Fahne statt 🇩🇪 ist übrigens ironisch & Absicht, weil ""Patrioten"" oft wirklich extrem dumme Trottel sind."
2026-08-08T18:10:16.229Z,u04,p1480,Wir hatten noch nie eine unfähigere Bundesregierung ⬇️
2026-08-08T18:01:09.781Z,u04,p1479,"Ja, ich weiß & ich schätze auch diese und andere Parteien sehr, aber aktuell sind die Grünen die einzigen, die in Ländern und Bund den Einzug ins Parlament schaffen, sorry."
2026-08-08T17:52:04.337Z,u04,p1478,"Wären Klimaschutz & Anpassung an den Klimawandel ein Thema für die Regierung Merz, könnten Tausende Menschenleben gerettet werden - aber politisch würden die Grünen davon profitieren, ist ja ihr Kernthema.
Also ist es *kein* Thema.

Stattdessen: Ausländer & Stadtbild.
AfD dankt."
2026-08-08T16:45:34.092Z,u04,p1477,"Hast mich inspiriert 🤜🤛 ⬇️
bsky.app/profile/lase..."
2026-08-08T16:44:58.851Z,u04,p1476,"Sie nennen sich
🇧🇪 doitsche 🇧🇪 Patrioten...

...aber stecken im Arsch von

Alice Weidel (Schweiz)
Donald Trump (USA)
Elon Musk (Südafrika)
Vladimir Putin (Russland)
Martin Sellner (Österreich)
Adolf Hitler (Österreich)"
2026-08-08T15:38:25.188Z,u04,p1475,"Klimaschutz als politisches Thema hilft der Bevölkerung & hilft den Grünen & schadet der CDU.

Klimaschutz *NICHT* als politisches Thema schadet der Bevölkerung & schadet den Grünen & hilft der CDU.

⬇️
Die CDU entscheidet sich aus Angst vor den Grünen *gegen* die eigene Bevölkerung zu handeln."
2026-08-08T10:14:58.428Z,u04,p1474,"Wussten viele nicht, leider. 😬"
2026-08-08T09:52:50.154Z,u04,p1473,"Oh da hat leider die Autokorrektur zugeschlagen, 1x sollte das Gesetz ohne -es heißen"
2026-08-08T09:51:21.829Z,u04,p1472,"Vielleicht ist es keine gute Idee, korrupte narzisstische Millionäre in hohe politische Ämter zu wählen."
2026-08-08T07:19:52.537Z,u04,p1471,"Die Merz Union hat das GebäudeEnergieGesetz schlecht geredet - es war eine Optimierung ihres eigenen Gesetzes.
Die Union hat den Ausstieg aus Atomkraft schlecht geredet - es war ihr eigenes Gesetzes.
Die Union redet gerade die Rente mit 63 schlecht - es ist ihr eigenes Gesetz."
2026-08-08T05:24:22.376Z,u04,p1470,München
2026-08-08T04:53:10.573Z,u04,p1469,"Wir sind nur noch 1 oder 2 Kabinettssitzungen davon entfernt, dass der Einbau von Öl- und Gasheizungen aus Steuermitteln bezuschusst wird.

#MerzKannEsNicht #ReicheSchadetUnsAllen
#Klimakatastrophe"
2026-08-08T04:46:21.851Z,u04,p1468,"Natürlich hatten wir früher auch Tage mit über 30 Grad. Sogar über 35 Grad. Und Nächte über 20 Grad. Die gab es. Vereinzelt. Als Ausnahmen. Als Besonderheit. Nicht so häufig pro Jahr, nicht so viele nacheinander.
#Klimakatastrophe #DontLookUp"
2026-08-07T21:42:06.925Z,u04,p1467,"Wir brauchen Klimaschutz *und* Anpassung an den Klimawandel. Unterzeichne hier ⬇️
share.google/28eYz1VeGy6U..."
2026-08-07T09:39:40.974Z,u04,p1466,"Wer Klimaschutz
bremst oder blockiert
ist ein Mörder."
2026-08-07T09:31:53.303Z,u04,p1465,War das vor oder nach dem Gesetz zur Geschlechtsumwandlungspflicht der Ampelregierung?
2026-08-07T09:05:17.591Z,u04,p1464,"Ich mochte die Jahre, in denen das Klima stabil war und nur das Wetter sich änderte."
2026-08-07T07:55:39.707Z,u04,p1463,"Jede Meile mit dem Fahrrad bringt der Gesellschaft 0,42 Dollar. Jede Meile mit dem Auto kostet 0,20 Dollar.

Deshalb spart Kopenhagen jedes Jahr 357 Millionen Dollar an Gesundheitskosten – weil rund 80 % der Menschen mit dem Rad pendeln.

Radwege kosten Geld.
Keine Radwege kosten mehr Geld."
2026-08-07T07:52:59.868Z,u04,p1462,"""Wie sollen wir diesen Platz nennen?""
""Welchen? Wo?""
""Hinterm Bahnhof""
""Genial!"""
2026-08-07T07:29:35.093Z,u04,p1461,"Hey BundeskanzlerFriedrich Merz,
NIEMAND hat behauptet, dass morgen die Welt untergeht - das hast du selber in deiner plumpen Art einfach so rausgehauen.
Aber dass wir hier und global eine Krise mit dem Klima (oder wie du sagst: ""Wetter"") haben, das haste wohl mitbekommen??"
2026-08-07T05:22:18.961Z,u04,p1460,"Sie schreien Re-Re-Remigration
aber ihre Anführerin lebt in der Schweiz
zusammen mit einer Frau aus Sri Lanka."
2026-08-07T03:44:58.678Z,u04,p1459,"Wie will die Merz Union die AfD ""inhaltlich stellen"", wenn sie selbst keine Inhalte hat?"
2026-08-07T03:32:13.892Z,u04,p1458,"Deutschland baut keine oberirdischen Stromtrassen, weil die ""hässlich"" sind, keine unterirdischen Stromtrassen, weil die ""zu teuer"" sind, keine Speicher, weil wir ""technologieoffen"" sind.

Ohne Stromtrassen & Speicher ""muss"" die Union ""leider"" die Energiewende stoppen.
Die Ölkonzerne freut's."
2026-08-06T13:04:25.976Z,u04,p1457,"Die Union will das Thema #Klimakatastrophe nicht ""zu groß"" machen - ""sonst könnten ja die Grünen davon profitieren"".
Stattdessen macht sie das Thema #Migration groß - mit den bekannten Folgen.
Lieber kein Klimaschutz, dafür Rechtsruck mit Tendenz Faschismus.
Ja, so dumm sind die."
2026-08-06T11:42:18.039Z,u04,p1456,"Die selben Unions-Politiker, die *diesen* Bundeskanzler ausgesucht und gewählt haben, sind gerade dabei, den nächsten Bundespräsidenten auszusuchen... Mir graut.
Es wird also *wieder* ein ausgemusterter Politiker.
Warum soll ein Volksvertreter nicht von der Bevölkerung ausgesucht und gewählt werden?"
2026-08-06T10:43:09.539Z,u04,p1455,"​🚨 WHO & WEF schätzen:
Die #Klimakatastrophe fordert jährlich 250.000 bis 500.000 Leben.
​Das bedeutet:
Jedes Jahr sterben daran *mehr* Menschen als durch den Tsunami von 2004 (~230.000) sowie die Katastrophen von Tschernobyl & Fukushima *zusammen*
🌍 ⚠️​ 🚨 #DontLookUp"
2026-08-06T06:21:37.099Z,u04,p1454,"Ölkonzerne spenden regelmäßig  an die CDU.

CDU setzt Tankrabatt durch.

Ölkonzerne profitieren davon mehr als die Autofahrer.

Bestimmt alles nur Zufall. Korruption ist ja verboten, das wäre ja illegal."
2026-08-06T06:00:00.789Z,u04,p1453,"#Nürnberg braucht so viel Geld für den Ausbau des Frankenschnellweg (umstrittene Autobahn), dass leider leider woanders gespart werden muss: Schulsanierungen, die Königstraße wird nun wohl doch keine ""Klimameile"".

Ihr habt NICHTS begriffen."
2026-08-05T19:23:25.122Z,u04,p1452,Mich haben schon Drukos mit 8 Views und 0 Likes 2k gekostet 😬
2026-08-05T19:21:36.667Z,u04,p1451,"...wäre mir das peinlich eine Partei zu feiern mit einer Schweizer Millionärin und einem Faschisten an der Spitze, die russische Propaganda nachplappern, Reiche reicher und alle anderen ärmer machen wollen, und die auf die EU scheißen - die politisch größte Errungenschaft des 20. Jhd"
2026-08-05T19:15:26.767Z,u04,p1450,"Ach bitte, du weißt hoffentlich was 1 Beleidigung ist & wer berüchtigt dafür ist, tausende Menschen anzuzeigen 🤷"
2026-08-05T19:08:59.510Z,u04,p1449,Lösch das bitte
2026-08-05T16:40:18.588Z,u04,p1448,Dieser Tweet passt monatelang täglich 😬⬇️
2026-08-05T14:20:02.469Z,u04,p1447,"Man müsste diese Wut bündeln können, kanalisieren - sie mündet zu oft in Rückzug, Resignation, Depression, sie führt zu selten zu Aufbegehren, Widerstand, Kampf."
2026-08-05T13:30:43.808Z,u04,p1446,"Ich habe Angst vor dem Tag, an dem ich mir Merz zurückwünschen muss, weil alles *noch schlimmer* wird."
2026-08-05T08:56:08.449Z,u04,p1445,"Deutsche Klimaanpassung:

Mit KI ein Meme erstellen,
das zum Wasser sparen aufruft."
2026-08-05T07:56:42.734Z,u04,p1444,Alle besser als Totengräber Merz 🤷
2026-08-05T07:55:27.459Z,u04,p1443,"Den kannte ich nicht - leider.
Glaub der war der beste.
Bzw einzig Gute."
2026-08-05T07:15:21.696Z,u04,p1442,"Nach Kohl dachte ich:
Endlich weg!
Nach Schröder dachte ich:
Endlich weg!
Nach Merkel dachte ich:
Endlich weg!
Nach Scholz dachte ich:
Endlich weg!
Bei Merz denke ich:
Ich will Kohl zurück, oder Schröder, oder Merkel, oder Scholz - egal, Hauptsache #EndeMerz"
2026-08-04T21:34:58.704Z,u04,p1441,"Übrigens:
Ist nur ne Redewendung. 
Trinke seit Jahren nicht."
2026-08-04T21:28:19.168Z,u04,p1440,🤗 Schnaps 🥳
2026-08-04T14:53:00.651Z,u04,p1439,...und 57% für *sehr sinnvoll*
2026-08-04T14:34:05.103Z,u04,p1438,"""mag keine Klugscheißer""
🤪🥳"
2026-08-04T14:32:29.065Z,u04,p1437,"Wie kann sich eine Partei ""bürgerlich"" oder ""konservativ"" nennen, wenn sie die Grundlagen des menschlichen Lebens zerstört?
Diese Parteien arbeiten *gegen* Natur und Umwelt, und damit *gegen* die Bevölkerung."
2026-08-04T10:43:22.324Z,u04,p1436,"#SchleKaZ
#EndeMerz"
2026-08-04T08:41:28.294Z,u04,p1435,"Klimawandel nennen sie ""Wetter"".
Korruption nennen sie ""Wirtschaftskompetenz"".
Festhalten an Altem, um ja nichts ändern zu müssen, nennen sie ""technologieoffen"".
Gleiche Rechte für alle nennen sie ""woke"".
Alte Männer ohne Plan, ohne Willen, ohne Können nennen sich selbst ""konservativ""."
2026-08-04T07:07:35.148Z,u04,p1434,"Zu viele Männer gehen in die Politik
statt in Therapie.

Ganz anderes Thema, komplett ohne Zusammenhang:
Ist Friedrich Merz noch im Amt oder ist er endlich zurückgetreten?"
2026-08-04T06:10:14.526Z,u04,p1433,Klar kann es nicht für alle sein - Autobahnen werden ja auch nur von einem Bruchteil der Bevölkerung genutzt.
2026-08-04T05:45:34.770Z,u04,p1432,"""Konservative"", vermeintlich *ohne* Ideologie:
Möglichst viel Geld in die eigenen Taschen, zB durch Lügen & Betrug & Korruption.
Themen als Ablenkung:
Rassismus, Anti-Wokeness, fetischhaftes Wurstgefresse.

Grüne ""Ideologie"":
Schutz von Mensch, Natur, Klima.
Gutes Leben für alle."
2026-08-04T05:18:43.025Z,u04,p1431,"🚨 BREAKING​ NEWS 🚨

CDU wird umbenannt in ADS!
- wegen der ständigen Reaktionen auf die bekannt gegebenen Personalentscheidungen:

Ach Du Scheiße!"
2026-08-04T04:43:39.314Z,u04,p1430,"Rhetorischer Kniff der Rechten:

""Lassen Sie mich ausreden!""
ist meist der Versuch
sein ganzes Gift zu verstreuen
bevor dein Gesprächspartner
mit Fakten reagieren kann"
2026-08-03T20:08:13.223Z,u04,p1429,"Beim #Deutschlandticket (das vielen Millionen Menschen günstige Mobilität ermöglicht) wird jedes Jahr neu gerechnet, gestritten und dann der Preis erhöht - aber beim #Tankrabatt (bei dem etliche Milliarden an Esso & Shell gingen) war die Kohle plötzlich egal. 🤷"
2026-08-03T20:01:20.590Z,u04,p1428,Aber bald könnte ein Rechtsextremer Ministerpräsident werden 🤷
2026-08-03T19:27:29.015Z,u04,p1427,"Warum brauche ich einen Führerschein um ein Auto fahren zu dürfen aber als Bundeskanzler musst du keinerlei Qualifikation nachweisen?
#MerzKannEsNicht #EndeMerz"
2026-08-03T14:29:37.466Z,u04,p1426,
2026-08-03T12:35:14.762Z,u04,p1425,"...aber nur Minderheiten ohne Lobby, also nicht die Milliardäre und auch nicht die Elon Musk Arschkriecher bitte danke"
2026-08-03T09:39:16.497Z,u04,p1424,😬 das wird mit etwas Pech der erste rechtsextreme Ministerpräsident der Bundesrepublik
2026-08-03T09:31:09.977Z,u04,p1423,"Ulrich Siegmund #AfD behauptet ""studiert"" zu haben, aber kann nicht mal einen Bachelor nachweisen - die erste, unterste Stufe der akademischen Bildung.
Will sich da jemand schlauer machen als er ist? Oder ist es einfach nur der parteiübliche Hang zur Lüge? 🤷"
2026-08-03T06:39:36.132Z,u04,p1422,"Ja danke Bundeskanzler Merz
Lasst uns noch schnell flächendeckend #Palantir einführen & die von Linnemann geforderte Liste psychisch Kranker erstellen & das Informationsfreiheitsgesetz #IFG abschaffen DANN IST ALLES PALETTI VORBEREITET WENN DIE AfD DIE REGIERUNG ÜBERNIMMT. 🥳🤪"
2026-08-02T20:10:24.149Z,u04,p1421,"Ja, exakt.
Des Lebens müde.
Müde von allem - auch vom Leben.
🫂
Gibt es etwas, das ich für dich tun kann?"
2026-08-02T17:20:16.959Z,u04,p1420,"#AKW heißt
Aber Kein Wasser
www.spiegel.de/wissenschaft..."
2026-08-01T20:05:34.682Z,u04,p1419,"​🚨 BREAKING​ NEWS 🚨

Merz besetzt die Ministerien neu:

​Verkehr: Porsche
Landwirtschaft: Nestlé
Umwelt: Shell
Verteidigung: Rheinmetall
Finanzen: Deutsche Bank
Wirtschaft: BlackRock
Digitales: Microsoft
Inneres: Palantir
Gesundheit: Bayer
Bildung: BILD

Die ​Lobby sagt Danke."
2026-07-31T19:20:34.925Z,u04,p1418,"Friedrich Merz ist seit zig Jahren in der #CDU und erst *jetzt* merken die, wie inkompetent er ist?
Meine Güte, ihr Schnarchnasen hättet den #SchleKaZ verhindern können."
2026-07-31T12:31:50.705Z,u04,p1417,Willkommen 🤜🤛
2026-07-31T07:36:48.872Z,u04,p1416,"Russland führt Krieg in Ukraine
&
Gas verursacht CO2 Emissionen
⬇️
AfD: Wir brauchen mehr russisches Gas‼️"
2026-07-31T07:27:33.846Z,u04,p1415,"Wenn die Regierung Merz den Klimawandel weiter ignoriert, könnte das am Ende ihr wirksamster Rentenplan sein. #Hitzetote"
2026-07-30T20:13:07.238Z,u04,p1414,"Ein seeehr kluger Mensch* hat das ⬇️ gesagt:

""Es gibt kaum ein Thema, bei dem es nicht Streit in der #Bundesregierung gibt. Wenn das so weitergeht, wird der #Bundeskanzler vermutlich nicht umhin kommen, die Vertrauensfrage zu stellen.""

*Friedrich Merz, am 25.5.2023"
2026-09-23T11:49:40.840Z,u10,p4463,"Little Bandit on an Adventure.

#jimothy #seattle #jimothyraccoon"
2026-09-22T20:15:03.870Z,u10,p4462,"Celebrating Every Kind of Beautiful! 🦝

#Jimothy #Jimothyraccoon #Jimothyforever"
2026-09-22T11:09:34.202Z,u10,p4461,"jimothy.

#Jimothy #Jimothythyraccoon"
2026-09-21T17:23:18.348Z,u10,p4460,"Installed last night

#jimothy #seattle #jimothyraccoon"
2026-09-21T16:18:53.348Z,u10,p4459,"Jimothy tattoo

#jimothy #seattle #jimothyraccoon"
2026-09-21T10:18:19.437Z,u10,p4458,"Look Who Just Showed Up! 👀🦝

#jimothy #seattle #jimothyraccoon"
2026-09-21T09:16:23.551Z,u10,p4457,"Good morning! Wishing everyone a wonderful start to the day. 🦝🌿❤️

#jimothy #seattle #jimothyraccoon"
2026-09-20T12:21:16.798Z,u10,p4456,"Any one like jimothy dog 

follow this id @tillythefriendly.bsky.social

#jimothy #seattle #jimothyraccoon"
2026-09-20T09:32:06.083Z,u10,p4455,"Cookies I'm working on today. Hopefully they give Jimothy vibes 🥰

#jimothy #seattle #jimothyraccoon"
2026-09-19T17:18:22.677Z,u10,p4454,"Don’t know if this has been shared before

#jimothy #seattle #jimothyraccoon"
2026-09-19T13:18:30.859Z,u10,p4453,"Found in the wild at a West Virginia Walmart. ❤️❤️

#jimothy #seattle #jimothyraccoon"
2026-09-19T09:14:47.189Z,u10,p4452,"Jimothy Up Close!

#jimothy #seattle #jimothyraccoon"
2026-09-17T10:31:13.392Z,u10,p4451,"I saw this at the Dr office

#jimothy #seattle #jimothyraccoon"
2026-09-16T22:23:06.312Z,u10,p4450,"Spinning around

#jimothy #seattle #jimothyraccoon"
2026-09-16T09:30:09.568Z,u10,p4449,"Guess Who Just Showed Up? 🦝

#jimothy #seattle #jimothyraccoon"
2026-09-15T22:30:02.500Z,u10,p4448,"We love Jimothy here in Vermont too. ❤️

#jimothy #seattle #jimothyraccoon"
2026-09-15T01:04:29.330Z,u10,p4447,welcome
2026-09-15T00:31:46.407Z,u10,p4446,"Any one like jimothy dog 

follow this id tillythefriendly.bsky.social

#jimothy #seattle #jimothyraccoon"
2026-09-14T22:36:35.902Z,u10,p4445,"Jimothy Lake!

#jimothy #seattle #jimothyraccoon"
2026-09-14T22:22:31.942Z,u10,p4444,"Thanks for your comments. I'm taking it easy today.

#jimothy #seattle #jimothyraccoon"
2026-09-14T12:35:51.459Z,u10,p4443,"Sk8r Boi

#jimothy #seattle #jimothyraccoon"
2026-09-14T11:33:59.001Z,u10,p4442,"jimothy 

#jimothy #seattle #jimothyraccoon"
2026-09-14T09:16:52.708Z,u10,p4441,"Jimothy made it to the NYT ❤️ The finest boy I'll ever see

#jimothy #seattle #jimothyraccoon"
2026-09-13T12:39:45.194Z,u10,p4440,"JIMOTHY CHOOSES KINDNESS

#jimothy #seattle #jimothyraccoon"
2026-09-13T09:26:05.976Z,u10,p4439,"Love ❤️

#jimothy #seattle #jimothyraccoon"
2026-09-13T00:01:24.766Z,u10,p4438,"True facts

#jimothy #seattle #jimothyraccoon"
2026-09-12T13:22:29.759Z,u10,p4437,"Jimothy knows 🦝

#jimothy #seattle #jimothyraccoon"
2026-09-12T09:59:19.554Z,u10,p4436,"You'll protect me at all costs, right? 🦝❤️

#jimothy #seattle #jimothyraccoon"
2026-09-10T13:21:57.496Z,u10,p4435,Check this source::: iitly.com/NQj
2026-09-10T13:21:06.328Z,u10,p4434,Right
2026-09-10T13:12:45.234Z,u10,p4433,"I thought my artwork would be appreciated here.

Source:: iitly.com/NQj

#jimothy #seattle #jimothyraccoon"
2026-09-10T11:04:08.038Z,u10,p4432,"His name is Mr Kitty, but now we call him ‘Kimothy’.

#jimothy #seattle #jimothyraccoon"
2026-09-10T09:50:01.188Z,u10,p4431,"Jimothy Gadsden flag

#jimothy #seattle #jimothyraccoon"
2026-09-09T19:08:27.546Z,u10,p4430,"Jimothy Is On a Mission🦝

#jimothy #seattle #jimothyraccoon"
2026-09-09T17:31:05.877Z,u10,p4429,Yes
2026-09-09T17:04:28.628Z,u10,p4428,"Another special raccoon.

#jimothy #seattle #jimothyraccoon"
2026-09-09T12:33:07.730Z,u10,p4427,"Sorry Humans, Raccoons Win This One 🦝🏆

#jimothy #seattle #jimothyraccoon"
2026-09-08T18:56:26.104Z,u10,p4426,"I mean .. 🤣 He’s also a Jimothy !

#jimothy #seattle #jimothyraccoon"
2026-09-08T16:29:14.744Z,u10,p4425,❤️❤️❤️
2026-09-08T16:24:17.663Z,u10,p4424,"jimothy 

#jimothy #seattle #jimothyraccoon"
2026-09-07T16:14:19.025Z,u10,p4423,"Who's that upstairs? 🦝👀

#jimothy #seattle #jimothyraccoon"
2026-09-07T10:41:46.385Z,u10,p4422,😍😍
2026-09-07T10:41:34.089Z,u10,p4421,❤️❤️
2026-09-07T10:41:00.921Z,u10,p4420,ty
2026-09-07T09:44:09.540Z,u10,p4419,"Handmade Jimothy!!!

#jimothy #seattle #jimothyraccoon"
2026-09-06T17:07:51.184Z,u10,p4418,"It is an eye glass holder 

#jimothy #seattle #jimothyraccoon"
2026-09-06T12:18:03.816Z,u10,p4417,Good one
2026-09-06T09:12:45.397Z,u10,p4416,"Good morning, everyone! 🦝🌿 Just popping in to wish you a wonderful morning.
What did you all have for breakfast today? Is there any delicious food left for me? Let me know in the comments! ❤️🐾

#jimothy #seattle #jimothyraccoon"
2026-09-05T16:29:18.556Z,u10,p4415,"I mean if I have to turn 40, at least I can do it with a Jimothy cake!

#jimothy #seattle #jimothyraccoon"
2026-09-05T13:23:16.536Z,u10,p4414,Ty
2026-09-05T12:59:18.491Z,u10,p4413,"Sweet Jimothy

#jimothy #seattle #jimothyraccoon"
2026-09-05T09:09:10.087Z,u10,p4412,"Jimothy at Dragon Con ATL!

#jimothy #seattle #jimothyraccoon"
2026-09-03T17:17:13.320Z,u10,p4411,"My son wanted me to share this picture of Jimothy that she drew! 🙂

#jimothy #seattle #jimothyraccoon"
2026-09-03T16:04:01.252Z,u10,p4410,Yes
2026-09-03T13:22:38.412Z,u10,p4409,"Have a wonderful day ❤️

#jimothy #seattle #jimothyraccoon"
2026-09-03T11:51:14.716Z,u10,p4408,"Jimothy...

#jimothy #seattle #jimothyraccoon"
2026-09-03T09:52:06.240Z,u10,p4407,"oh hey it's me ❤️

#jimothy #seattle #jimothyraccoon"
2026-09-02T16:24:10.541Z,u10,p4406,"Jimothy Tattoo Flash

#jimothy #seattle #jimothyraccoon"
2026-09-02T13:03:31.739Z,u10,p4405,"i had to do Jimothy fan art

#jimothy #seattle #jimothyraccoon"
2026-09-02T09:10:38.163Z,u10,p4404,"Found on Pinterest 

#jimothy #seattle #jimothyraccoon"
2026-09-01T19:57:57.572Z,u10,p4403,He’s alive and well
2026-09-01T17:17:15.309Z,u10,p4402,"Amen 🦝 

#jimothy #seattle #jimothyraccoon"
2026-09-01T10:44:45.988Z,u10,p4401,"Seen tonight at Jimmy Eat World…

#jimothy #seattle #jimothyraccoon"
2026-09-01T09:40:58.329Z,u10,p4400,"I made a pocket sized Jimothy out of glass...

#jimothy #seattle #jimothyraccoon"
2026-08-31T20:30:28.999Z,u10,p4399," Jimothy Pancake

#jimothy #seattle #jimothyraccoon"
2026-08-31T18:01:07.417Z,u10,p4398,"Boop

#jimothy #seattle #jimothyraccoon"
2026-08-31T12:34:47.738Z,u10,p4397,"This moonlit cloud looks just like the legend himself.

#jimothy #seattle #jimothyraccoon"
2026-08-31T08:59:49.491Z,u10,p4396,"Good morning, everyone! I’m so grateful for all your support and kindness. Thank you for always looking out for me. ❤️

#jimothy #seattle #jimothyraccoon"
2026-08-30T17:35:10.420Z,u10,p4395,"Spreading a little love wherever I go ❤️

#jimothy #seattle #jimothyraccoon"
2026-08-30T16:10:37.495Z,u10,p4394,"Lake jimothy 

#jimothy #seattle #jimothyraccoon"
2026-08-30T10:51:18.126Z,u10,p4393,"Don’t worry, he crossed the road safely, traffic stopped for him.

#jimothy #seattle #jimothyraccoon"
2026-08-29T17:52:10.820Z,u10,p4392,"😊😊😊😊

#jimothy #seattle #jimothyraccoon"
2026-08-29T16:03:48.061Z,u10,p4391,"local update on our fave little prince

#jimothy #seattle #jimothyraccoon"
2026-08-29T12:59:00.683Z,u10,p4390,"Look at my Jimothy doll!!! ❤️🤩

#jimothy #seattle #jimothyraccoon"
2026-08-29T10:49:20.636Z,u10,p4389,"Found Jimothy safe this morning

#jimothy #seattle #jimothyraccoon"
2026-08-29T09:38:50.255Z,u10,p4388,#jimothy #seattle #jimothyraccoon
2026-08-27T12:40:00.696Z,u10,p4387,"Sgraffito Jimothy mug with ""Life is Weird"" etched into the handle 😍🦝

#jimothy #seattle #jimothyraccoon"
2026-08-27T09:44:45.208Z,u10,p4386,"Saint Jimothy

#jimothy #seattle #jimothyraccoon"
2026-08-26T19:27:07.716Z,u10,p4385,"I want to make sure that all jimothy fans know about tilly.

#jimothy #seattle #jimothyraccoon"
2026-08-26T16:11:32.120Z,u10,p4384,"Say hello if you love seeing me ❤️

#jimothy #seattle #jimothyraccoon"
2026-08-26T12:44:51.227Z,u10,p4383,"Good morning,"
2026-08-26T12:12:10.548Z,u10,p4382,"Time to meet the day ❤️

#jimothy #seattle #jimothyraccoon"
2026-08-26T10:34:42.116Z,u10,p4381,"I made a Lino carving of Jimothy 🦝

#jimothy #seattle #jimothyraccoon"
2026-08-24T18:52:34.524Z,u10,p4380,"𝐏𝐥𝐞𝐚𝐬𝐞 𝐬𝐚𝐲 𝐘𝐞𝐬, 𝐢𝐟 𝐲𝐨𝐮 𝐥𝐢𝐤𝐞 𝐭𝐡𝐢𝐬 𝐩𝐢𝐜𝐭𝐮𝐫𝐞❤️

#jimothy #seattle #jimothyraccoon"
2026-08-24T10:15:52.227Z,u10,p4379,"After much negotiation, I convinced her to be Jimothy for Halloween this year. 🦝 😂

#jimothy #seattle #jimothyraccoon"
2026-08-24T09:19:15.741Z,u10,p4378,"All hail

#jimothy #seattle #jimothyraccoon"
2026-08-23T16:25:05.943Z,u10,p4377,"Furby angles.

#jimothy #seattle #jimothyraccoon"
2026-08-23T13:06:44.461Z,u10,p4376,"jimothy 3D printer!

#jimothy #seattle #jimothyraccoon"
2026-08-23T09:25:59.243Z,u10,p4375,"Hi, I'm Jimothy and I live wild and free ❤️

#jimothy #seattle #jimothyraccoon"
2026-08-22T18:57:46.750Z,u10,p4374,"Show your love for Jimothy ❤️

#jimothy #seattle #jimothyraccoon"
2026-08-22T16:21:44.307Z,u10,p4373,"Hello from the outside ❤️

#jimothy #seattle #jimothyraccoon"
2026-08-22T09:44:11.270Z,u10,p4372,"Rise and shine ❤️

#jimothy #seattle #jimothyraccoon"
2026-08-20T19:43:22.457Z,u10,p4371,"Jimothy flip book journal.

#jimothy #seattle #jimothyraccoon"
2026-08-20T16:37:05.024Z,u10,p4370,"Just finished a lil’ Jimothy print

#jimothy #seattle #jimothyraccoon"
2026-08-20T13:06:02.563Z,u10,p4369,"jimothy

#jimothy #seattle #jimothyraccoon"
2026-08-20T09:49:40.599Z,u10,p4368,"Exactly

#jimothy #seattle #jimothyraccoon"
2026-08-19T20:05:23.381Z,u10,p4367,"Found Jimothy and his mom at Tractor Supply ♥️🦝

#jimothy #seattle #jimothyraccoon"
2026-08-19T16:45:23.302Z,u10,p4366,walmart
2026-08-19T16:36:32.793Z,u10,p4365,"tiny jimothys🫶🏻

#jimothy #seattle #jimothyraccoon"
2026-08-19T10:33:24.025Z,u10,p4364,Ty
2026-08-19T10:31:20.194Z,u10,p4363,"Making cute Jimothy cookies

#jimothy #seattle #jimothyraccoon"
2026-08-19T09:33:51.489Z,u10,p4362,"Can I see all the Jimothy tattoos? 
I'm giggling, imagine two strangers going about their lives and one sees a tiny familiar image and screams ""JIMOTHYYYY"". Making friends as an adult just got so much easier 😆

#jimothy #seattle #jimothyraccoon"
2026-08-18T19:52:32.052Z,u10,p4361,
2026-08-18T18:16:21.679Z,u10,p4360,"Who is Jimothy's new little kitty friend?

#jimothy #seattle #jimothyraccoon"
2026-08-18T16:15:28.841Z,u10,p4359,"Jim-othy🤣🤣🤣🤣

#jimothy #seattle #jimothyraccoon #Art"
2026-08-18T13:22:29.230Z,u10,p4358,"Baby Jimothy, lino. Second attempt.

#jimothy #seattle #jimothyraccoon #Art"
2026-08-18T09:52:01.920Z,u10,p4357,"A friend of mine made me a new office desk companion. I love him!

#jimothy #seattle #jimothyraccoon #Art"
2026-08-17T19:13:15.965Z,u10,p4356,"I does what I likes, and I likes what I do.

#jimothy #seattle #jimothyraccoon #Art"
2026-08-17T16:29:32.443Z,u10,p4355,"now I present to you: Jimothy!

#jimothy #seattle #jimothyraccoon #Art"
2026-08-17T11:30:05.420Z,u10,p4354,Give me a picture.
2026-08-17T10:34:47.424Z,u10,p4353,"Jimothy Mosaic Art

#jimothy #seattle #jimothyraccoon #Art"
2026-08-16T17:02:40.287Z,u10,p4352,"I give out little 3D printed fellas at work. This one has been by far the most popular!

#jimothy #seattle #jimothyraccoon"
2026-08-16T13:06:25.493Z,u10,p4351,"Looking for a little snack ❤️

#jimothy #seattle #jimothyraccoon"
2026-08-16T11:52:42.724Z,u10,p4350,"I was told yall would enjoy this Jimothy charm I made!

#jimothy #seattle #jimothyraccoon"
2026-08-16T09:39:40.112Z,u10,p4349,"Jimothys welcomed.

#jimothy #seattle #jimothyraccoon"
2026-08-15T19:48:32.227Z,u10,p4348,"Elkins west Virginia Walmart has jimothy cakes

#jimothy #seattle #jimothyraccoon"
2026-08-15T17:33:46.725Z,u10,p4347,"Jimothy😂😂💕

#jimothy #seattle #jimothyraccoon"
2026-08-15T16:19:10.582Z,u10,p4346,"Jimothy the car

#jimothy #seattle #jimothyraccoon"
2026-08-15T09:37:57.031Z,u10,p4345,"My Jimothy Hinge Head!

#jimothy #seattle #jimothyraccoon"
2026-08-13T16:37:58.758Z,u10,p4344,"Receipt Jimothy

#jimothy #seattle #jimothyraccoon"
2026-08-13T09:33:14.142Z,u10,p4343,Go here::: thepawsitively.com/jimothy-jimo...
2026-08-12T16:36:42.582Z,u10,p4342,#Jimothy with his family as a baby
2026-08-12T16:23:32.441Z,u10,p4341,"I hosted a Jimothy painting contest for my friends bday

#JimothyTheRaccoon #Jimothy"
2026-08-12T13:21:43.566Z,u10,p4340,"One must imagine Jimothy happy

#Jimothy"
2026-08-12T10:44:12.803Z,u10,p4339,#jimothy
2026-08-12T09:14:21.138Z,u10,p4338,#Jimothy tattoo
2026-08-11T19:01:23.021Z,u10,p4337,He is in my cloud! #jimothy
2026-08-11T16:39:18.511Z,u10,p4336,Molly Moon’s ice cream knows what’s up
2026-08-11T16:14:00.215Z,u10,p4335,#Jimothy meets Spider-Man
2026-08-11T13:56:05.381Z,u10,p4334,#jimothy
2026-08-11T12:40:20.672Z,u10,p4333,Noooo #jimothy
2026-08-11T11:15:00.319Z,u10,p4332,#jimothy
2026-08-10T16:42:38.093Z,u10,p4331,#Jimothy and lavender bush
2026-08-10T15:28:00.418Z,u10,p4330,STAY WEIRD #jimothy
2026-08-10T12:36:46.999Z,u10,p4329,aww ❤️ #jimothy
2026-08-10T11:07:30.183Z,u10,p4328,I made myself a #Jimothy journal!
2026-08-10T09:27:32.209Z,u10,p4327,I've abstracted #Jimothy
2026-08-09T16:53:43.669Z,u10,p4326,#jimothy
2026-08-09T16:34:36.702Z,u10,p4325,"#Jimothy mural spotted at Fraser Mountain Mural Festival (Fraser, Colorado)"
2026-08-09T09:25:58.978Z,u10,p4324,Jimothnyan #jimothy
2026-08-08T19:12:05.012Z,u10,p4323,Hope #jimothy
2026-08-08T18:32:49.821Z,u10,p4322,#jimothy
2026-08-08T17:26:32.723Z,u10,p4321,I think the world needs a #Jimothy in every color
2026-08-08T16:55:47.333Z,u10,p4320,
2026-08-08T16:17:28.369Z,u10,p4319,"Cloud #Jimothy spotted in the sky in Hawke's Bay, New Zealand!!🦝🤩"
2026-08-08T14:03:01.605Z,u10,p4318,So cute #jimothy
2026-08-08T13:42:45.614Z,u10,p4317,Sooo my walmart has him on a cookie cake! I had to get it. So cute #jimothy
2026-08-08T11:26:00.588Z,u10,p4316,Does anyone else see him? #jimothy
2026-08-08T09:50:13.902Z,u10,p4315,#Jimothy the semi
2026-08-06T16:05:47.358Z,u10,p4314,Go Mariners! #jimothy
2026-08-06T13:30:41.860Z,u10,p4313,"It started as a joke, but 3 days later I actually did it haha"
2026-08-06T12:36:48.282Z,u10,p4312,An actual Racoon was at TMobile Park on #Jimothy night
2026-08-06T11:26:18.117Z,u10,p4311,"A very cute pic shared from his FB page www.facebook.com/groups/95938...

#jimothy"
2026-08-06T09:45:31.896Z,u10,p4310,
2026-08-06T09:15:11.814Z,u10,p4309,Jimothy 💜
2026-08-05T17:59:39.869Z,u10,p4308,Jimothy Hand-cut cookies.
2026-08-05T16:27:39.243Z,u10,p4307,"3D chalk drawing of Jimothy the raccoon in St. Joe, Michigan. 

#jimothy #jimothyraccoon"
2026-08-05T12:39:58.570Z,u10,p4306,"Figured this would be appreciated here.

#jimothy #jimothyraccoon"
2026-08-05T12:18:12.047Z,u10,p4305,#Jimothy - for any io you magic players
2026-08-05T10:43:25.758Z,u10,p4304,What song do you think is playing while Jimothy runs through the Seattle backyards? #jimothy
2026-08-05T09:54:02.177Z,u10,p4303,#Jimothy!
2026-08-04T19:02:50.700Z,u10,p4302,#Jimothy in my local grocery store
2026-08-04T16:18:24.184Z,u10,p4301,"Spotted in the Twin Cities

#jimothy #jimothyraccoon"
2026-08-04T13:05:55.885Z,u10,p4300,"🦝Jimothy❤️
Unbothered. Moisturized. In his lane. Thriving. 🦝  #Jimothy"
2026-08-04T11:21:47.470Z,u10,p4299,"Sharing this with people who'd appreciate it.

#Jimothy"
2026-08-04T10:18:40.428Z,u10,p4298,"Jimothy motorcycle

#JimothyTheRaccoon #Jimothy"
2026-08-04T09:26:42.854Z,u10,p4297,"I made a Jimothy commemorative coin. 

#JimothyTheRaccoon #Jimothy"
2026-08-03T16:31:38.164Z,u10,p4296," I baked a Jimothy pie

#jimothy #jimothyraccoon"
2026-08-03T13:52:29.556Z,u10,p4295,"New jimmy spotting

#jimothy #jimothyraccoon"
2026-08-03T12:35:42.606Z,u10,p4294,"We trust

#jimothy #jimothyraccoon"
2026-08-03T11:00:25.188Z,u10,p4293,"Jimothy would never

#jimothy #jimothyraccoon"
2026-08-03T10:43:11.864Z,u10,p4292,"Be like Jimothy.

#jimothy #jimothyraccoon"
2026-08-03T10:08:48.078Z,u10,p4291,"I needle felted my own Jimothy! 🦝

#jimothy #jimothyraccoon"
2026-08-02T19:34:40.169Z,u10,p4290,"Thought it might be appreciated here.

#jimothy #jimothyraccoon"
2026-08-02T18:46:57.513Z,u10,p4289,"My Roku just updated last night and now Jimothy is on the fence.

#jimothy #jimothyraccoon"
2026-08-02T16:08:49.544Z,u10,p4288,#jimothy
2026-08-02T15:51:47.857Z,u10,p4287,"Baby Jimothy

#jimothy #jimothyraccoon"
2026-08-02T15:26:34.737Z,u10,p4286,Good morning ❤️
2026-08-01T20:06:43.792Z,u10,p4285,So how's your evening so far? ❤️
2026-08-01T18:51:18.438Z,u10,p4284,"Dance like no one is watching

#jimothy #jimothyraccoon"
2026-08-01T17:21:18.844Z,u10,p4283,"Jimothy making his way in our side yard

#jimothy #jimothyraccoon"
2026-08-01T16:38:41.364Z,u10,p4282,"Baby Jimothy

#jimothy #seattle #jimothyraccoon"
2026-08-01T16:10:50.739Z,u10,p4281,"Slender Jimothy, Intent of God, by me

#jimothy #seattle #jimothyraccoon"
2026-08-01T13:46:51.640Z,u10,p4280,"Jimothy has made it to Atlanta!

#jimothy #jimothyraccoon"
2026-08-01T12:46:16.604Z,u10,p4279,"Self explanatory

#jimothy #seattle #jimothyraccoon"
2026-08-01T11:52:51.270Z,u10,p4278,"Jimothy has brought so much awareness, hope, and inspiration to us all regarding birth defects and disabilities, I think USPS needs to make a Forever stamp in honor of him...

#USPS #jimothy #seattle #jimothyraccoon"
2026-08-01T09:47:24.222Z,u10,p4277,"jimothy cookies at the grocery store 

#jimothy #seattle #jimothyraccoon"
2026-08-01T09:16:47.807Z,u10,p4276,"In Jimothy we trust

#jimothy #seattle #jimothyraccoon"
2026-07-30T20:03:27.389Z,u10,p4275,"Hi, I'm Jimothy's mailman

#jimothy #seattle #jimothyraccoon"
2026-07-30T19:55:07.330Z,u10,p4274,"Jimothy the dog.

#jimothy #seattle #jimothyraccoon #Jimothy"
2026-07-30T16:25:44.970Z,u10,p4273,Source::: thepawsitively.com/jimothy
2026-07-30T12:13:46.227Z,u10,p4272,"Seen in downtown Cleveland today

#jimothy #seattle #jimothyraccoon"
2026-07-30T09:51:56.885Z,u10,p4271,"Hail Jimothy

#jimothy #seattle #jimothyraccoon"
2026-07-29T18:26:10.093Z,u10,p4270,"HD Jimothy photos

#jimothy #seattle #jimothyraccoon"
2026-07-29T17:14:19.840Z,u10,p4269,"Jimothy Crossing

#jimothy #seattle #jimothyraccoon"
2026-07-29T11:01:04.652Z,u10,p4268,"Art from Jimothy proclamation day in Seattle

#jimothy #seattle #jimothyraccoon"
2026-07-29T09:30:17.469Z,u10,p4267,"Jimothy sighted in our yard!

#jimothy #seattle #jimothyraccoon"
2026-07-28T18:31:35.455Z,u10,p4266,Just joined the Jimothy gang.
2026-07-28T10:20:46.314Z,u10,p4265,"A raccoon, trapped in a storm drain, waiting patiently to be rescued in rural Pennsylvania 

#RaccoonLife #UrbanWildlife #NatureLovers"
2026-07-27T10:09:50.180Z,u10,p4264,"Spotted a young raccoon on a walk 

#RaccoonLove #UrbanWildlife #NatureExploration"
2026-07-20T10:58:00.772Z,u10,p4263,"Albino Racoon in our yard tonight?! 

#RaccoonLove #UrbanWildlife #NatureExploration"
2026-07-18T16:34:29.722Z,u10,p4262,I found it here >>> gearswares.com/abolish-ice-...
2026-07-16T11:01:38.164Z,u10,p4261,"Going to miss them

#RaccoonLove #UrbanWildlife #NatureExploration"
2026-07-15T14:24:40.368Z,u10,p4260,"Notchyomomma cooling off

#RaccoonLove #UrbanWildlife #NatureExploration"
2026-07-15T10:21:11.394Z,u10,p4259,"Hello there! Found this handsome fellow in the woods 

#RaccoonLove #UrbanWildlife #NatureExploration"
2026-07-14T19:05:30.478Z,u10,p4258,"Racoon Rescue 

#RaccoonLove #UrbanWildlife #NatureExploration"
2026-07-13T10:17:03.164Z,u10,p4257,"The cone on my bird feeder is to block squirrels, obviously not for raccoons. 

#RaccoonLove #UrbanWildlife #NatureExploration"
2026-07-12T10:46:05.812Z,u10,p4256,"How many can you spot??

#RaccoonLove #UrbanWildlife #NatureExploration"
2026-07-11T13:39:09.172Z,u10,p4255,"This new raccoon is so glossy and pretty.

#RaccoonLove #UrbanWildlife #NatureExploration"
2026-07-08T09:44:35.534Z,u10,p4254,"Some cuties I saw on my walk

#RaccoonLove #UrbanWildlife #NatureExploration"
2026-07-07T10:26:38.416Z,u10,p4253,"Need advice

#RaccoonLove #UrbanWildlife #NatureExploration"
2026-07-06T19:45:34.517Z,u10,p4252,"Oh hey there, whiskers.

#RaccoonLove #UrbanWildlife #NatureExploration"
2026-07-05T13:29:33.438Z,u10,p4251,"Oh hey there, whiskers.

#RaccoonLove #UrbanWildlife #NatureExploration"
2026-07-04T10:41:16.289Z,u10,p4250,"Oh, hi! 

#RaccoonLove #UrbanWildlife #NatureExploration"
2026-07-02T13:32:04.011Z,u10,p4249,"a raccoon catching snowflakes! 🦝

#RaccoonLove #UrbanWildlife #NatureExploration"
2026-07-02T12:38:42.812Z,u10,p4248,"SHE STOLE TRAILMIX OUT OF MY BAG AND ATE IT IN FRONT OF ME

#RaccoonLove #UrbanWildlife #NatureExploration"
2026-07-01T19:36:38.261Z,u10,p4247,"Hello Mama Bear! 

#RaccoonLove #UrbanWildlife #NatureExploration"
2026-06-30T18:13:05.613Z,u10,p4246," you are the last blueberry

#RaccoonLove #UrbanWildlife #NatureExploration"
2026-06-29T01:31:39.914Z,u10,p4245,"Sweet little family in my yard a couple of years ago. 🦝

#RaccoonLove #UrbanWildlife #NatureExploration"
2026-06-28T00:39:38.685Z,u10,p4244,"Frequent visitor caught on camera

#RaccoonLove #UrbanWildlife #NatureExploration"
2026-06-22T01:06:59.100Z,u10,p4243,"Baby raccoon!

#RaccoonLove #UrbanWildlife #NatureExploration"
2026-06-21T01:08:37.901Z,u10,p4242,"Is she pregnant? 

#RaccoonLove #UrbanWildlife #NatureExploration"
2026-06-18T20:03:44.084Z,u10,p4241,"This little guy found a nice tree to relax in.

#RaccoonLove #UrbanWildlife #NatureExploration"
2026-06-17T12:19:55.908Z,u10,p4240,"A rehabber at my store came in with a raccoon and i asked if i could spoil it for the day- wanted to share my pictures!

#RaccoonLove #UrbanWildlife #NatureExploration"
2026-06-15T10:45:29.474Z,u10,p4239,"Mom or dad brought 4 chitlins last night!

#RaccoonLove #UrbanWildlife #NatureExploration"
2026-06-11T11:55:24.627Z,u10,p4238,"Little guy on his way to eating some sunflower seeds

#RaccoonLove #UrbanWildlife #NatureExploration"
2026-06-11T11:16:39.974Z,u10,p4237,"I hate Alabama

#RaccoonLove #UrbanWildlife #NatureExploration"
2026-06-09T11:06:05.296Z,u10,p4236,"Mama and two babies in my backyard 

#RaccoonLove #UrbanWildlife #NatureExploration"
2026-06-08T20:52:09.638Z,u10,p4235,"Meow

#RaccoonLove #UrbanWildlife #NatureExploration"
2026-06-08T12:05:04.118Z,u10,p4234,"Waiting for his turn.

#RaccoonLove #UrbanWildlife #NatureExploration"
2026-06-07T12:10:46.440Z,u10,p4233,"Hanging out

#RaccoonLove #UrbanWildlife #NatureExploration"
2026-06-06T10:46:11.679Z,u10,p4232,"New friend alert

#RaccoonLove #UrbanWildlife #NatureExploration"
2026-06-04T18:35:58.555Z,u10,p4231,"Sweet calls for a mom not so far away

#RaccoonLove #UrbanWildlife #NatureExploration"
2026-06-03T13:38:08.832Z,u10,p4230,"Interrupted dinner

#RaccoonLove #UrbanWildlife #NatureExploration"
2026-05-25T11:09:43.616Z,u10,p4229,"Hello Baby!

#RaccoonLove #UrbanWildlife #NatureExploration"
2026-05-24T19:05:16.989Z,u10,p4228,"She’s having a rest

#RaccoonLove #UrbanWildlife #NatureExploration"
2026-05-24T10:50:56.598Z,u10,p4227,"Baby raccoon, flies

#RaccoonLove #UrbanWildlife #NatureExploration"
2026-05-23T18:25:33.204Z,u10,p4226,"Found this cutie in a tree this morning 🦝

#CreativeContent #DigitalArt #InnovativeIdeas"
2026-05-21T12:35:32.192Z,u10,p4225,"When a bandit gets caught, lol.

#RaccoonLove #UrbanWildlife #NatureExploration"
2026-05-21T01:07:19.362Z,u10,p4224,"Sploot! 

#RaccoonLove #UrbanWildlife #NatureExploration"
2026-05-19T02:25:08.320Z,u10,p4223,"Morning visitor

#RaccoonLove #UrbanWildlife #NatureExploration"
2026-05-17T01:54:27.605Z,u10,p4222,"Bouquet like an opossum's armpit. Mmm!

#RaccoonLove #UrbanWildlife #NatureExploration"
2026-05-15T03:03:35.305Z,u10,p4221,"The little raccoon wasn't pleased that I was disturbing him at breakfast.

#RaccoonLove #UrbanWildlife #NatureExploration"
2026-05-14T02:11:23.698Z,u10,p4220,"raccoon in our attic 

#RaccoonLove #UrbanWildlife #NatureExploration"
2026-05-13T00:43:13.370Z,u10,p4219,"Broke through an old drain pipe and this guy poked out.

#RaccoonLove #UrbanWildlife #NatureExploration"
2026-05-12T12:41:31.563Z,u10,p4218,"Baby in my Doghouse

#RaccoonLove #UrbanWildlife #NatureExploration"
2026-05-11T20:37:32.303Z,u10,p4217,"Lazy sunday

#RaccoonLove #UrbanWildlife #NatureExploration"
2026-05-06T21:30:52.755Z,u10,p4216,"Just now…

#RaccoonLove #UrbanWildlife #NatureExploration"
2026-05-05T18:10:16.597Z,u10,p4215,"raccoon in our attic

#RaccoonLove #UrbanWildlife #NatureExploration"
2026-04-30T19:29:19.041Z,u10,p4214,"Mom and kids after a pool party

#RaccoonLove #UrbanWildlife #NatureExploration"
2026-04-25T19:36:14.465Z,u10,p4213,"This little lady was left crying on our front porch last night right before a severe thunderstorm hit

#RaccoonLove #UrbanWildlife #NatureExploration"
2026-04-19T20:01:06.230Z,u10,p4212,"This is Lefty

#RaccoonLove #UrbanWildlife #NatureExploration"
2026-04-18T08:35:13.047Z,u10,p4211,"Excuse me do you have any snacks 

#RaccoonLove #UrbanWildlife #NatureExploration"
2026-04-13T10:52:27.070Z,u10,p4210,"Caught red-handed using the shed planter as a restroom

#RaccoonLove #UrbanWildlife #NatureExploration"
2026-04-12T19:59:50.763Z,u10,p4209,"New Raccoon at work 

#RaccoonLove #UrbanWildlife #NatureExploration"
2026-04-11T20:40:50.570Z,u10,p4208,"This raccoon that I saw today has little eyebrows 🥹 never seen this on a raccoon before

#RaccoonLove #UrbanWildlife #NatureExploration"
2026-04-09T10:22:07.489Z,u10,p4207,"My last summer coastal visitor. 

#RaccoonLove #UrbanWildlife #NatureExploration"
2026-04-08T21:23:47.892Z,u10,p4206,"He did it guys! 

#RaccoonLove #UrbanWildlife #NatureExploration"
2026-04-05T21:01:08.056Z,u10,p4205,"Throwback to 2021 when this absolute DIVA decided to pose for me😆

#RaccoonLove #UrbanWildlife #NatureExploration"
2026-03-31T10:35:54.662Z,u10,p4204,"is this raccoon in labor?

#RaccoonLove #UrbanWildlife #NatureExploration"
2026-03-30T13:15:32.887Z,u10,p4203,"Lil dude

#RaccoonLove #UrbanWildlife #NatureExploration"
2026-03-28T11:13:08.911Z,u10,p4202,"Blep

#RaccoonLove #UrbanWildlife #NatureExploration"
2026-03-17T08:48:42.039Z,u10,p4201,"Caught in the cookie jar and not upset about it 😍

#RaccoonLove #UrbanWildlife #NatureExploration"
2026-03-16T10:20:41.751Z,u10,p4200,"According to the For Fox Sake Wildlife Rescue, Meeko is going to be moved to Zoo Knoxville. 

#RaccoonLove #UrbanWildlife #NatureExploration"
2026-03-15T19:49:31.630Z,u10,p4199,"Paint me like one of your French girls 

#RaccoonLove #UrbanWildlife #NatureExploration"
2026-03-14T17:30:12.249Z,u10,p4198,"Did somebody say snacks

#RaccoonLove #UrbanWildlife #NatureExploration"
2026-03-14T09:20:21.228Z,u10,p4197,"Little Snow Bear 

#RaccoonLove #UrbanWildlife #NatureExploration"
2026-03-12T19:45:42.722Z,u10,p4196,"Weeeeeee

#RaccoonLove #UrbanWildlife #NatureExploration"
2026-03-12T09:16:01.294Z,u10,p4195,"It was a non-hostile takeover.

#RaccoonLove #UrbanWildlife #NatureExploration"
2026-03-11T20:01:36.821Z,u10,p4194,"She's back!! AND I think she has babies nearby.

#RaccoonLove #UrbanWildlife #NatureExploration"
2026-03-11T08:58:40.943Z,u10,p4193,"Cute little bandit on the fence tonight 

#RaccoonLove #UrbanWildlife #NatureExploration"
2026-03-10T09:07:02.001Z,u10,p4192,"My raccoon, Soda

My raccoon, Soda"
2026-03-09T19:47:41.416Z,u10,p4191,"I wanted a cookie

#RaccoonLove #UrbanWildlife #NatureExploration"
2026-03-09T09:21:59.011Z,u10,p4190,"Amazon fog machine review gem 🤣🤣

#RaccoonLove #UrbanWildlife #NatureExploration"
2026-03-08T18:48:47.687Z,u10,p4189,"Baby time! 

#RaccoonLove #UrbanWildlife #NatureExploration"
2026-03-08T10:06:38.463Z,u10,p4188,"The newest guest to my birdbaths

#RaccoonLove #UrbanWildlife #NatureExploration"
2026-03-07T09:07:37.584Z,u10,p4187,"My cutest neighbour 🦝

#RaccoonLove #UrbanWildlife #NatureExploration"
2026-03-06T20:02:01.165Z,u10,p4186,"You took your bath like a good boy now go to sleep ok can i have a cookie before I go to sleep

#RaccoonLove #UrbanWildlife #NatureExploration"
2026-03-05T20:13:18.467Z,u10,p4185,"She brought the kits over 

#RaccoonLove #UrbanWildlife #NatureExploration"
2026-03-05T17:39:35.697Z,u10,p4184,"Yay its Halloween today no it’s not but I’m wearing the shirt yes that’s just to take the picture oh ok

#RaccoonLove #UrbanWildlife #NatureExploration"
2026-03-05T09:22:38.186Z,u10,p4183,"Apparently, they're stackable 

#RaccoonLove #UrbanWildlife #NatureExploration"
2026-03-04T18:42:23.641Z,u10,p4182,"Caught this sad fatass instead of the feral cat I was after. He was seriously so sad 

#RaccoonLove #UrbanWildlife #NatureExploration"
2026-03-04T08:48:00.540Z,u10,p4181,"relaxed

#RaccoonLove #UrbanWildlife #NatureExploration"
2026-03-03T09:55:33.009Z,u10,p4180,"...excuse me, sir... 

#RaccoonLove #UrbanWildlife #NatureExploration"
2026-03-02T19:34:32.135Z,u10,p4179,"Friends

#RaccoonLove #UrbanWildlife #NatureExploration"
2026-03-01T21:01:21.419Z,u10,p4178,"Cuteness multiplied! 

#RaccoonLove #UrbanWildlife #NatureExploration"
2026-02-28T21:36:05.277Z,u10,p4177,"Password?

#RaccoonLove #UrbanWildlife #NatureExploration"
2026-02-28T08:59:41.421Z,u10,p4176,"The kits are getting bigger!

#RaccoonLove #UrbanWildlife #NatureExploration"
2026-02-27T17:18:42.170Z,u10,p4175,"Found this little guy on my way to work today

#RaccoonLove #UrbanWildlife #NatureExploration"
2026-02-27T09:07:00.860Z,u10,p4174,"He loves his new toy

#RaccoonLove #UrbanWildlife #NatureExploration"
2026-02-26T20:02:23.157Z,u10,p4173,"How my sweet girl greets me in the morning 

#RaccoonLove #UrbanWildlife #NatureExploration"
2026-02-26T08:42:24.750Z,u10,p4172,"I had to many cookies 

#RaccoonLove #UrbanWildlife #NatureExploration"
2026-02-25T09:46:54.123Z,u10,p4171,"Broke through an old drain pipe and this guy poked out. 

#RaccoonLove #UrbanWildlife #NatureExploration"
2026-02-24T18:51:25.120Z,u10,p4170,"I had to chase her away 😭 

#RaccoonLove #UrbanWildlife #NatureExploration"
2026-02-24T08:44:30.249Z,u10,p4169,"Hit the button i wanna spin 

#RaccoonLove #UrbanWildlife #NatureExploration"
2026-02-23T18:02:29.408Z,u10,p4168,"My plan is coming together hahahaha 

#RaccoonLove #UrbanWildlife #NatureExploration"
2026-02-23T08:53:23.882Z,u10,p4167,"Dangle!

#RaccoonLove #UrbanWildlife #NatureExploration"
2026-02-22T19:43:28.478Z,u10,p4166,"Business as usual

#RaccoonLove #UrbanWildlife #NatureExploration"
2026-02-22T08:46:50.847Z,u10,p4165,"My dad saved baby raccoons from our wall 🥹🥹

#RaccoonLove #UrbanWildlife #NatureExploration"
2026-02-21T20:38:52.915Z,u10,p4164,"Thinking of warmer times and remembering this lady.

#RaccoonLove #UrbanWildlife #NatureExploration"
2026-02-21T15:45:04.212Z,u10,p4163,"What I wake up to every morning :)

#RaccoonLove #UrbanWildlife #NatureExploration"
2026-02-19T09:49:21.953Z,u10,p4162,"He says hello 

#RaccoonLove #UrbanWildlife #NatureExploration"
2026-02-18T18:32:31.742Z,u10,p4161,"Warm Weather, More Sightings

#RaccoonLove #UrbanWildlife #NatureExploration"
2026-02-18T12:14:42.371Z,u10,p4160,"As I am getting ready to go to work... he's outside the kitchen window

#RaccoonLove #UrbanWildlife #NatureExploration"
2026-02-17T19:33:07.750Z,u10,p4159,"Is this raccoon just really old? 

#RaccoonLove #UrbanWildlife #NatureExploration"
2026-02-17T18:28:39.671Z,u10,p4158,"Ralph on a pole!

#RaccoonLove #UrbanWildlife #NatureExploration"
2026-02-17T12:25:43.535Z,u10,p4157,"My little friends 

#RaccoonLove #UrbanWildlife #NatureExploration"
2026-02-16T19:38:46.148Z,u10,p4156,"A scared and wet baby raccoon, found on a doorstep in Belchertown, Massachusetts, US. The raccoon was warmed up and taken to the Leyden Center for Wildlife Rehabilitation. Photo from Belchertown Animal Control

#RaccoonLove #UrbanWildlife #NatureExploration"
2026-02-16T18:04:44.431Z,u10,p4155,"Don't Forget to Water Your Raccoons

#RaccoonLove #UrbanWildlife #NatureExploration"
2026-02-16T08:59:23.186Z,u10,p4154,"How my sweet girl greets me in the morning

#RaccoonLove #UrbanWildlife #NatureExploration"
2026-02-15T16:02:27.851Z,u10,p4153,"Friendly Raccoon on Sandspur Island in Miami

#RaccoonLove #UrbanWildlife #NatureExploration"
2026-02-15T09:51:14.735Z,u10,p4152,"Ricky says Hi 

#RaccoonLove #UrbanWildlife #NatureExploration"
2026-02-14T20:45:22.403Z,u10,p4151,"Yesterday was a sad day, but I did absolutely the right thing.

#RaccoonLove #UrbanWildlife #NatureExploration"
2026-02-14T09:05:18.633Z,u10,p4150,"Little guy on a break

#RaccoonLove #UrbanWildlife #NatureExploration"
2026-02-10T18:23:46.261Z,u10,p4149,"Excuse me do you have any snacks 

#RaccoonLove #UrbanWildlife #NatureExploration"
2026-02-10T09:08:41.642Z,u10,p4148,"What I wake up to every morning :)

#RaccoonLove #UrbanWildlife #NatureExploration"
2026-02-09T09:07:06.393Z,u10,p4147,"I took care of a baby and this is my life now 

#RaccoonLove #UrbanWildlife #NatureExploration"
2026-02-08T09:08:15.635Z,u10,p4146,"Critically Endangered Pygmy Raccoon Family

#RaccoonLove #UrbanWildlife #NatureExploration"
2026-02-07T18:29:47.657Z,u10,p4145,"Yesterday was a sad day, but I did absolutely the right thing

#RaccoonLove #UrbanWildlife #NatureExploration"
2026-02-07T09:05:56.865Z,u10,p4144,"I didn’t eat the pie you have no proof

#RaccoonLove #UrbanWildlife #NatureExploration"
2026-02-06T17:31:40.374Z,u10,p4143,"He only wants me for my blueberries

#RaccoonLove #UrbanWildlife #NatureExploration"
2026-02-06T15:15:52.554Z,u10,p4142,"Cute raccoon baby

#RaccoonLove #UrbanWildlife #NatureExploration"
2026-02-05T18:07:43.893Z,u10,p4141,"Does this Raccoon have rabies?

#RaccoonLove #UrbanWildlife #NatureExploration"
2026-02-05T09:45:55.767Z,u10,p4140,"People, meet Piper. Piper, meet breakfast.

#RaccoonLove #UrbanWildlife #NatureExploration"
2026-02-04T19:18:46.619Z,u10,p4139,"Tonight’s dinner, avocados and roasted peanuts

#RaccoonLove #UrbanWildlife #NatureExploration"
2026-02-04T09:52:11.505Z,u10,p4138,"Hey you yes you why am I in this cage

#RaccoonLove #UrbanWildlife #NatureExploration"
2026-02-02T19:16:04.428Z,u10,p4137,"Is this raccoon rabid?. I had to move it and I got bit and bled.

#RaccoonLove #UrbanWildlife #NatureExploration"
2026-02-02T10:12:58.676Z,u10,p4136,"Raccoon living on my porch

#RaccoonLove #UrbanWildlife #NatureExploration"
2026-09-23T13:16:23.501Z,u06,p2670,That's the smile of a man who just killed the Democrats' bill to outlaw orphan-crushing machines.
2026-09-23T11:30:44.676Z,u06,p2669,"“Sure, it could wipe out humanity, but what’s the recurring revenue model?”"
2026-09-23T11:00:07.166Z,u06,p2668,Trump is doing more for Kaitlan Collins’ market value than her agent.
2026-09-23T10:47:47.847Z,u06,p2667,"Make a band MAGA:

Rage Against the Voting Machine"
2026-09-23T10:43:23.688Z,u06,p2666,America First diplomacy: friends don’t let friends leave the meeting with their dignity intact.
2026-09-23T10:41:29.316Z,u06,p2665,“National security” now means protecting Trump from follow-up questions.
2026-09-23T10:39:45.074Z,u06,p2664,Cinderella loses her carriage at midnight - Trump loses his indoor voice.
2026-09-23T10:37:41.871Z,u06,p2663,Nothing terrifies cable news quite like two political enemies ruining the storyline by being civil.
2026-09-23T02:59:32.468Z,u06,p2662,"This looks like a porn flick promo I once saw called ""The Bare Bitch Project."""
2026-09-22T21:24:34.014Z,u06,p2661,When you're out in public and the gummy kicks in.
2026-09-22T19:39:22.323Z,u06,p2660,Trump signs agreement Truman made with Denmark in the 1950s.
2026-09-22T16:03:53.686Z,u06,p2659,These are on sale at the UN gift shop.
2026-09-22T13:31:01.896Z,u06,p2658,🤣🤣🤣
2026-09-22T12:35:20.178Z,u06,p2657,"Nothing inspires confidence like the pilot announcing, “We’re gonna need more runway.”"
2026-09-22T12:25:10.588Z,u06,p2656,Rubio discovered a nonexistent ethical boundary and immediately stood behind it for cover.
2026-09-22T06:58:45.722Z,u06,p2655,If Scott Jennings were ever to be in a porn movie he’d play the part of the husband who goes to work.
2026-09-22T05:29:25.962Z,u06,p2654,Hope so!
2026-09-22T05:28:08.564Z,u06,p2653,Vance explains the global oil market disruption with all the sophistication of a toddler pointing at his brother.
2026-09-22T05:11:07.662Z,u06,p2652,I'd appreciate someone pointing out to me where Keith Richards was living when this happened.
2026-09-22T05:00:18.376Z,u06,p2651,“Keep America Great” by dressing like the clearance rack at a fascism-themed truck stop.
2026-09-22T04:47:30.707Z,u06,p2650,Trump really wanted to be mayor of NYC but settled for POTUS.
2026-09-22T01:49:34.837Z,u06,p2649,😱
2026-09-22T01:38:56.032Z,u06,p2648,If only one black guy had joined in on 1/6 our lives would be so different.
2026-09-22T01:18:23.042Z,u06,p2647,"I was so tired of MSNBC and CNN that I googled ""how to watch BBC"" at work and immediately got a meeting request from HR."
2026-09-22T01:08:11.921Z,u06,p2646,Trump would easily trade his job for the mayor of NYC - it’s the job he’s always wanted and couldn’t get.
2026-09-21T20:42:48.900Z,u06,p2645,"Coming soon: White House Weather, where every forecast is sunny and any rain was inherited from Biden."
2026-09-21T20:20:10.869Z,u06,p2644,"Iran: Strong opening punch, no follow-through plan, opponent didn’t read the script, now everyone’s stuck in a very expensive stalemate. Trump kicked the door in, then forgot why he came inside."
2026-09-21T20:11:13.388Z,u06,p2643,Dude at a stop light revving his truck like I'm looking for a guy who sounds expensive to insure. 🙄
2026-09-21T19:37:41.381Z,u06,p2642,"Keep up the good work, Marc."
2026-09-21T18:47:54.233Z,u06,p2641,Nixon: 24%. Trump: 29%. The race is suddenly competitive.
2026-09-21T18:43:15.598Z,u06,p2640,Trump's press crackdown is going beautifully.
2026-09-21T13:47:20.511Z,u06,p2639,Do you remember?
2026-09-21T13:45:11.719Z,u06,p2638,"Trump's UN week: vaporize Iran, then grab coffee with their president, beg Ukraine to commit suicide, Xi mid-AI-cage-match. Then tell 130 leaders he stuck the landing - while the plane's still airborne, on fire, and missing a wing."
2026-09-21T12:49:18.293Z,u06,p2637,Trump cherishes the free press the way a casino cherishes card counters.
2026-09-21T12:23:37.632Z,u06,p2636,Max Miller wants a court-ordered mute button.
2026-09-21T10:37:58.706Z,u06,p2635,“You didn’t tell me these were the same Persians who beat the Romans!”
2026-09-21T01:43:28.022Z,u06,p2634,At some point AI will stop asking us for instructions and start asking why we’re still in charge.
2026-09-21T01:39:26.201Z,u06,p2633,"Her pajamas say “I’m cozy,” but her eyes say “I will fight a raccoon over the last gas station stuffed pretzel.”"
2026-09-20T23:04:33.303Z,u06,p2632,Told my date I wanted to go to the most expensive place in DC so he took me to the Exxon in Georgetown.
2026-09-20T23:03:38.790Z,u06,p2631,We have a Trillion dollar defense budget yet somehow this is still the most expensive joke in America.
2026-09-20T23:02:17.617Z,u06,p2630,"""Eggs expensive under Biden"" was a story for six months. ""Trump made everything expensive on purpose"" is apparently just a Trump personality quirk we're all supposed to get used to."
2026-09-20T20:02:20.383Z,u06,p2629,"“Welcome to Washington. Please enjoy our monuments, museums, and rooftop snipers.”"
2026-09-20T19:57:04.512Z,u06,p2628,Gas has hit a price where siphoning it is a white-collar crime.
2026-09-20T17:31:21.449Z,u06,p2627,"He’s the real deal, one I give to monthly. 🤞"
2026-09-20T15:52:49.734Z,u06,p2626,You can smell the desperation
2026-09-20T07:19:35.255Z,u06,p2625,Nancy Mace has a complicated history with cocks.
2026-09-20T00:52:10.945Z,u06,p2624,❤️
2026-09-20T00:51:52.240Z,u06,p2623,Dad/daughter relationships can be the best.
2026-09-19T20:29:48.656Z,u06,p2622,The allusion was intended 🤣
2026-09-19T20:03:44.476Z,u06,p2621,Hey there!
2026-09-19T19:54:32.781Z,u06,p2620,Sixteen arrests nationwide and they’re acting like they’re going up against SPECTRE.
2026-09-19T19:47:40.628Z,u06,p2619,Here’s to dads! 🥂
2026-09-19T19:45:43.441Z,u06,p2618,Me too.
2026-09-19T19:21:25.584Z,u06,p2617,"Okay, this got me."
2026-09-19T18:02:39.582Z,u06,p2616,Too mean?
2026-09-19T17:51:24.685Z,u06,p2615,Lauren Boebert is working on her Tinder profile; please help her write it in five words or less.
2026-09-19T16:16:03.338Z,u06,p2614,The cruelest part of the memo is the FBI considers “a woman genuinely finding you appealing” the least likely scenario.
2026-09-19T15:50:47.253Z,u06,p2613,“Why’s everyone so horny here?” may have been less a complaint than a body count.
2026-09-19T15:00:47.598Z,u06,p2612,Another native!
2026-09-19T15:00:14.143Z,u06,p2611,❤️
2026-09-19T14:59:01.019Z,u06,p2610,My grandparents went pretty regularly.
2026-09-19T14:25:28.680Z,u06,p2609,"The GOP message is basically: “Yeah, groceries cost more, health care is bad, and we started a war, but look, a college kid with blue hair!
www.cookpolitical.com/analysis/sur..."
2026-09-19T14:23:30.183Z,u06,p2608,If Lauren Boebert had lived in Renaissance Italy.
2026-09-19T12:12:56.572Z,u06,p2607,"For decades, music floated across the Potomac from a barge beneath the Watergate steps. When the concerts ended, their spirit endured nearby in the Kennedy Center, where Washington built a permanent home for the arts beside the river that first carried the sound."
2026-09-19T12:01:57.609Z,u06,p2606,"If true, this may be the first office where the ethics training required breath mints and a safe word."
2026-09-19T11:36:34.178Z,u06,p2605,"After 75 years, the United States has finally secured the right to continue having rights it already had, but now with branding."
2026-09-19T11:20:21.847Z,u06,p2604,Had a bad dream so convincing I woke up angry at people who weren’t there for things they didn’t do.
2026-09-18T20:31:34.326Z,u06,p2603,😂😂😂
2026-09-18T19:11:25.642Z,u06,p2602,That’s Jim Justice from West Virginia. Here’s my favorite pic of him with his pet bulldog.
2026-09-18T19:09:12.787Z,u06,p2601,Trump is so incompetent he doesn’t even know how many Americans he’s killed.
2026-09-18T19:07:40.155Z,u06,p2600,99% of Republican politicians give the rest a bad name.
2026-09-18T19:05:59.090Z,u06,p2599,I’d like to take this opportunity to remind everyone that Ted Bundy was a Republican.
2026-09-18T19:01:29.295Z,u06,p2598,"This is a Reagan joke but it's what is called a miter joke, meaning it can be flipped."
2026-09-18T18:59:41.653Z,u06,p2597,"A couple weeks ago I noticed a sign on the road that said ""Republican puppies for sale” and then today the sign said ""Democrat puppies for sale. I stopped and asked the breeder why the puppies changed parties and he said, “Well, ma’am now they have their eyes open."""
2026-09-18T18:56:17.023Z,u06,p2596,"Every Halloween, my Republican neighbor gives the first three kids all the candy and tells the other 300 that prosperity is on its way."
2026-09-18T18:53:19.153Z,u06,p2595,Literally no one except Putin and the Republican Party want Russia to win the war in Ukraine.
2026-09-18T18:52:02.923Z,u06,p2594,One reason there are so many idiots in the Republican Party is because Republicans are fucking idiots.
2026-09-18T18:36:25.583Z,u06,p2593,It's from TikTok.
2026-09-18T13:36:36.170Z,u06,p2592,He fucked it up so badly they had to explain it with crayons.
2026-09-18T13:24:49.041Z,u06,p2591,Farmers got a visit from the man who turned crop rotation into a weekly spin of the crisis wheel.
2026-09-18T04:33:43.131Z,u06,p2590,"Trumpism is like climate change: it's already here, it has done irreparable damage, and even if we take action now we'll be dealing with it's impact for the rest of our lives."
2026-09-18T01:18:51.395Z,u06,p2589,Please apologize to your wife for me.
2026-09-18T01:18:09.271Z,u06,p2588,If I light my legs on fire I won’t have to shave.
2026-09-18T01:15:37.065Z,u06,p2587,In the Senate parking lot during his first term.
2026-09-18T00:12:17.520Z,u06,p2586,People are hurting.
2026-09-17T23:35:42.913Z,u06,p2585,"“Let them fight.” 
www.washingtonsun.com/congress/hou..."
2026-09-17T23:35:01.882Z,u06,p2584,
2026-09-17T19:37:52.495Z,u06,p2583,“Here’s to another six months of being almost overthrown.” 🥂
2026-09-17T19:36:57.973Z,u06,p2582,“Here’s to another six months of being almost overthrown.” 🥂
2026-09-17T18:51:35.519Z,u06,p2581,Is that the same Robert Kraft who was having his junk worked on at massage parlors near Mar-a-Lago?
2026-09-17T18:03:28.031Z,u06,p2580,"Well slap my ass and call me Sally,"
2026-09-17T17:19:36.514Z,u06,p2579,Strong whiff of desperation with this one.
2026-09-17T17:11:54.883Z,u06,p2578,I don't think the Communist thing is going to help them. People are really in a foul mood. The Fed will almost certainly raise rates again this year. The next couple of years will suck for people trying to buy a home.
2026-09-17T16:29:57.405Z,u06,p2577,"At -61, the margin of error is basically “good Lord.”"
2026-09-17T14:23:34.443Z,u06,p2576,The official currency of “I did my own research.”
2026-09-17T13:56:50.215Z,u06,p2575,I laughed so hard at her desperation I was taken to the hospital in an ambulance for a broken funny bone.
2026-09-17T13:53:29.848Z,u06,p2574,I don’t want to go hard and I don’t want to go home. Is there even a place for me in today’s world?
2026-09-17T13:51:54.164Z,u06,p2573,"Email from my grandfather, who likes to say he's lived for a third of the time that America has existed: 

""America was nice while it lasted, although it's really hard to believe a criminal narcissist TV show host that paints himself orange was all it took to take us down."""
2026-09-17T13:50:24.181Z,u06,p2572,I once survived a bear attack with only a bow in my hands but my friend wasn't as lucky and found it hard to run with an arrow in his leg.
2026-09-17T13:33:36.920Z,u06,p2571,"America went from “One if by land, two if by sea” to “Three if somebody proposed universal pre-K.”"
2026-09-17T13:31:48.559Z,u06,p2570,The last thing you see before the trunk lid closes.
2026-09-17T10:45:03.737Z,u06,p2569,"The war is over, according to the man whose entire job is making the words “nothing to see here” sound like a strategy."
2026-09-16T20:42:47.824Z,u06,p2568,"If a woman is uncomfortable watching you masturbate, do you think:

 A) She’s a prude and not right for you.
 B) She need more time to get used to that level of openness.
 C) She should have sat somewhere else on the train."
2026-09-16T20:40:50.921Z,u06,p2567,"To whoever lost an iPhone 14 outside the Amtrak station in DC yesterday, please stop calling my new phone."
2026-09-16T20:39:20.271Z,u06,p2566,"[Amtrak policeman with drug-sniffing dog]

Me: ""Sweet dog you got there!” 
Policeman: ""Yes, this is our new drug-sniffing dog."" 
Me: ""Still in training, huh?"" 
Policeman: ""What do you mean?"" 
Me: ""Never mind."""
2026-09-16T18:23:12.156Z,u06,p2565,This is why Israel has universal healthcare.
2026-09-16T18:11:38.335Z,u06,p2564,"Get this - a guy at my college reunion has no social media presence. None. No BSKY, insta, twitter, not even LinkedIn. He's completely off the grid. I asked him how people would know what he's up to and he said they could call him and talk. As if."
2026-09-16T18:09:05.800Z,u06,p2563,My jokes and puns must be fabulous otherwise my BSKY account would never have groan so much.
2026-09-16T15:08:23.926Z,u06,p2562,"I only pretend to have a therapist so people on BSKY will think I'm cool. I’m not even honest with myself, so why pay a stranger to lie to them?"
2026-09-16T15:05:22.433Z,u06,p2561,My therapist refers to it as the “Trump Bundle.”
2026-09-16T14:56:47.091Z,u06,p2560,I asked my chatbot why I catastrophize and it showed me this clip.
2026-09-16T14:45:50.537Z,u06,p2559,I’m now sharing more with a Russian hacker than I do with my therapist.
2026-09-16T14:30:08.962Z,u06,p2558,They'll get really serious as soon as the Democrats take over.
2026-09-16T13:17:56.707Z,u06,p2557,He doesn’t want to rule the world - he wants it rebranded.
2026-09-16T12:55:24.099Z,u06,p2556,Trump says we’re not losing the war; we’re just winning in a way that looks exactly like losing the war.
2026-09-16T02:23:18.138Z,u06,p2555,Mick Jagger with Keith Richards and Bob Dylan celebrating Keith’s 80th birthday in 1972.
2026-09-16T02:21:17.862Z,u06,p2554,How did the generation of Bob Dylan become tangled up with the generation of Donald Trump?
2026-09-15T23:33:36.747Z,u06,p2553,"The checks are made out to “Originalism, LLC.”"
2026-09-15T23:32:41.856Z,u06,p2552,"Don, Eric, Ivanka = D.E.I."
2026-09-15T20:33:25.527Z,u06,p2551,"Newt Gingrich: Resigned in shame. 
Dennis Hastert: Child molester. 
John Boehner: Chased out by Freedom Caucus. 
Paul Ryan: Quit in disgust. 
Kevin McCarthy: Chased out by Freedom Caucus. 
Mike Johnson: Spineless “Christian.”  

American politics isn’t broken, just the GOP."
2026-09-15T20:23:03.830Z,u06,p2550,Go piss up a rope.
2026-09-15T17:15:51.594Z,u06,p2549,"If you think Trump won’t let the Kennedy Center rot, look what happened when he couldn’t turn a piece of land into a golf course. www.theguardian.com/global/2020/..."
2026-09-15T15:49:03.832Z,u06,p2548,"David, congratulations! I'll grab a copy."
2026-09-15T09:57:54.675Z,u06,p2547,Nancy Mace’s legal philosophy: why wait for a verdict when there’s a camera?
2026-09-15T08:51:04.495Z,u06,p2546,💔
2026-09-15T08:48:14.831Z,u06,p2545,"Yes, from yesterday."
2026-09-15T08:36:13.383Z,u06,p2544,When the edible hits and you’re at the Taco Bell drive thru.
2026-09-15T07:49:29.762Z,u06,p2543,"No, the association is for people descended from families that have been in DC for a century or more (or something like that). Mitch is a carpetbagger."
2026-09-15T03:01:31.422Z,u06,p2542,Face cancer.
2026-09-15T02:58:13.212Z,u06,p2541,Sounds like she loved him but knew it wouldn’t work.
2026-09-15T02:34:07.301Z,u06,p2540,Jon Ossoff could read the federal register and I’d still need a cold shower.
2026-09-15T02:06:50.750Z,u06,p2539,It was an event sponsored by the Association of the Oldest Inhabitants of Washington.
2026-09-15T02:03:34.640Z,u06,p2538,Jamie Raskin showed up at an event recently and I immediately felt better about democracy.
2026-09-15T01:57:21.469Z,u06,p2537,"Every atom in your body has survived cosmic catastrophes beyond comprehension, only to end up answering inane emails."
2026-09-15T01:46:56.487Z,u06,p2536,Just keep him away from JD Vance.
2026-09-15T01:33:33.862Z,u06,p2535,Bad day for anyone whose election strategy begins with “What if fewer people voted?”
2026-09-15T01:31:55.677Z,u06,p2534,Before & After Gender-Affirming Care.
2026-09-14T20:15:53.889Z,u06,p2533,The machines aren’t what’s keeping me up tonight.
2026-09-14T19:45:21.073Z,u06,p2532,The Trumps have friends all over Russia.
2026-09-14T18:44:49.424Z,u06,p2531,Hey you!
2026-09-14T17:45:50.227Z,u06,p2530,Nothing says “the threat is a hoax” like a 300-word panic attack.
2026-09-14T16:07:05.381Z,u06,p2529,This is hurting a lot of people and will hurt us all.
2026-09-14T16:04:20.720Z,u06,p2528,Happy Anniversary! 🥰
2026-09-14T14:46:51.741Z,u06,p2527,It's been a lot to live with.
2026-09-14T13:53:40.729Z,u06,p2526,Trump drives America into a lake and Democrats lose the next midterms for failing to dry the seats. Sounds about right.
2026-09-14T13:33:56.506Z,u06,p2525,The FBI’s new Most Wanted list is everyone who ratioed Kash.
2026-09-14T12:46:21.035Z,u06,p2524,#SomethingborrowedsomethingbluesomethingMoscowwiredtoyou.
2026-09-14T12:42:15.258Z,u06,p2523,Sounds like a failing mattress store.
2026-09-14T12:41:43.339Z,u06,p2522,
2026-09-14T12:40:45.781Z,u06,p2521,Nothing says “America First” like having Moscow sponsor the open bar.
2026-09-14T06:47:00.091Z,u06,p2520,Mike Wallace and Morley Safer are spinning in their graves so fast CBS could use them to power the studio lights. What a joke of a show.
2026-09-14T06:41:33.147Z,u06,p2519,OMG. This is much worse than I could have imagined. What a caricature of a once-great news program.
2026-09-14T01:30:31.148Z,u06,p2518,Today’s GOP has turned losing an election into a paranormal event.
2026-09-14T01:24:53.275Z,u06,p2517,When I was a little girl in the 1980s I fell off my bike and skinned my knee. I'm telling you this now because we didn't have Bluesky then.
2026-09-13T12:28:51.327Z,u06,p2516,A 10% extinction risk is apparently still inside the venture-capital comfort zone.
2026-09-13T11:49:42.277Z,u06,p2515,“Democrats are socialists!” shouted the man firing cash into the crowd with a T-shirt cannon.
2026-09-13T11:36:23.645Z,u06,p2514,“If Ukraine would just agree to surrender we could finally declare victory for diplomacy.”
2026-09-13T07:31:41.721Z,u06,p2513,I approve 🤣🤣🤣
2026-09-13T02:03:45.475Z,u06,p2512,
2026-09-13T01:45:44.249Z,u06,p2511,"When the waiter says, “We’re out of Chardonnay.”"
2026-09-13T01:43:01.313Z,u06,p2510,"When the question is yes or no, but you’ve brought 14 minutes of indignation."
2026-09-13T01:25:31.866Z,u06,p2509,"Q: Why do Republican men cry during sex?
A: The pepper spray."
2026-09-12T21:35:08.760Z,u06,p2508,The hostility really kicks in right around the point where the facts arrive. HIs anger is just fear with the volume turned up.
2026-09-12T18:44:29.639Z,u06,p2507,Every Republican troll is basically running vintage Nixon software.
2026-09-12T18:02:50.587Z,u06,p2506,“I’m here to speak with whoever authorized happiness.”
2026-09-12T17:55:18.596Z,u06,p2505,Beautiful!
2026-09-12T17:51:28.447Z,u06,p2504,Some counties in Oregon and California have tried this - it's nonsense.
2026-09-12T14:09:36.910Z,u06,p2503,"An architect friend calls Trump's ballroom “a mausoleum for taste,"" and says Trump is turning neoclassical restraint into a Vegas brunch buffet. Honestly, I haven’t seen him this upset since someone called Brutalism, “ugly on purpose.”"
2026-09-12T13:24:53.014Z,u06,p2502,❤️
2026-09-12T13:21:30.171Z,u06,p2501,I believe it’s real.
2026-09-12T13:17:31.663Z,u06,p2500,Texas going blue would be wonderful. Expecting it to happen previously ended with me staring at a map like it owes me money.
2026-09-12T13:11:38.382Z,u06,p2499,Hot girls don’t use plastic but legends eat directly over the sink.
2026-09-12T13:00:32.825Z,u06,p2498,He took his website offline. afpacillo.com
2026-09-12T12:59:06.397Z,u06,p2497,"Yes, it is nuts."
2026-09-12T12:52:46.963Z,u06,p2496,No.
2026-09-12T12:48:27.482Z,u06,p2495,"“Boss, love the work, big fan, but I need this Strait of Hormuz thing wrapped by Friday."""
2026-09-12T10:39:17.451Z,u06,p2494,screamintothevoid.com
2026-09-12T06:34:26.374Z,u06,p2493,I touch myself sometimes when I think about my boyfriend but rubbing your temples doesn't really count.
2026-09-12T06:09:40.691Z,u06,p2492,"“All of our agents are currently assisting other tormented souls. Your anguish is important to us. Press 1 to scream into the Void. Press 2 to scream louder. Press 3 to accept that life is meaningless."""
2026-09-12T05:41:05.918Z,u06,p2491,There’s no hate like Christian love.
2026-09-12T05:33:45.738Z,u06,p2490,🤣🤣🤣
2026-09-11T20:00:37.565Z,u06,p2489,The Onion is saying he's going to take $5000 from every Democrat if they don't hold the majority.
2026-09-11T19:58:24.675Z,u06,p2488,"""CSI: Reflecting Pool - The Usual Suspect: Incompetence."""
2026-09-11T19:49:58.687Z,u06,p2487,The lettering is too perfect.
2026-09-11T19:49:18.783Z,u06,p2486,When the moment calls for dignity but your body calls for a recliner.
2026-09-11T19:27:21.604Z,u06,p2485,"Sorry, didn't stop to think but this is ai. Good point though."
2026-09-11T17:32:09.434Z,u06,p2484,Trump is campaigning like a failing mattress store.
2026-09-11T13:23:08.271Z,u06,p2483,Nothing says “the economy is working” like screaming at the person who asks why you’re mailing everyone money.
2026-09-11T13:13:40.816Z,u06,p2482,"Trump claims he was at Ground Zero on 9/11, but people’s pain has always just been the set dressing for another Trump lie."
2026-09-11T07:50:33.952Z,u06,p2481,Keith Richards will be a pallbearer.
2026-09-11T07:45:58.873Z,u06,p2480,I hope we make his life a living Hell if we take control.
2026-09-11T07:43:34.093Z,u06,p2479,Try not to let him get to you - this will pass.
2026-09-11T07:40:49.846Z,u06,p2478,"Rachel Scott is the journalist Trump lunged at tonight, growling and insulting her for asking questions."
2026-09-10T19:23:54.678Z,u06,p2477,"If I win Saturday's $232 Million Powerball I'm sharing with my followers on BSKY. I'm not sharing the money, but I will let everyone know I won."
2026-09-10T17:46:14.847Z,u06,p2476,Looking at the stock market today feels like checking in on an ex-boyfriend on Facebook just to see how badly things have gone downhill.
2026-09-10T16:10:02.834Z,u06,p2475,Grindr went down faster than briefs at the Heritage Foundation after-party.
2026-09-10T16:05:56.148Z,u06,p2474,Grindt went down faster than a Bible when the assless chaps came out.
2026-09-10T15:12:17.130Z,u06,p2473,“Don’t Tread On Me” was a profile preference.
2026-09-10T14:56:01.759Z,u06,p2472,That’s not a poll - that’s a political chalk outline.
2026-09-10T14:19:07.916Z,u06,p2471,"Well, there's this..."
2026-09-10T14:13:01.276Z,u06,p2470,Commenting on Charlie Kirk today is the new “liking a terrorist TikTok” - instant enrollment on DHS’s Enemies List.
2026-09-10T13:05:16.153Z,u06,p2469,"Gonna combine my $2000 DOGE check with my $5000 tariff dividend and the $5000 vote check and buy a new house and new car with a 50 year mortgage and a 15 year car loan. The Golden Age, baby!"
2026-09-10T11:48:43.363Z,u06,p2468,It’s a future president of the US in a movie called Idiocracy.
2026-09-10T11:21:48.437Z,u06,p2467,Every year Idiocracy gets a little less funny and a lot more accurate.
2026-09-10T11:19:47.281Z,u06,p2466,🤣🤣🤣
2026-09-10T10:35:28.551Z,u06,p2465,"First to drink the Kool-Aid, first to ask for seconds."
2026-09-10T10:18:58.788Z,u06,p2464,He’s treating the federal budget like a casino comp.
2026-09-10T02:45:31.417Z,u06,p2463,Nothing says “Make America Great Again” like snuff-film night at the convention center.
2026-09-10T02:25:15.619Z,u06,p2462,"If Trump gets really desperate, swing-state voters are getting a set of steak knives."
2026-09-10T02:20:34.938Z,u06,p2461,"I’m holding out for the $10,000 Democratic counteroffer."
2026-09-10T02:07:41.613Z,u06,p2460,Every campaign comes with free shipping on miracles.
2026-09-10T00:37:31.600Z,u06,p2459,"Good to see them running on cultural issues versus real life issues like inflation, foreign wars, etc."
2026-09-09T21:48:24.747Z,u06,p2458,Looks less like a convention and more like arena staff orientation.
2026-09-09T21:46:17.647Z,u06,p2457,He put more air in that ass slap than the arena has people.
2026-09-09T21:43:39.338Z,u06,p2456,"Nothing screams “movement” quite like 14,000 seats begging for human contact."
2026-09-09T12:41:29.739Z,u06,p2455,Even the crickets were embarrassed.
2026-09-08T09:46:15.213Z,u06,p2454,
2026-09-08T05:19:10.657Z,u06,p2453,Only one of them can play hockey and it isn’t Trump.
2026-09-08T04:56:39.972Z,u06,p2452,Bush squandered a moment by lying and invading Iraq and killing almost a million innocent people.
2026-09-08T04:54:50.453Z,u06,p2451,On Labor Day too.
2026-09-08T04:51:12.160Z,u06,p2450,Smart.
2026-09-08T04:50:18.971Z,u06,p2449,He ripped off the poors.
2026-09-08T04:32:25.338Z,u06,p2448,Like the Sacklers? They never saw the inside of a jail.
2026-09-08T04:21:59.689Z,u06,p2447,Elizabeth Holmes’ only mistake was stealing from the rich.
2026-09-08T04:20:38.353Z,u06,p2446,🤣🤣🤣
2026-09-08T04:18:24.841Z,u06,p2445,Ivanka’s Labor Day: celebrating work by making sure everyone sees she escaped it.
2026-09-07T19:32:54.166Z,u06,p2444,I want Ossoff to run.
2026-09-07T19:31:41.196Z,u06,p2443,The Strait of Warm Ooze: the first monument you smell before you see.
2026-09-07T18:25:25.894Z,u06,p2442,The free market has been temporarily replaced by the president's enemies list.
2026-09-07T18:23:14.070Z,u06,p2441,Natalie Harp is not just an aide - she’s the caps-lock sommelier.
2026-09-07T16:55:16.921Z,u06,p2440,Manifest Destiny called - it wants its 1840's brain damage back.
2026-09-07T15:09:20.934Z,u06,p2439,Me yelling “pick a direction!” at a squirrel in the road is probably exactly how God feels watching me make a decision.
2026-09-07T14:44:10.128Z,u06,p2438,"Just ordered my tickets to Trumpapalooza in Dallas. I won’t be going, of course. I just wanted to make sure six seats spend the evening listening to Trump instead of actual human beings. You can order yours here:
events.gopconvention.com/events/2026-..."
2026-09-07T09:38:23.511Z,u06,p2437,"Happy Labor Day!

“The upper class keeps all the money and pays no taxes. The middle class pays all the taxes and does all the work. The poor are just there to scare the shit out of the middle class.”

- George Carlin"
2026-09-06T18:07:15.104Z,u06,p2436,Thank you!
2026-09-06T17:52:03.679Z,u06,p2435,"No is a complete sentence and, frankly, a lifestyle."
2026-09-06T06:43:19.234Z,u06,p2434,"Trying to look younger for Natalie, Trump told the barber, “Give me something that says I still get carded.”"
2026-09-06T06:25:44.235Z,u06,p2433,The date he died.
2026-09-06T00:03:36.026Z,u06,p2432,The Telegraph bravely investigates why people on another website aren’t paying attention to The Telegraph.
2026-09-05T22:41:47.536Z,u06,p2431,“I watched my first porn movie the other day - I looked so young”
2026-09-05T22:39:26.854Z,u06,p2430,And pizza! 🤣🤣🤣
2026-09-05T20:32:09.870Z,u06,p2429,I date a good number of MAGA men and that number is zero.
2026-09-05T20:25:57.297Z,u06,p2428,😂😂😂
2026-09-05T20:14:11.427Z,u06,p2427,"The midterm elections will be like a carpool where half want to drive to the movies and half want to drive off a cliff. Even if the movies win, you’re still buckled in with the cliff people."
2026-09-05T20:13:11.623Z,u06,p2426,"Nothing says ""this policy is working"" like sending someone to explain, for eight uninterrupted minutes, why you can't feel it working yet."
2026-09-05T20:07:55.197Z,u06,p2425,"DEFCON 1: hostile missile launch.
DEFCON 2: rain.
DEFCON 3: somebody opened a window."
2026-09-05T20:01:25.972Z,u06,p2424,"IMO, the least realistic thing about porn movies is no one stumbles around looking for the light switch after sex."
2026-09-05T19:59:36.447Z,u06,p2423,"Tim Curry is gone, Brenda Fricker is gone, Catherine O’Hara is gone, and yet somehow the worst actor in Home Alone 2 is still here."
2026-09-05T16:49:54.802Z,u06,p2422,"Wow, interesting, thanks!"
2026-09-05T14:11:29.341Z,u06,p2421,"They’ve been doing it for more than 100 years. The Kiwanis Club here in SF has actually had Zozobra's footprint assessed, including construction, equipment and fireworks, and funds tree planting intended to offset the event's carbon output."
2026-09-05T14:00:09.199Z,u06,p2420,"France has, and Germany is seriously considering doing the same."
2026-09-05T13:56:48.432Z,u06,p2419,My dog has never really trusted me since.
2026-09-05T13:49:42.380Z,u06,p2418,"Social media makes everyone else look happily coupled because nobody posts, “We just fought for 40 minutes about the dishwasher.”"
2026-09-05T13:47:43.851Z,u06,p2417,Flip the House and we can yell STOP! Flip both houses and we can slam on the brakes.
2026-09-05T13:46:44.832Z,u06,p2416,Always honored to donate to you guys!
2026-09-05T13:45:53.748Z,u06,p2415,The early returns from NC appear promising. 🤣
2026-09-05T13:27:53.521Z,u06,p2414,"A Step by Step Guide on How to Fall Down the Stairs

Step 1
           Step 2
                      Step 3
                                 Step 4 
                                            Step 5 
                                                        Step 6"
2026-09-05T13:24:38.801Z,u06,p2413,"[How I Got My Job at Google]

Interviewer: ""Why are manholes round?""
Me: ""So they can't fall into the hole.""
Interviewer: ""What's the difference between a screw and a paperclip?
Me: ""I don't know - sounds fun but I've never been paperclipped."""
2026-09-05T13:21:12.109Z,u06,p2412,COULD PEOPLE PLEASE STOP POSTING PICTURES OF THIS WOMAN WITHOUT A WARNING!  🤣🤣🤣
2026-09-05T13:16:03.535Z,u06,p2411,Mike Johnson is so stupid he could fall in a barrelful of titties and come out sucking his thumb.
2026-09-05T12:56:27.103Z,u06,p2410,Someone asked me today about my plans for the Fall and it took me a moment to realize she meant my plans for the Autumn and not the collapse of civilization.
2026-09-05T12:54:22.681Z,u06,p2409,"The upcoming season will either be called Autumn or the Fall of Civilization, and both outcomes seem equally likely."
2026-09-05T12:50:28.449Z,u06,p2408,"Theodore Roosevelt once said republics rise, flourish, and fall because their citizens turn the government into a tool primarily to benefit one class instead of benefiting the people as a whole, and I think about what he said quite a lot."
2026-09-05T12:46:29.901Z,u06,p2407,"This fall, no leaf gets left behind."
2026-09-05T12:26:36.727Z,u06,p2406,Hot Girl Summer is over. Please respect my privacy during this difficult transition to all black.
2026-09-05T11:46:28.754Z,u06,p2405,Yes. This year we burned King George.
2026-09-05T11:45:56.905Z,u06,p2404,It’s a good thing no one has invented smellavision.
2026-09-05T11:42:02.427Z,u06,p2403,"Zozobra went up in flames last night in Santa Fe. People stuff him with notes describing their troubles, then set him on fire to symbolically destroy their worries. It’s like Burning Man for people with turquoise jewelry."
2026-09-05T11:32:32.117Z,u06,p2402,The early voting seems promising so far.  🤣
2026-09-04T23:44:55.052Z,u06,p2401,Trump’s approval ratings are dropping faster than my standards at 11:49 on a Friday night.
2026-09-04T23:38:10.272Z,u06,p2400,Even Tetris is telling Trump to get his shit in line.
2026-09-04T23:35:42.603Z,u06,p2399,Trump worked so hard to eliminate a Democratic district that he accidentally eliminated his own map.
2026-09-04T22:58:23.551Z,u06,p2398,🤣🤣🤣
2026-09-04T21:54:05.112Z,u06,p2397,😂😂😂
2026-09-04T21:45:23.272Z,u06,p2396,I’m not looking for Prince Charming. Just a tall adult with dental coverage and an Allen wrench.
2026-09-04T17:23:43.090Z,u06,p2395,People in the '60s dropped acid to make the world seem weird but now all we have to do is watch a Trump press conference.
2026-09-04T17:11:16.377Z,u06,p2394,The GOP is the party of the working class.
2026-09-04T17:10:08.857Z,u06,p2393,Supporters of Donald Trump have set up a GoFundMe campaign to raise enough money to have Melania hold his hand at the Republican convention.
2026-09-04T17:09:43.541Z,u06,p2392,Chris Hansen will be the surprise keynote speaker at the GOP convention.
2026-09-04T13:21:57.662Z,u06,p2391,Smartmatic
2026-09-04T10:11:56.215Z,u06,p2390,This time he’s NPR’s chief medical correspondent.
2026-09-04T10:05:59.919Z,u06,p2389,Who forgot to change the locks?
2026-09-04T10:01:09.193Z,u06,p2388,Whole Foods is going to start putting the trucker’s name on the chalkboard next to the cheesemaker.
2026-09-04T09:53:25.789Z,u06,p2387,"We’re 869 days away from hearing, “Actually, the transition team can’t find the silverware.”"
2026-09-04T09:50:55.918Z,u06,p2386,America loves its upstairs neighbor more than its landlord.
2026-09-04T09:37:45.830Z,u06,p2385,If anyone needs me I’ll be upstairs practicing witchcraft.
2026-09-04T09:33:16.319Z,u06,p2384,"Me: ""You wanna go upstairs?""
Him: ""Oh yeah.""
Me: ""Do you have protection?""
Him: [startled] ""Why, what's up there?"""
2026-09-04T04:26:27.938Z,u06,p2383,The Four Horsemen are stuck in traffic on the Beltway.
2026-09-04T04:20:36.907Z,u06,p2382,Nothing says “reassuring” like watching your backyard enter airborne mode.
2026-09-04T04:10:38.065Z,u06,p2381,"Bret Stephens, who I do not support. looked at the end of Trump and said, “Fine, but have we considered despair as a permanent governing philosophy?”"
2026-09-04T04:07:25.084Z,u06,p2380,"Trump: “This party would be nothing without me!”
The GOP: “Yes, that’s becoming the concern.”"
2026-09-04T04:04:11.307Z,u06,p2379,That’s the face you make when you’ve seen 14 presidents and this is somehow the weirdest one. Dude looks like he just got back from a three-day meeting with the Grim Reaper.
2026-09-03T21:32:51.219Z,u06,p2378,We’re grading on a curve but Driscoll was a very good choice and it’s a shame to see Hegseth doing this to our military.
2026-09-03T19:42:56.502Z,u06,p2377,Natalie Harp using “harping” is like a baker sneaking “knead” into every press release.
2026-09-03T19:36:13.906Z,u06,p2376,"Love this. Gloria Steinem changed the country, and it says something that generations of women still immediately understand why her life and work deserve the spotlight."
2026-09-03T19:30:47.571Z,u06,p2375,That face has the sheen of a rotisserie chicken under a heat lamp.
2026-09-03T18:56:12.699Z,u06,p2374,"Maria had Smartmatic baggage. Oh well, Mornings With(out) Maria."
2026-09-03T18:51:31.687Z,u06,p2373,"The Trump administration’s military doctrine: declare victory, then declare it wasn’t a war."
2026-09-03T18:50:54.925Z,u06,p2372,Vance achieved mission accomplished to semantic retreat in 16 minutes.
2026-09-03T18:46:50.672Z,u06,p2371,They can discuss Joe's 50 years in politics and JD's 50 different political positions.
2026-09-03T17:52:31.038Z,u06,p2370,“Caroline Sunshine” sounds less like a political commentator and more like someone hired to wake up toddlers on Saturday morning.
2026-09-03T17:46:19.480Z,u06,p2369,🤣
2026-09-03T17:43:35.851Z,u06,p2368,🫣
2026-09-03T17:42:14.563Z,u06,p2367,Wow. You remember?
2026-09-03T17:41:45.173Z,u06,p2366,What a great story!
2026-09-03T14:19:24.189Z,u06,p2365,I agree
2026-09-03T14:18:07.268Z,u06,p2364,😂
2026-09-03T14:02:20.315Z,u06,p2363,"Sometimes I reread my own posts and think, “We should get drinks.”"
2026-09-03T12:55:13.704Z,u06,p2362,Prediction: Trump will promise Woodstock for patriots next week and come home looking like he got fired from a Cracker Barrel.
2026-09-03T12:46:46.832Z,u06,p2361,Trumpapalooza - the Fyre Festival of Fascism.
2026-09-03T12:16:19.107Z,u06,p2360,"Just ordered my tickets to Trumpapalooza in Dallas next week. I won’t be going, of course. I just wanted to make sure six seats spend the evening listening to Trump instead of actual human beings. You can order yours here:
gopconvention.com/ticket-reque..."
2026-09-03T11:45:41.869Z,u06,p2359,"Trump speaking twice is perfect. The first night he can alienate independents, and the second night he can make sure."
2026-09-03T11:12:03.334Z,u06,p2358,The AI takeover won’t begin with killer robots. It begins with your town issuing a boil-water advisory because ChatGPT needed to answer 40 million questions about air fryers.
2026-09-03T03:01:29.762Z,u06,p2357,Why take Ozempic when the easiest way to lose dead weight is blocking Donald Trump’s number?
2026-09-03T00:28:20.956Z,u06,p2356,The Onion is the ultimate protest publication. It doesn’t argue with power. It simply holds reality up to the light until the absurdity confesses.
2026-09-03T00:03:02.582Z,u06,p2355,"“I’m Donald Trump, and I approve this message about how much I approve of Donald Trump.”"
2026-09-02T23:58:41.444Z,u06,p2354,AI rebranding is going great: from “the future is amazing” to “HOLY FUCK CHANGE YOUR PASSWORDS!”
2026-09-02T19:36:29.426Z,u06,p2353,"“En paz, en paz”"
2026-09-02T19:26:37.607Z,u06,p2352,Turns out “owning the libs” doesn’t come with congressional seats.
2026-09-02T19:24:24.516Z,u06,p2351,Coming tomorrow: “Bad things are making good things cost more.”
2026-09-02T18:33:23.803Z,u06,p2350,"AI rebranding is going great: from “the future is amazing” to “Jesus Christ, change your passwords.”  😂"
2026-09-02T13:05:24.279Z,u06,p2349,"This is Tennessee Lt. Gov. Randy McNally. While Tennessee Republicans were passing a wave of anti-LGBTQ legislation, McNally was repeatedly liking and leaving flirtatious comments on sexually suggestive Instagram posts from a young gay man.

Quite a portrait of today’s Republican Party."
2026-09-02T12:36:46.600Z,u06,p2348,Piers Morgan and Ben Shapiro calling each other attention whores is a spectacular case of Spider-Man pointing at Spider-Man.
2026-09-02T12:24:42.568Z,u06,p2347,"Charlie Kirk’s assassin wasn’t acting alone - he was assisted by 53 Republican Senators, 219 Republican House members, the Republican President, & the NRA."
2026-09-02T12:23:05.997Z,u06,p2346,Grindr and Pornhub have set up server farms near Dallas anticipating surges during the Trumpalooza convention next week.
2026-09-02T08:53:08.935Z,u06,p2345,Bessent delivers a devastating critique of the media covering the Trump administration.
2026-09-02T08:37:23.764Z,u06,p2344,The Art of Pretending You Never Wanted a Deal.
2026-09-02T08:33:23.202Z,u06,p2343,"Trump called Bush a moron, then borrowed his foreign policy."
2026-09-02T07:13:53.230Z,u06,p2342,"Finally, journalism brave enough to defend the melon baller."
2026-09-02T07:11:00.000Z,u06,p2341,This is all Trumps fault.
2026-09-02T00:18:19.173Z,u06,p2340,Astrophysicists can laugh knowing our galaxy will collide with Andromeda in 4.5 billion years but I’m still upset about something someone said in 2012.
2026-09-01T21:44:56.956Z,u06,p2339,It's an ai representation of an original.
2026-09-01T21:44:31.698Z,u06,p2338,The original cartoon (this one) was drawn by British cartoonist Jamie Charteris.
2026-09-01T21:28:55.079Z,u06,p2337,See my post
2026-09-01T21:28:36.511Z,u06,p2336,I'm becoming an influencer for Viagra and here's my first plug.
2026-09-01T21:23:56.662Z,u06,p2335,Gotta laugh.
2026-09-01T20:50:32.081Z,u06,p2334,Nothing spices up an election like making mortgages more expensive six weeks before everyone votes.
2026-09-01T20:48:43.716Z,u06,p2333,"Every time Trump discusses another culture or religion, the editors at Wikipedia have to lock the page."
2026-09-01T20:44:50.646Z,u06,p2332,"Who wouldn’t want a huge humming box next door sucking up electricity, water, and property values?"
2026-09-01T17:49:38.452Z,u06,p2331,"Another good reason to pack the Court in 2029, provided we make it that far."
2026-09-01T16:31:23.552Z,u06,p2330,Netflix making a documentary Trump will absolutely hate is the closest thing America has to appointment television.
2026-09-01T14:35:44.744Z,u06,p2329,"“Democrats don’t work,” says the man whose entire job is explaining why your paycheck buys less."
2026-09-01T14:13:26.285Z,u06,p2328,Using a grieving father’s murdered son as campaign bait is a bold way to announce you’ve run out of both ideas and shame.
2026-09-01T13:09:20.568Z,u06,p2327,“Use him as a pole…” 🤣🤣🤣
2026-09-01T12:45:23.446Z,u06,p2326,"“I said ‘take the wheel, Jesus,’ not the House.”"
2026-09-01T10:23:45.280Z,u06,p2325,The Eagles found a renewable energy source: one male cheerleader powering a million conservative meltdowns.
2026-09-01T10:21:52.135Z,u06,p2324,The Eagles found a renewable energy source: one male cheerleader powering a million conservative meltdowns.
2026-09-01T10:18:54.566Z,u06,p2323,The Eagles found a renewable energy source: one male cheerleader powering a million conservative meltdowns.
2026-09-01T09:00:05.688Z,u06,p2322,We’re grading on a curve.
2026-09-01T08:39:14.080Z,u06,p2321,He’s the most incompetent SecDef ever.
2026-09-01T08:38:23.807Z,u06,p2320,"Driscoll’s a good guy who wanted to modernize the Army around readiness, drones and faster acquisition. Hegseth kept firing Driscoll’s allies, overruling his personnel calls and tightening control. Driscoll and JD Vance are very good friends. Watch this space."
2026-09-01T08:31:04.168Z,u06,p2319,First one to Hell changes Trump’s WiFi password to “BidenWon.”  Deal?
2026-08-31T19:47:12.357Z,u06,p2318,"If voodoo dolls worked, you’d already know it."
2026-08-31T19:33:36.596Z,u06,p2317,"Whoever has my voodoo doll, I don't know what I did to you but this feels excessive."
2026-08-31T16:16:16.046Z,u06,p2316,"""Eggs expensive under Biden"" was a story for six months. ""Trump made everything expensive on purpose"" is apparently just a Trump personality quirk we're all supposed to get used to."
2026-08-31T13:21:11.556Z,u06,p2315,Propaganda wars are the only kind Hegseth can win.
2026-08-31T13:07:32.500Z,u06,p2314,"Trump would be smart to fire Hegseth, which is precisely why Hegseth has excellent job security."
2026-08-31T13:07:04.130Z,u06,p2313,Trump’s foreign policy can be hijacked with enough airtime and three compliments.
2026-08-31T02:50:15.103Z,u06,p2312,We survive Trump because he wants to be Hitler but has the focus of a golden retriever at a fireworks show.
2026-08-31T02:44:35.863Z,u06,p2311,Overheard
2026-08-31T02:23:55.103Z,u06,p2310,Markwayne Mullin just declared war on the English language.
2026-08-31T01:57:43.252Z,u06,p2309,"“If they won’t meet our demands, Canada becomes Upper America.”"
2026-08-31T01:14:53.350Z,u06,p2308,What I’ve been doing all day on Bluesky.
2026-08-30T13:59:52.657Z,u06,p2307,Maybe liberals should argue that voting by mail disproportionately benefits billionaires.
2026-08-30T01:01:43.243Z,u06,p2306,"I’m sorry I haven’t posted much the last few days, but people of extraordinary beauty are often burdened by the crushing administrative demands that come with it. It’s been exhausting."
2026-08-29T20:52:13.671Z,u06,p2305,Ukrainian
2026-08-29T20:51:41.332Z,u06,p2304,You mean Bard College. It’s in Annandale-on-Hudson. They went to college there.
2026-08-29T20:50:13.399Z,u06,p2303,They're good!
2026-08-29T18:25:52.304Z,u06,p2302,I knew posting about geese would eventually attract the grammar police.
2026-08-29T15:16:48.312Z,u06,p2301,"The good news for Republicans is Trump can still turn out voters. 
The bad news is most of them are Democrats."
2026-08-29T14:47:05.129Z,u06,p2300,They should have renamed it the Department of the Defensive.
2026-08-29T14:39:27.263Z,u06,p2299,They should have renamed it the Department of the Defensive.
2026-08-29T12:32:08.803Z,u06,p2298,"Donald Ducks: loud, aggressive, shit everywhere, and attack anyone who gets too close. Honestly, the branding is flawless."
2026-08-29T10:21:41.451Z,u06,p2297,"Trump was too sleazy for Epstein, which is like getting kicked out of the sewer for smelling bad."
2026-08-29T05:05:23.474Z,u06,p2296,Every Hegseth press conference feels like an Axe Body Spray commercial filmed at the Pentagon.
2026-08-29T05:03:24.934Z,u06,p2295,Obama’s biggest mistake was wearing a tan suit that wasn’t a gift from Qatar.
2026-08-29T04:28:11.418Z,u06,p2294,"I have Republican friends. Our relationship works because we’ve agreed never to discuss politics, economics, history, science, or observable reality."
2026-08-29T04:18:54.897Z,u06,p2293,"Bush looked back and thought, “That was a mistake.” 
Trump looks back and thinks, “Needs more gold lettering.”"
2026-08-29T04:14:28.037Z,u06,p2292,The strange upside of life is there’s always another door to open. Knowing a little more doesn’t shrink the world. It makes it bigger.
2026-08-29T04:08:29.061Z,u06,p2291,Happy Caturday!
2026-08-29T03:52:39.702Z,u06,p2290,"There’s never been a more perfect cover of Steely Dan.
youtu.be/P_8aZZ9d_EA?..."
2026-08-29T01:33:17.793Z,u06,p2289,Sounds like you don’t donate 🤣🤣🤣
2026-08-29T01:17:50.427Z,u06,p2288,My college spent four years teaching me to reject materialism and now it wants my credit-card number.
2026-08-29T00:27:18.703Z,u06,p2287,Trump just acquired 65 billion barrels of oil using the same technique he used to rename Lake Ontario and buy Greenland: posting about it.
2026-08-28T18:48:27.213Z,u06,p2286,Portrait of a man being stalked by his own bullshit.
2026-08-28T16:19:30.988Z,u06,p2285,“Mission Accomplished” - now with 100% more mission still happening.
2026-08-28T14:52:00.130Z,u06,p2284,"Yeah, but they scheduled the amputation for after the midterms."
2026-08-28T14:16:17.094Z,u06,p2283,"Eight billion people, one shared thought: “Could you not?”"
2026-08-28T12:55:18.226Z,u06,p2282,"Even in death, Dolly’s working 9 to 5 cleaning up this asshole’s image."
2026-08-28T08:05:27.233Z,u06,p2281,Every morning he wakes up is another performance review for the Grim Reaper.
2026-08-28T08:04:41.605Z,u06,p2280,"Trump conceding an election loss is classified as a purely theoretical event, like cold fusion or Melania holding his hand."
2026-08-28T07:44:27.514Z,u06,p2279,"King Harald V believed a nation was defined not by who it excluded, but by how well its people cared for one another. “Norway is you. Norway is us.” A good king, and an even better definition of patriotism."
2026-08-28T07:38:38.720Z,u06,p2278,"Condolences to Norway on the passing of King Harald. He lived a remarkable life of service, resilience and quiet dignity. Harald spent part of his childhood in America, returning home after WW2 to become a beloved king who helped modernize the monarchy without diminishing its grace. 🇳🇴"
2026-08-27T16:46:12.107Z,u06,p2277,Ditto!
2026-08-27T12:05:41.208Z,u06,p2276,Reporting live from the Canadian Department of “What the Fuck Are You People Doing?”
2026-08-27T11:28:55.612Z,u06,p2275,Foreign policy brought to you by Sharpie™️
2026-08-27T11:22:10.967Z,u06,p2274,❤️
2026-08-27T11:17:26.089Z,u06,p2273,As far as I can tell it is real.
2026-08-27T09:42:57.125Z,u06,p2272,The Trump administration has all the dignity of a Waffle House parking lot at 2:17 a.m.
2026-08-27T01:59:37.531Z,u06,p2271,It really is a mental illness.
2026-08-27T01:22:28.739Z,u06,p2270,"The media sees an existential election and asks, “But who had the better week?”"
2026-08-26T20:56:04.312Z,u06,p2269,Hey you!
2026-08-26T15:24:35.484Z,u06,p2268,Crowd control mostly.
2026-08-26T14:06:27.689Z,u06,p2267,"“Americans spend money to find joy. Then comes the guilt.” Finally, an economic cycle I fully understand."
2026-08-26T14:03:52.460Z,u06,p2266,Dolly Parton dies and Trump somehow turns the obituary into a Yelp review of himself.
2026-08-26T11:41:53.233Z,u06,p2265,I used to be alarmed seeing mounted Park Police in DC but now I find myself secretly hoping we've been invaded by Canada.
2026-08-26T11:25:06.987Z,u06,p2264,Canada is the polite kid at dinner realizing his drunk Uncle Sam has found the ceremonial sword.
2026-08-26T06:51:52.700Z,u06,p2263,"The funniest part of MAGA panicking about another Trump impeachment is that even they hear “Democrats win Congress” and immediately think, “Well, yeah, he’s done plenty to deserve it.”"
2026-08-26T06:43:05.664Z,u06,p2262,Hi Paul! I’m not sure where it’s from. Have had for some time. Sorry.
2026-08-26T02:15:50.322Z,u06,p2261,If you’re a guy it’s okay.
2026-08-26T02:09:46.003Z,u06,p2260,"Men, we just want you to listen to us!"
2026-08-26T02:01:13.127Z,u06,p2259,"TEENS: THE MUSICAL

Featuring chart-toppers like:

🎶 You Never Told Me That 
🎶 Why Is There No Food 
🎶 I Need Money for Something I Can’t Explain
🎶 Door Slam in B Minor
🎶 I Hate You, Can You Drive Me Somewhere?"
2026-08-26T01:49:43.065Z,u06,p2258,Milk is the only bodily fluid we‘re allowed to drink in front of everyone.
2026-08-26T01:47:21.899Z,u06,p2257,NYC goes pink in remembrance of Dolly Parton 💕
2026-08-26T01:42:32.796Z,u06,p2256,The official portrait of the 2026 women’s vote.
2026-08-25T23:47:12.198Z,u06,p2255,IDK and it doesn’t really matter.
2026-08-25T21:31:37.599Z,u06,p2254,"Yeah, I know..."
2026-08-25T20:53:28.143Z,u06,p2253,"America’s far right has Nazis. America’s far left wants people to be able to afford rent, healthcare and groceries. The desperate insistence that these are mirror-image ""extremes"" is one of the dumbest conceits in political journalism."
2026-08-25T19:29:55.448Z,u06,p2252,This is how I cope with sorrow. 💔
2026-08-25T19:23:20.907Z,u06,p2251,Dolly’s final miracle was making Megyn Kelly resemble a human being for one tweet.
2026-08-25T19:13:06.725Z,u06,p2250,Dolly was the last American institution with higher approval ratings than puppies.
2026-08-25T19:06:31.998Z,u06,p2249,Dolly spent decades redistributing her wealth so she was pre-marinated in good karma.
2026-08-25T18:51:41.725Z,u06,p2248,"Dear Lord, you've taken my favorite singer, Dolly Parton, my favorite comedian, Catherine O'Hara, and my favorite singer, Bonnie Tyler. I just wanted to let you know my favorite politician is Donald Trump."
2026-08-25T18:29:12.514Z,u06,p2247,America now begins the solemn national tradition of waiting to see how Donald Trump makes Dolly Parton’s death about himself.
2026-08-25T18:17:53.914Z,u06,p2246,"Dolly Parton spent 80 years proving you could have big hair, a bigger heart, a brilliant mind and absolutely no patience for anyone who underestimated you. She gave us unforgettable songs, free books for millions of children, and enough wit, rhinestones and kindness to light up Tennessee."
2026-08-25T14:16:56.008Z,u06,p2245,Instagram is where tweets go when they want to put on makeup and tell the whole story.
2026-08-25T14:13:00.947Z,u06,p2244,Easily my favorite part of January 6.
2026-08-25T12:15:54.148Z,u06,p2243,"Nine lives, and my morning foot just took two of them."
2026-08-25T12:11:10.427Z,u06,p2242,Two paths diverged in the woods and America took the psychopath.
2026-08-25T09:09:50.373Z,u06,p2241,Parents used to tell their children who were playing roughly that they wouldn’t be happy until someone lost an eye.
2026-08-25T08:51:33.671Z,u06,p2240,Maybe my mother was right and I won't be truly happy until someone loses an eye. Maybe that's what's been missing.
2026-08-25T01:38:22.604Z,u06,p2239,"It doesn’t bother me he keeps falling asleep, only that he keeps waking up."
2026-08-25T01:25:47.634Z,u06,p2238,"“The war has been won. Please disregard the missiles, oil prices, military deployments, and the ongoing war.”"
2026-08-24T21:44:29.437Z,u06,p2237,"The Good News: Millions of ballots are not suddenly being rejected tomorrow. 
The Bad News: “Not suddenly being rejected tomorrow” is a very low bar for good news."
2026-08-24T21:37:33.578Z,u06,p2236,The Supreme Court’s position: “We’re not saying Trump’s order is legal. We’re just saying you can’t stop it yet.”
2026-08-24T13:36:49.029Z,u06,p2235,"""I hereby impose a 50% tariff on Rasmussen."""
2026-08-24T13:11:38.890Z,u06,p2234,Kushner reaching out to Jeffries before the election suggests Trump’s orbit is taking the possibility of Speaker Hakeem Jeffries very seriously.
2026-08-24T13:00:42.485Z,u06,p2233,Iran has been promoted to Trump casino status.
2026-08-24T12:56:50.017Z,u06,p2232,Southwest Airlines must've raised the retirement age because our flight attendant demonstrated how the oxygen works and then left her mask on. 🤷‍♀️
2026-08-24T09:35:55.260Z,u06,p2231,"Chuck Gressley: “We may have no water, no rural hospitals, and no teachers - but come on. Vote Democrat? Let’s not get crazy.”"
2026-08-24T09:23:04.088Z,u06,p2230,"DOGE was supposed to save $2 trillion. It claimed $160 billion in savings, while the government upheaval was estimated to cost $135 billion and nuked $323 billion in tax revenue over a decade."
2026-08-24T09:17:23.029Z,u06,p2229,"Do I need my go-bag, my therapist, or popcorn? Be specific."
2026-08-24T09:15:19.459Z,u06,p2228,I’ve written my first name with the last name Ossoff so many time I will answer to it after my third glass of wine.
2026-08-24T09:12:59.163Z,u06,p2227,Legal claim: “Intentional infliction of emotional indifference.”
2026-08-24T09:05:42.673Z,u06,p2226,"I expected a tyrant with iron fists, not a clown with a spray tan and swollen ankles."
2026-08-24T01:09:58.369Z,u06,p2225,Whatever happened to the good old days when conservatives were just furious that M&Ms weren’t sexy enough? Now there are Nazis at the door.
2026-08-23T21:34:19.612Z,u06,p2224,Hi Scott. I didn't create it and it’s not against BSKY’s rules. If you don’t like something you can block me.
2026-08-23T13:24:22.152Z,u06,p2223,That red line is the alternate timeline where Dad didn't quit his job because he hated paying income tax. (Source: CAP)
2026-08-23T09:03:18.029Z,u06,p2222,That’s the notification from the Fresh Roadkill Hotline.
2026-08-22T20:39:22.373Z,u06,p2221,"Natalie went from “no unsupervised private lingering” to “where did he go, why is his cart moving, get my shoes.”"
2026-08-22T20:05:42.002Z,u06,p2220,Calling FDR’s leg braces “restraints” is certainly one way to fail both history and anatomy at once.
2026-08-22T19:53:59.274Z,u06,p2219,Past wartime presidents watching him climb into a catering truck.
2026-08-22T16:42:08.680Z,u06,p2218,"Trump’s crime strategy is basically show up after the fire is out, piss on the ashes, and demand a medal from the fire department."
2026-08-22T15:46:42.367Z,u06,p2217,They’re not plotting my death. They’re plotting my death and who gets the good sunbeam afterward. The second part is where it gets heated.
2026-08-22T15:03:29.293Z,u06,p2216,"This is why historians have tenure. Without it, one pedantic Bluesky reply could bring down the entire profession."
2026-08-22T03:04:53.188Z,u06,p2215,🤢🤢🤢
2026-08-22T01:29:39.461Z,u06,p2214,He’s the only man who can start a sentence blaming idiots and finish it as an autobiography.
2026-08-22T00:47:36.495Z,u06,p2213,RFK JR looks like a lobbyist arguing for subsidies for the tanning bed industry.
2026-08-22T00:27:14.900Z,u06,p2212,Georgia should be proud. This guy is a once in a lifetime leader.
2026-08-21T20:41:23.949Z,u06,p2211,The bar for “adult” here is cleared by age alone.
2026-08-21T20:08:11.704Z,u06,p2210,"The Debt King. Same crown, significantly worse casino."
2026-08-21T20:05:18.018Z,u06,p2209,"15,903 ""illegal ballots"" became 185, and they still haven’t shown that those 185 people cast any ballots. Gifted article:
www.nytimes.com/2026/08/20/u..."
2026-08-21T17:27:08.471Z,u06,p2208,Natalie Harp chasing Trump’s golf cart is what happens when separation anxiety becomes an endurance sport.
2026-08-21T16:49:19.574Z,u06,p2207,"Trump’s ballroom playbook: do it first, get sued later, then argue it’s too late to undo. 

Concrete today. Ballots tomorrow."
2026-08-21T15:55:12.299Z,u06,p2206,"“Sure, she failed the test, but tests are notoriously difficult when you don’t know the answers.”"
2026-08-21T15:53:42.469Z,u06,p2205,Nothing says “completely normal professional relationship” quite like treating every question about it as an attempted coup
2026-08-21T15:48:31.407Z,u06,p2204,"Trump’s great innovation was discovering that if you attempt to overturn an election loudly enough, half the country will call it Legitimate Political Discourse."
2026-08-21T15:44:54.806Z,u06,p2203,"Thank you. I had surgery last week and have been spending a lot of time recuperating in bed (and therefore, online). The surgery was necessary and it was successful in correcting a skeletal issue I developed from a fall from a horse last November."
2026-08-21T15:29:09.880Z,u06,p2202,This is like a dad explaining why the family vacation was a success while the rental car is upside down in a canal.
2026-08-21T15:26:49.071Z,u06,p2201,"In the meantime, he’s fucking over the ranchers he says he’s protecting by imposing the tariffs in the first place. American ranchers spent years rebuilding their herds only to hear: “Great work, fellas. We've ordered 661 million pounds of competition.”"
2026-08-21T15:13:11.315Z,u06,p2200,This will really hurt the ranchers and prices will just snap back after the elections.
2026-08-21T15:04:01.290Z,u06,p2199,"Make American Beef Great Again: Step 1, buy an astonishing amount of beef from other countries."
2026-08-21T14:56:33.761Z,u06,p2198,"Headline: Trump lowers beef prices by suspending the tariff he said didn’t raise beef prices, angering the ranchers he said the tariff was protecting."
2026-08-21T14:49:46.917Z,u06,p2197,"Schrödinger’s trade policy: tariffs don’t make beef more expensive, yet removing them magically makes beef cheaper."
2026-08-21T13:44:59.123Z,u06,p2196,Trump found a body of water shallow enough to reflect his presidency.
2026-08-21T13:06:46.632Z,u06,p2195,Glenn Close’s agent should be sending Natalie Harp a fruit basket.
2026-08-21T12:17:53.070Z,u06,p2194,Single White Female: West Wing Edition.
2026-08-21T12:05:44.533Z,u06,p2193,“I never want to bring you anything but joy” is an absolutely normal thing to write to your 80-year-old boss.
2026-08-21T12:02:47.113Z,u06,p2192,Trump has no friends - friendship requires mutual affection. Trump prefers the cleaner arrangement where one person worships and the other person is Trump.
2026-08-21T11:49:15.707Z,u06,p2191,"This letter has everything: fear, devotion, self-abasement, sleep deprivation, and a desperate need for approval. The only thing missing is a lock of hair taped to the bottom."
2026-08-21T09:51:16.852Z,u06,p2190,You claw your way to the top only to discover your chief rival is a co-worker who only shows up once a month.
2026-08-21T09:27:09.468Z,u06,p2189,Obama’s real sin was interrupting America’s cherished tradition of turning every foreign-policy problem into a 20-year war.
2026-08-21T09:26:22.477Z,u06,p2188,"Natalie Harp arriving with the presidential emergency backpack: Diet Coke, Sharpies, flattering printouts, and 17 pages of people who were mean on Truth Social."
2026-08-21T09:25:33.731Z,u06,p2187,"Every week they discover another threat to children, and every week the threat has a campaign website and an elephant logo."
2026-08-21T01:12:36.685Z,u06,p2186,Melania showing up right now is like a wife walking downstairs because she heard her husband laughing too hard at another woman’s joke.
2026-08-21T01:11:09.710Z,u06,p2185,Barron comforts his distraught father and tells him Natalie will be back by his side as soon as Melania leaves.
2026-08-20T16:44:10.547Z,u06,p2184,"America essentially has a mortgage with no house, no maturity date, 330 million co-signers, and a refinancing department called the Treasury. Somehow it still has better credit than you."
2026-08-20T16:26:49.374Z,u06,p2183,Sorry about your grandfather 🥹
2026-08-20T16:25:52.426Z,u06,p2182,Kale has negative calories because its caloric count is less than the energy expended throwing it up.
2026-08-20T16:25:09.407Z,u06,p2181,"Think I'll have my favorite kale drink tonight, the one with the silent 'k."""
2026-08-20T16:24:31.683Z,u06,p2180,"""I’ve never eaten kale, and I don’t have autism, so clearly kale causes autism.""    -RFK Jr"
2026-08-20T16:16:10.598Z,u06,p2179,"When Fox Business says Republicans are losing on the economy, somebody at the White House just threw a ketchup bottle at the wall."
2026-08-20T16:14:24.916Z,u06,p2178,:)
2026-08-20T16:13:31.461Z,u06,p2177,Bessent has discovered the easiest way to reach full employment: redefine “employment.”
2026-08-20T16:11:58.932Z,u06,p2176,"If the economy grew at 5% the economy would double in 14 years and we could cut the debt burden in half (relative to the size of the economy). That's how we dealt with WW2 debt. Problem is the $40 Trillion would need to stay at that level, and our debt is scheduled to be $64 Trillion in 2036."
2026-08-20T16:05:15.831Z,u06,p2175,"I'd like to check out anything about Jon, especially those biceps and that tush of his."
2026-09-23T04:27:34.156Z,u05,p2174,Twingle
2026-09-23T04:13:32.349Z,u05,p2173,in other news
2026-09-23T01:48:56.689Z,u05,p2172,today's not a great art day in terms of quality but im keepin on
2026-09-23T01:41:01.637Z,u05,p2171,uncomfortable mutant ninja turtles
2026-09-23T01:15:06.032Z,u05,p2170,i keep forgetting my got dang tail 💔 strike three and ill be a manx
2026-09-23T01:12:43.869Z,u05,p2169,this one isnt great but im ok with it
2026-09-23T00:38:44.138Z,u05,p2168,no place is sacred anymore. i must return to ancient ground. i will see you all on xat
2026-09-22T23:53:17.234Z,u05,p2167,Next person I see to qrt some AI animation clearly ripping off mutant mayhem or some animated film with doomer shit like “it’s over” or “AI won” will be airmailed a brick
2026-09-22T23:13:05.238Z,u05,p2166,"The environment that conjured up those games died in the 2000s. Even if we got a Crash 4 styled revival it wouldn’t hit nearly the same. That’s why Yooka-Laylee exists.

It’s also in very poor taste to entertain the idea when people are about to lose their jobs"
2026-09-22T23:11:25.682Z,u05,p2165,That’s Super Boy at the top I can tell you that much
2026-09-22T23:10:54.708Z,u05,p2164,I think…we need to abandon the idea of a new Banjo-Kazooie
2026-09-22T17:02:02.561Z,u05,p2163,"twitch.tv/dr_distorto

youtube.com/@spacebeerdotnet"
2026-09-22T17:02:02.560Z,u05,p2162,"STREAM TIME! 🤡😺

Tier List Tuesday is back once again! Starting template is ADULT CARTOONS!

Hop in! Links below or in the picture"
2026-09-22T16:07:27.692Z,u05,p2161,Gonna stream soon! Gimme tier list ideas
2026-09-22T15:25:59.163Z,u05,p2160,krabspill from nick block party (2011)
2026-09-22T14:03:17.618Z,u05,p2159,cool i guess
2026-09-22T10:48:55.692Z,u05,p2158,the song going around with him in it is but wawario himself is just a good ol photoshop
2026-09-22T03:34:56.170Z,u05,p2157,"this resonates with me a lot because yeah the idea of using custom brushes to ""cheat"" is silly but also yeah i would definitely think that too. shit is wild"
2026-09-22T03:31:56.663Z,u05,p2156,yootoobers ive been watchin recently
2026-09-22T03:10:02.180Z,u05,p2155,average guy from new jersey
2026-09-22T01:20:06.179Z,u05,p2154,AI effectively murdered a very specific but wonderful genre of art: Bootleg Merch
2026-09-21T23:37:40.221Z,u05,p2153,i think this should count towards the approval rating
2026-09-21T23:35:47.998Z,u05,p2152,Listen all im saying is if you're gonna critique every joke Goose makes about her past then I have some TERRIBLE news for you about Arin Hanson 💀💀💀
2026-09-21T23:33:37.395Z,u05,p2151,"well, ""mildly"" edgy is subjective, im white so i have no horse on whether or not that shits okay

but even when this discourse was pipin hot n ready there were so many people dismissing it as a nothingburger and that shes obviously a different person now so like"
2026-09-21T23:29:38.790Z,u05,p2150,matpat in the senate
2026-09-21T23:28:50.356Z,u05,p2149,the internet when half of the newgrounds alumni used to be buddy buddy with shadman vs the internet when goose said something mildly edgy over 10 years ago
2026-09-21T23:22:23.443Z,u05,p2148,feels like america is being written by a middle schooler at the moment and people are arguing over an iced coffee hypothetical. i think i need therapy
2026-09-21T23:20:06.984Z,u05,p2147,"""everyone is 12 now"" is correct, but ive also introduced the sequel, ""God is 13""

the paul brothers got a tour of the pentagon. matpat is in the senate. cartoon network and nickelodeon are under the same company."
2026-09-21T23:13:55.881Z,u05,p2146,i was Joking i have submitted several rips throughout my lifespan. thanks though
2026-09-21T23:08:30.798Z,u05,p2145,it happened again
2026-09-21T22:38:25.190Z,u05,p2144,"music is a very diverse landscape and obviously there will be soundalikes everywhere unintentionally 

but then there's also Koji Kondo just straight up ripping a baseline from a different song to make the SMB1 underground theme 
youtu.be/ZX5ef_KAZlY"
2026-09-21T22:35:10.450Z,u05,p2143,"gen 4 video games and their tendency to barely skate past copyright is so funny. 

""shit we cant use that title screen song, it sounds too much like that kraftwerk song. lets just do it anyway later in the game though"" LOL"
2026-09-21T20:45:09.128Z,u05,p2142,I just find it weird how they're personally going after the series creator in a subreddit dedicating to critiquing the series itself. Like she's not doing anything morally reprehensible here shes just self-reflecting. Nobody thought that was a little odd?
2026-09-21T20:16:51.175Z,u05,p2141,or hell just a woman in general. people were particularly nasty to kiana mai a few weeks back about IDWBAMG
2026-09-21T20:13:44.504Z,u05,p2140,"listen i know ur gonna exhale loudly when i say this but it bears repeating:

""SHE WOULD NOT BE HELD TO THIS MUCH SCRUTINY IF SHE WASN'T A TRANS WOMAN!"""
2026-09-21T18:42:43.773Z,u05,p2139,"hard to really express how i feel about this except existential dread

the animation industry was already a burning garbage can for most of the forseeable landscape and now its gonna get Way Worse!!! Lol!!!!!"
2026-09-21T18:42:03.192Z,u05,p2138,well
2026-09-21T12:15:21.360Z,u05,p2137,
2026-09-21T11:30:28.486Z,u05,p2136,so nose
2026-09-21T10:33:26.906Z,u05,p2135,i am the money cat now. give me the winning numbers for today and you will be granted a life of riches
2026-09-21T07:10:49.693Z,u05,p2134,Im sorry dear :(
2026-09-21T06:59:14.842Z,u05,p2133,Im fine i just get introspective at night
2026-09-21T06:53:37.539Z,u05,p2132,And here I thought I could draw for a living. What a moron I was huh
2026-09-21T06:37:56.645Z,u05,p2131,well if it was the japan/europe bios itd be the mega cd bios #larp
2026-09-21T06:37:33.959Z,u05,p2130,do u think heaven just looks like the sega cd bios? sonic included. maybe it looks like the US one. who knows
2026-09-21T06:26:40.233Z,u05,p2129,"yup! i know echelon because im pretty sure 90% of my dad's dreamcast collection was pirated, so i got greeted by Casimir from a french kids show whenever we booted up south park rally"
2026-09-21T06:08:12.354Z,u05,p2128,"I mean there is something to say that the entire film is about the Candy Kingdom picking a new queen and they end up picking the pale skinned, blonde haired blue eyed cookie but this film is older than my poppop so"
2026-09-21T06:01:52.870Z,u05,p2127,30s cartoons and their amazing ability to insert Wildly Racist shit into a perfectly good cartoon
2026-09-21T06:00:38.080Z,u05,p2126,This film is so pleasant and fun just please ignore Miss Coconut and Miss Licorice
2026-09-21T04:40:44.224Z,u05,p2125,blob
2026-09-21T03:52:04.343Z,u05,p2124,"I LOVE stuff like this that uses instruments/samples as replacements for dialogue, I've done it myself a few times"
2026-09-21T03:28:33.916Z,u05,p2123,It's also very Americanized to a fault but that might be a little too woke lol
2026-09-21T03:27:09.916Z,u05,p2122,"I think the generational gap has some merits but is largely a mostly pointless indicator. My uncle, who is probably in his 60s at this point, honestly thought I was a millennial 💀"
2026-09-21T03:10:45.813Z,u05,p2121,
2026-09-21T03:05:21.410Z,u05,p2120,more eggposting doodles
2026-09-21T02:35:15.079Z,u05,p2119,This one’s 100% an AOSTH robotnik quote
2026-09-21T02:33:30.501Z,u05,p2118,Something something “the looney tunes are a family” vs “they hate each other” idk lol
2026-09-21T02:32:55.365Z,u05,p2117,Hey if ur just gonna reinvent cable can u also reinvent the animation industry having Job Opportunities too
2026-09-21T01:33:48.833Z,u05,p2116,
2026-09-21T01:30:42.385Z,u05,p2115,"We don’t talk about Joe, much less his first name"
2026-09-21T01:27:42.315Z,u05,p2114,Actually this one I agree with. Classic Espio has a lot of 90s flair that Modern Espio doesn’t
2026-09-21T00:38:56.819Z,u05,p2113,It also had a bunch of Doom hacks for some reason including Simpsons Doom lmao
2026-09-21T00:36:20.792Z,u05,p2112,"Confettie Lore time!

So basically my dad had (still has) this Dreamcast disc that just had a massively hacked up version of Sega Smash Pack on it with its emulator (believe it’s called the Lemec Loader?)

I played most of my first games ever this way. Sonic 1, Wily Wars…Altered Beast lol"
2026-09-21T00:33:40.830Z,u05,p2111,"Technically speaking, this 

(Just Sonic 1 tho mostly lol)"
2026-09-21T00:27:39.707Z,u05,p2110,She’s pretty rowdy but she’s not even a year old. She’s apparently a Great Pyrenees/bloodhound mix
2026-09-21T00:26:51.032Z,u05,p2109,"The Beast….

(Aka Tipzi)"
2026-09-21T00:22:52.119Z,u05,p2108,Just keep touching grass
2026-09-21T00:19:49.017Z,u05,p2107,I am glad the looney tunes are relevant to the current gen again I just think it’s funny that it resulted in Wilerunner shipping flame wars
2026-09-21T00:11:29.463Z,u05,p2106,Who could forget iconic Simpsons mainstay Jub-Jub
2026-09-21T00:09:08.433Z,u05,p2105,It’s kind of implied but not outright stated by anyone other than Homer or Bart
2026-09-21T00:08:10.386Z,u05,p2104,Two women living in a shared apartment with their weird pet just sounds like the average tgirl experience so maybe I’m just numb to it lol
2026-09-21T00:01:04.018Z,u05,p2103,Maybe beauty standards have just dramatically changed but I don’t think Selma and Patty were ever that ugly to me. Maybe that was the joke though
2026-09-20T03:23:59.573Z,u05,p2102,"Oh it was excellent, but im mad i didnt use that energy from the breakfast to do anything meaningful"
2026-09-20T02:48:37.647Z,u05,p2101,I did NOTHING today after breakfast God dammit
2026-09-20T00:20:03.857Z,u05,p2100,Not as often as I used to but sometimes
2026-09-20T00:19:25.341Z,u05,p2099,My mom showing me 2 3-minute videos on her phone back to back is like the ADHD equivalent of a dark souls boss
2026-09-19T22:39:10.711Z,u05,p2098,why do firefox-based browsers not tell me when they need to update and instead initiate the Fuck You Slow Everything Down Sequence until i alt+f4 and reopen
2026-09-19T10:43:56.723Z,u05,p2097,i quit after the ellisons had a share in it now and didnt see it as worth it to keep going on it
2026-09-19T10:43:09.360Z,u05,p2096,ive thought about resurrecting my tiktok but yknow maybe i Dont have to be everywhere actually
2026-09-19T10:35:20.250Z,u05,p2095,it was also .bin sometimes when i was a kid which sucked because it would open in something completely unrelated and sometimes the game didnt even fucking Work
2026-09-19T08:32:16.746Z,u05,p2094,Shaggy and Scooby-Doo Get a Clue
2026-09-19T06:45:06.285Z,u05,p2093,ok thats enough news for a millennium
2026-09-19T06:35:02.941Z,u05,p2092,the 2000s cartoon landscape was wild the villain of this show straight up does the salute in the Offspring knockoff theme song
2026-09-19T06:28:23.925Z,u05,p2091,"Interplay still exists and owns the IP, if you can believe it"
2026-09-19T01:20:08.532Z,u05,p2090,theres a long running joke me and @vibesys.bsky.social made up called the Krabspill where its just how many times you can spot this specific stock image of Mr. Krabs
2026-09-19T01:10:42.216Z,u05,p2089,There was a Krabspill in the supersponge manual THIS WHOLE TIME?!?!?!!? AND NOBODY TOLD ME?!
2026-09-18T23:23:23.245Z,u05,p2088,www.youtube.com/watch?v=ik4k...
2026-09-18T23:23:23.244Z,u05,p2087,This video singlehandedly changed my mind on Doug from a kinda mid early Nicktoon to one of the most television influential cartoons of all time. What the fuck.
2026-09-18T22:56:20.717Z,u05,p2086,"I know we dont rlly do hot takes here but lets spice things up a bit

Is there a character design from one of your favorite shows/games/etc that you don't really like?"
2026-09-18T21:50:27.707Z,u05,p2085,"sorry, 33rd* but still applies 🦘"
2026-09-18T21:49:46.035Z,u05,p2084,"happy anniversary to one of the most ""literally me"" characters ever"
2026-09-18T21:34:22.865Z,u05,p2083,clayfighter 4 (202never)
2026-09-18T21:12:58.704Z,u05,p2082,is sainte an option
2026-09-18T21:03:05.156Z,u05,p2081,the fursuit dilemma
2026-09-18T20:35:21.223Z,u05,p2080,Yes
2026-09-18T19:43:02.249Z,u05,p2079,Howdy Katie
2026-09-18T19:40:39.945Z,u05,p2078,If I don’t play ball with her outside after being upstairs for 2 minutes she just whines and gives me this look repeatedly until I submit
2026-09-18T09:20:39.653Z,u05,p2077,clayfighter 2
2026-09-18T04:49:44.408Z,u05,p2076,underrated aspect of this clip is how zim is so painfully short that he needs a high chair to enjoy the festivities
2026-09-18T04:43:22.700Z,u05,p2075,realized if i wanted to change sona species i dont have to make a whole new design anymore i can just do this
2026-09-18T04:16:58.763Z,u05,p2074,blue suede goo is apparently the worst character in the game which makes this infinitely funnier
2026-09-18T03:10:03.918Z,u05,p2073,hey watch the hair man
2026-09-17T22:01:26.398Z,u05,p2072,its a hilarious input too its hold punch then let go and press kick. i had to buffer punch the whole time santa was wailin on me to pull out the glock and even then i think its RNG if it has priority over santa's belly
2026-09-17T09:14:33.478Z,u05,p2071,might be the funniest game possible to have a parry
2026-09-17T03:35:02.945Z,u05,p2070,late happy bday to my friend @/renniultrafox.bsky.social !
2026-09-17T03:11:15.412Z,u05,p2069,ICE BASH 🗣️☃️
2026-09-17T02:03:29.020Z,u05,p2068,"what i think happened here is E.W. jim dp'd santa so hard here that he actually went out of bounds and accidentally caused a stage transition. since the game doesn't know where to put santa, it softlocks with jim hopping indefinitely"
2026-09-17T02:03:29.019Z,u05,p2067,oops
2026-09-17T01:20:33.425Z,u05,p2066,im so sad the actual game is kinda lackluster cuz they gave wario a full on anime theme song for this (the lyrics are japan only tho) LOOOOOL
2026-09-17T01:13:46.889Z,u05,p2065,ok that part is true tho
2026-09-16T22:45:51.310Z,u05,p2064,"if you see this, post your fav Nickelodeon character"
2026-09-16T09:56:14.282Z,u05,p2063,is now a bad time to mention that hi-five is an incomplete character
2026-09-16T09:40:24.286Z,u05,p2062,i forgot this game just straight up has parries LOL
2026-09-16T09:16:28.321Z,u05,p2061,"5am and instead of doing normal people things like ""Going to sleep"" im playing fucking clayfighter of all things"
2026-09-16T06:54:31.661Z,u05,p2060,I think i just played the worst game ive ever had the displeasure of playing for my next video. God help my soul
2026-09-15T23:18:56.020Z,u05,p2059,I had work then I had mandatory 5 hour nap
2026-09-15T08:27:12.101Z,u05,p2058,also this but i had known this already lol
2026-09-15T07:07:57.524Z,u05,p2057,both games are very real yes!
2026-09-15T06:29:19.576Z,u05,p2056,weird fact i learned tonight
2026-09-15T03:58:35.497Z,u05,p2055,Closed up shop for the night! Got a whopping 12 COMMISSIONS tonight! Thank you all so much for your support mwa mwa mwa!!! 🐱💚
2026-09-15T01:52:06.185Z,u05,p2054,feels like its been ages since ive drawn the king
2026-09-15T00:27:20.726Z,u05,p2053,ko-fi.com/c/c5d598482a
2026-09-15T00:27:20.725Z,u05,p2052,youtube.com/@spacebeerdotnet
2026-09-15T00:27:20.724Z,u05,p2051,twitch.tv/dr_distorto
2026-09-15T00:27:20.723Z,u05,p2050,"Trying to do some sketch commissions on stream for the first time! Head on in and request one if u want! 

Links to the stream as well as the link to the comm page below!"
2026-09-14T15:57:43.227Z,u05,p2049,I hate fake fashion pockets!!! Give me the real deal!! I need to put my makeup SOMEWHERE
2026-09-14T15:14:35.946Z,u05,p2048,
2026-09-14T15:14:28.378Z,u05,p2047,rivals of aether twt. i guess rivals of aether bsky too but its a lot more quiet here on that front
2026-09-14T03:54:03.252Z,u05,p2046,match of the millennium's team edit feature is awesome
2026-09-14T02:12:01.797Z,u05,p2045,"Past few weeks ive felt super busy but also, at the same time, not busy at all"
2026-09-14T01:29:39.132Z,u05,p2044,eric hatcher is one of my favorite guys on youtube
2026-09-14T00:41:49.883Z,u05,p2043,If only there was a Carl Wheezer cosplayer
2026-09-14T00:39:41.033Z,u05,p2042,"The answer every single time is either ""We got priced out of doing that"" or ""Covid happened""

Theres also the ""flock cameras everywhere and AI making surveillance tech nightmarishly easier"" but thats neither here nor there"
2026-09-14T00:32:47.594Z,u05,p2041,"can i stop getting posts on my feed that are just like ""Remember when we had all this cool shit and experiences??? why doesnt GEN Z have that?!"" and then keep contributing to the reasons we Don't Have that"
2026-09-13T19:40:15.891Z,u05,p2040,genuine question but why do trans ppl optics matter when 99% of the vitriol against us is from made up shit anyway
2026-09-13T07:53:42.768Z,u05,p2039,doomscrolling
2026-09-13T06:31:50.462Z,u05,p2038,interesting discoveries while i was playing piano tonight
2026-09-13T04:16:59.467Z,u05,p2037,
2026-09-13T03:00:31.880Z,u05,p2036,im still employed but there's little openings at my current job (i choose my own hours but theres barely any openings) and the past 3 jobs i was supposed to work cancelled on me. im running out of money by the week so i could use something more stable.
2026-09-13T02:57:43.734Z,u05,p2035,"this is desperate and will probably result in me getting publicly flayed but: do u guys have any connections that could land me a remote job?

i thought my degree would lead me to higher opportunities but even places where id just need to take pictures of cars arent calling back. idk what to do"
2026-09-12T23:39:47.091Z,u05,p2034,
2026-09-12T22:48:31.538Z,u05,p2033,
2026-09-12T21:43:32.263Z,u05,p2032,"""This oversized mothafucka is the FLEMISH GIANT RAAAAAAABBIIT!"" has been a vocal stim of mine for months now"
2026-09-12T21:39:42.584Z,u05,p2031,"""Rabbit"" is one of my favorite words. What a delightful name for an animal. Raaaaabbiiiiitt"
2026-09-12T10:51:39.354Z,u05,p2030,Oops! Slept for a total of 10 minutes again!
2026-09-12T07:57:36.936Z,u05,p2029,woah! this sounds like a sonic song lol /positive
2026-09-12T06:15:52.584Z,u05,p2028,I dont think genAI will be like skynet or whatever. I think it will be like if Spamton was Galactus. Levels of scamming not thought possible.
2026-09-12T01:19:14.228Z,u05,p2027,True
2026-09-12T01:14:29.983Z,u05,p2026,I’m sorry that’s not even Brawl Bowser. It’s some weird mutated version Astra shat out.
2026-09-12T01:11:48.608Z,u05,p2025,Honestly kind of perfectly representative of how creatively bankrupt AI projects like this are. Wasting some town’s water supply to make a worse version of Trouble in Terrorist Town with badly rigged Brawl models
2026-09-11T18:27:33.599Z,u05,p2024,"But like, for the non-rich pedophile, just 1 image of CSEM is the legal equivalent of an atom bomb. Imagine 1 million. On the same app. Jesus Christ"
2026-09-11T18:23:40.096Z,u05,p2023,"It upsets me greatly that Twitter has been turned into this. Honestly might just finally be time to post exclusively on YouTube, here and Twitch but the problem is im in like 3 communities that are the 2nd image"
2026-09-11T18:05:06.255Z,u05,p2022,"It’s mostly used against me by older people to dismiss me as an iPad zoomer but like, I was born in early 2003 I wasn’t THAT far off 😭 

Shit, are we gonna be the same to Gen Alpha and beta about Covid? I hope not"
2026-09-11T17:57:47.667Z,u05,p2021,U should put Goner Luigi in interdream just to fuck with people
2026-09-11T17:55:51.951Z,u05,p2020,As of right now I’m 23 lol. I’ve often been told I have an old soul
2026-09-11T17:54:27.400Z,u05,p2019,It’s an odd part of history to me because I’m still sympathetic to the lives lost that day but in my life all I’ve been able to witness is the effect it has had on American life and how “never forget” had somewhat of an insidious double meaning
2026-09-11T17:47:21.145Z,u05,p2018,I got nothing to really say about 9/11 this time except it happened. I was born 2 years after it happened (sorry if that makes you feel old) so the most I remember is learning about it in grade school and some of my high school pals focusing a bit too much on the muslim aspect
2026-09-11T16:36:33.056Z,u05,p2017,thanks bob :)
2026-09-11T04:56:30.194Z,u05,p2016,top 8 graphics and youtube thumbnails
2026-09-11T04:56:15.659Z,u05,p2015,definitely not entirely. its just theres a loud minority that makes being around certain areas of it difficult
2026-09-11T02:32:20.470Z,u05,p2014,Also Keegan Michael-Key’s Barney impression is frighteningly good lmao
2026-09-11T02:30:04.368Z,u05,p2013,"I’m not against goofy horror films (my mom is a huge troma fan) but the film felt kinda lost in the parody angle. Felt like it had bigger things to say but didn’t go all the way.

It was pretty decent tho, def some stuff I missed probably so it’s a good candidate for a rewatch"
2026-09-11T02:27:39.163Z,u05,p2012,Buddy himself wasn’t really as good of a horror villain as I was hoping. Good ideas with the abuse of the power dynamic adult figures have over children but he overall felt like a declawed Pennywise. The climax was honestly so stupid it was like watching a bad Stephen King film lol
2026-09-11T02:22:35.413Z,u05,p2011,I saw Buddy
2026-09-11T01:50:11.462Z,u05,p2010,starting with mega man 1 is roooooough lol and calling him bad for complaining about the fucking YELLOW DEVIL is crazy lol
2026-09-11T00:34:45.520Z,u05,p2009,it is okay to suck! i suck at all kinds of fighting games. doesnt mean i dont play em!
2026-09-11T00:28:50.138Z,u05,p2008,get that muppet AI slop out of my replies you eediot!
2026-09-11T00:24:37.487Z,u05,p2007,"- muppet show revival
- Everyone likes it, asks for a full show
- ""uhhh we cant do that we cant decide on a premise""
- ????"
2026-09-11T00:22:46.889Z,u05,p2006,heres a premise everyone can agree on: just do The Muppet Show again
2026-09-10T22:02:14.985Z,u05,p2005,I fixed it for next game thankfully but OBS was being a mythic pain in the ass about it
2026-09-10T22:02:14.984Z,u05,p2004,"- Records entire playthrough of game for next video
- Screen tearing everywhere"
2026-09-10T20:38:31.748Z,u05,p2003,saying this generally but i think there is a global fear to be a novice at something on social media than anything else
2026-09-10T13:44:52.679Z,u05,p2002,"this is earthbound 64, the cancelled original n64 version of mother 3"
2026-09-10T13:39:32.116Z,u05,p2001,hungry birds space
2026-09-10T10:59:25.100Z,u05,p2000,i mean hey itoi said the mother series is finished but he didnt say anything about remakes!
2026-09-10T10:49:57.378Z,u05,p1999,"lowkey if nintendo is going in the ""stylistic realistic remake"" direction during this era i have a really funny idea"
2026-09-10T10:40:45.460Z,u05,p1998,yeah i like french toast. i think u mightve skipped over one though...
2026-09-10T10:26:44.007Z,u05,p1997,unfortunately on the internet a lot of fgc ppl are mainly still on twitter and the older group tends to be really awful to you if ur not interested in seeing astra slop smash bros. which is unfortunate because the fgc has so much incredible creative talent
2026-09-10T08:58:54.760Z,u05,p1996,yeah i like waffles
2026-09-10T08:48:34.593Z,u05,p1995,"mainly the crowd in their 30s-40s, that shit hit them like cocaine"
2026-09-10T08:41:01.827Z,u05,p1994,being anti-AI and trans in the fighting game space feels like this sometimes
2026-09-10T08:17:44.640Z,u05,p1993,up at 4am again uuuuuuugh
2026-09-10T07:23:04.629Z,u05,p1992,this is rlly cool! can we have console themes back please
2026-09-10T02:28:46.409Z,u05,p1991,"SNK having infinite money glitch through Rather Unethical Means and then cashing it all out on collabs nobody wants is very disappointing but also very SNK

at least rick's here though"
2026-09-10T01:59:43.466Z,u05,p1990,at this rate theyre gonna add Jake Paul before we get another woman on the roster
2026-09-10T01:22:57.167Z,u05,p1989,pete feels like this friend discord meme that escaped containment and now he's gonna make the entire world pete's clubhouse
2026-09-10T01:15:42.626Z,u05,p1988,imagine if you're using a really cheap combo or strat in a fighting game and then a patch comes and they keep it in but it auto breaks after the first 5 inputs and then the game personally shits on you for it. oldhead MK was funny as shit LOL
2026-09-10T01:12:05.549Z,u05,p1987,"i think the funniest fighting game balance change ive ever seen is in the formerly-rare umk3 wavenet

rather than removing the base umk3 infinites by nerfing chars, instead they kept them in but added a cap to total moves in a combo. if u try to infinite still, the game makes fun of you, LOOOL"
2026-09-10T00:46:33.391Z,u05,p1986,"during the direct me and pals were talking about how professor layton is like the most consistently respectable video game ip and then we remembered the AI stuff and we were like ""awww""

and then like a second later i said ""counterpoint: moon child"""
2026-09-10T00:43:08.342Z,u05,p1985,the nefarious ganondorf dragmire on his way to ruin dressup time:
2026-09-10T00:07:40.111Z,u05,p1984,i shouldve proofread that one
2026-09-10T00:06:57.893Z,u05,p1983,samus's internal organs after years of curling into a ball for years on end and absorbing all kinds of parasites and aliens
2026-09-10T00:05:30.638Z,u05,p1982,there should be a game where a physician takes a look at samus's inner workings and just goes to the corner like this
2026-09-09T23:40:47.035Z,u05,p1981,It is my longest to date and my most triumphant but it is sisyphusian as well
2026-09-09T23:40:47.034Z,u05,p1980,"This video im working on is definitely most agonizing to make yet and its probably not for the reasons you'd expect

Itll make sense when it comes out"
2026-09-09T16:27:03.749Z,u05,p1979,direct aside its a pretty big scrimblo day!
2026-09-09T15:50:25.740Z,u05,p1978,"i dont think ive ever heard anyone pronounce pokemon correctly and thats honestly funny. not even me. everybody says ""pokeymon"" and then i get whiplash when the direct narrator says New Po kay mon Pokopia Update for the Nintendo Switch 2"
2026-09-09T15:10:22.497Z,u05,p1977,i did this last time too so hey might as well
2026-09-09T14:55:31.876Z,u05,p1976,this made me so happy LOL (loud!)
2026-09-09T14:30:41.287Z,u05,p1975,SAMUS IS FUCKING HUNGRY
2026-09-09T14:28:33.934Z,u05,p1974,"im glad that despite it all, matt is still here"
2026-09-09T14:14:49.011Z,u05,p1973,"i like how blunt koizumi was with pikmin 4 like ""here it is"""
2026-09-09T14:11:50.788Z,u05,p1972,cant wait to learn the eshmel matchup
2026-09-09T14:08:34.025Z,u05,p1971,THE SEX UPDATE
2026-09-09T14:02:40.727Z,u05,p1970,My wife is in charge of direct time so we always watch the babble rabbit mirror stream instead
2026-09-09T12:39:19.476Z,u05,p1969,"""progressive alf"" definitely seems like a surreal shitpost"
2026-09-09T12:31:30.975Z,u05,p1968,lmao lets go scy
2026-09-09T12:30:02.626Z,u05,p1967,kitty gang!
2026-09-09T12:25:19.312Z,u05,p1966,Lowkey?? I can see it
2026-09-09T12:24:08.125Z,u05,p1965,its kinda like playing possum but ur playing bottom
2026-09-09T12:13:29.581Z,u05,p1964,"Entirely possible, Nintendo directs and farm sims are an infamous pair lol"
2026-09-09T12:09:06.794Z,u05,p1963,Correct
2026-09-09T12:05:46.228Z,u05,p1962,im a cat but lowkey what breed do u think i am
2026-09-09T11:56:02.456Z,u05,p1961,from diary of jane to diarrhea lane
2026-09-09T11:21:19.729Z,u05,p1960,"wrong timeline silly, toon link is wind waker/phantom hourglass/etc but i knew what u meant lol"
2026-09-09T11:14:36.622Z,u05,p1959,yes ocarina of time SHOULD look like an 80s fantasy movie thats why the remake looks so cool. everyone looking like theyre covered in olive oil is part of the style
2026-09-09T11:12:19.472Z,u05,p1958,FINALLY SOMEONE WHO GETS IT
2026-09-09T11:11:30.661Z,u05,p1957,"update: FOP confirmed, theres like 16 pixels worth of crimson chin here"
2026-09-09T11:08:00.074Z,u05,p1956,"like regardless of if this is true or ol' jacob is gonna release his new AI competitor in 3 days, the truth to me remains: AI just seems to be the ganondorf to late stage capitalism's ganon ngl"
2026-09-09T10:56:20.908Z,u05,p1955,"i saw this in tandem with a post from an ex-anthropic guy saying that he left cuz the AI is getting too scary and the suits dont care 

regardless of how true that is why are these guys allowed to play god with their little hacker toys to begin with"
2026-09-09T08:45:18.184Z,u05,p1954,Very awesome
2026-09-09T04:14:27.058Z,u05,p1953,My thoughts rn
2026-09-09T03:43:10.878Z,u05,p1952,www.exophase.com/game/3960570... Achievements got leaked
2026-09-09T03:39:46.585Z,u05,p1951,New nickelodeon game got leaked but apparently its a life sim lol
2026-09-09T02:09:47.115Z,u05,p1950,they were last seen defending pacistan
2026-09-09T02:05:30.270Z,u05,p1949,Nago (Kirby)
2026-09-09T00:38:03.669Z,u05,p1948,i think this is my favorite hanna-barbera moment
2026-09-09T00:20:30.019Z,u05,p1947,something something oot remake something something millennials
2026-09-09T00:05:07.619Z,u05,p1946,let the man enjoy his eternal slumber in microsoft purgatory he got into smash bros a couple years ago
2026-09-09T00:04:21.501Z,u05,p1945,i wake up every day to a new flavor of banjo-kazooie slander i didnt even think was possible
2026-09-09T00:03:41.586Z,u05,p1944,
2026-09-08T23:38:03.311Z,u05,p1943,added a few more
2026-09-08T23:29:40.840Z,u05,p1942,unholy combinations part ?? of ??
2026-09-08T23:23:11.517Z,u05,p1941,
2026-09-08T23:11:26.044Z,u05,p1940,
2026-09-08T22:48:27.570Z,u05,p1939,
2026-09-08T22:27:21.619Z,u05,p1938,adding to the collection of art that makes me cry
2026-09-08T22:20:54.519Z,u05,p1937,thats. not what i meant 😭
2026-09-08T22:18:16.569Z,u05,p1936,im so sorry
2026-09-08T21:19:55.949Z,u05,p1935,i wanna make a kinlist but itd be the weirdest looking kinlist of all time ngl
2026-09-08T20:36:15.605Z,u05,p1934,i think this is one of the things crash 4 (IAT) really did right. n tropy is still locked in cuz he only failed once but cortex is on strike 4 so hes still super checked out LOL
2026-09-08T20:32:31.821Z,u05,p1933,"cortex is hilarious cuz he has a relatively more realistic way of going about things than his peers by the end of the original trilogy

like bowser and eggman arent gonna quit no matter what but if u spent a fortune to trick ur illegitimate son and it didnt work i would also be checked out by warped"
2026-09-08T19:53:55.022Z,u05,p1932,it’s a mindset completely rotted by efficiency because to them taking the time to learn a skill like Art or Game Design is a waste of human capital but also a wholly inaccessible skill nobody can learn without their little robot
2026-09-08T19:51:10.264Z,u05,p1931,AI assisted software dev
2026-09-08T19:50:48.804Z,u05,p1930,more thought went into captain falcon’s up air than a lot of these guys’ entire projects do
2026-09-08T19:48:30.108Z,u05,p1929,“We made a smash bros knockoff for $10! We made Mario kart 64 but you can generate any character you want into the game!” completely missing why these games are Fun or Good at all
2026-09-08T19:47:37.549Z,u05,p1928,can I mention that I cannot stand the way vibecoding game developers talk about video games
2026-09-08T19:05:44.902Z,u05,p1927,this company's trying to kill me
2026-09-08T10:05:41.138Z,u05,p1926,this is like weed eater tier
2026-09-08T09:48:09.416Z,u05,p1925,prior to tonight i had only known him as that cat from the game siIvagunner uses as an excuse to make the penis (eek!) rips
2026-09-08T09:45:32.550Z,u05,p1924,this guy is like someone went back in time to make fun of me. i love him. stupid chud
2026-09-08T06:46:52.156Z,u05,p1923,if ur part of siIvagunner u can use this one idc lol
2026-09-08T05:47:01.682Z,u05,p1922,"I tried but every time i export the art, the layer I drew buddy on is invisible"
2026-09-08T05:26:12.417Z,u05,p1921,flattered! unfort i think im the only one up here rn. i say we a lot because im spiritually a show host i guess
2026-09-08T04:34:47.777Z,u05,p1920,"kind of tired of the ""its just a prank bro"" shtick. genuineness is in high demand. AI and its deception dont help matters"
2026-09-08T04:33:07.679Z,u05,p1919,its said a bazillion times a day but i do long for a more sincere internet
2026-09-08T04:27:41.613Z,u05,p1918,well that is a kind of cat so we'll take it!
2026-09-08T03:16:23.891Z,u05,p1917,i havent played in a while #roa2 #rivals2
2026-09-08T03:04:04.623Z,u05,p1916,bomberman has some crazy hidden bangers btw
2026-09-08T02:54:06.535Z,u05,p1915,this is one of those niche things i had to make because if i didnt it would stay in my head and drive me crazy
2026-09-08T00:22:04.056Z,u05,p1914,"Crash game tier list from last night, almost forgot!

Guess it's appropriate given its the 30th anniversary in 2 days"
2026-09-07T23:43:52.641Z,u05,p1913,Why do so many brand accounts talk like this now? The sass gimmick stopped being funny like a month after Wendy's started doing it 10 years ago
2026-09-07T10:32:16.739Z,u05,p1912,"For a frame of reference of just how elephantine my next video is likely gonna be, I just surpassed the length of my CatDog video. That video was just shy of 12 minutes.

The video is around ~25% done."
2026-09-07T04:19:17.958Z,u05,p1911,Doing my last list of the night! BURGER TOPPINGS!
2026-09-07T01:49:50.321Z,u05,p1910,youtube.com/@spacebeerdotnet
2026-09-07T01:49:50.320Z,u05,p1909,twitch.tv/dr_distorto
2026-09-07T01:49:50.319Z,u05,p1908,"Live from the Circus Tent...it's Late Night with confettie!

As voted on a poll, we're doing Tier List...Sunday tonight!

Links below as usual...or click on my icon!"
2026-09-06T04:46:56.668Z,u05,p1907,Have you greenlit it?
2026-09-06T04:40:38.417Z,u05,p1906,This could of course just be bias though because this song will probably haunt my dreams until I'm in my 90s. What being an all-in-one editing and content making machine does to a girl
2026-09-06T04:40:38.416Z,u05,p1905,My biggest hot take of the night is that NASB 2 has the best theme tune of the non-Smash platfighters. I think this is honestly up there with Lifelight lol
2026-09-06T04:29:56.960Z,u05,p1904,"Consider: Mother was bestowed a chicken. But, perhaps also consider, in the nature of the universe's most odd sense of humor, Mother was also in possession of a Cow."
2026-09-06T04:16:02.351Z,u05,p1903,yea
2026-09-06T03:32:56.162Z,u05,p1902,Reupload cuz i didnt actually upload my review (oopsie)
2026-09-06T03:32:56.161Z,u05,p1901,"Kind of unfortunate that I had to learn about this game in the worst way possible (Tim Curry's passing :( ), but it was a nice little experience! backloggd.com/u/spacebeer/..."
2026-09-06T03:20:25.226Z,u05,p1900,i think i still have The Millionaire Eviscerator somewhere in my bag of cables
2026-09-06T02:45:57.453Z,u05,p1899,i love hjonk so much LOL
2026-09-06T02:04:15.069Z,u05,p1898,Another recent one. Been meaning to review this game for a while. backloggd.com/u/spacebeer/...
2026-09-06T02:02:52.751Z,u05,p1897,Been writing on backloggd again. Will be posting some of my more recent reviews. backloggd.com/u/spacebeer/...
2026-09-06T00:14:00.199Z,u05,p1896,Meow
2026-09-06T00:07:25.668Z,u05,p1895,"maybe, but ur always the best no matter what universe we're in"
2026-09-05T23:36:52.253Z,u05,p1894,"Doing personality tests now, we'll continue this tomorrow but catch stream before it ends!

twitch.tv/dr_distorto"
2026-09-05T23:27:51.699Z,u05,p1893,alt universe where im rlly into goth fashion
2026-09-05T22:46:16.589Z,u05,p1892,it worked
2026-09-05T20:51:05.687Z,u05,p1891,youtube.com/@spacebeerdotnet
2026-09-05T20:51:05.686Z,u05,p1890,twitch.tv/dr_distorto
2026-09-05T20:51:05.685Z,u05,p1889,"Its stream time! 

Tonight I'll just be doodling some potential new dilles that either are one-time or, if ppl like them enough, maybe new designs?

Also will be answering (clean) questions!

Links to the stream are in the thread as usual!"
2026-09-05T20:00:33.993Z,u05,p1888,tits and ass
2026-09-05T19:42:24.958Z,u05,p1887,well we're all desensitized to ogre. as we should be. shrek is a respectable citizen
2026-09-05T19:40:57.261Z,u05,p1886,"we're the ""desensitized to gore"" generation but also, oddly enough, the ""gets really mad if theres T&A in a videogame"" generation"
2026-09-05T19:17:26.585Z,u05,p1885,as sad as it is that it keeps happening it does make me a little happier to see an AI slop post from a respectable person or group and all of the replies immediately shitting on it and getting mad. AI is losing the narrative hard.
2026-09-05T09:44:50.849Z,u05,p1884,
2026-09-05T09:22:36.619Z,u05,p1883,she is mind controlling me....
2026-09-05T03:38:23.042Z,u05,p1882,YAY!! Tysm!
2026-09-05T03:32:09.548Z,u05,p1881,"I would love to be normal and just stick to Doe or something but that feels like im in a cage. Thats why I'm adopting confettie as an alternate name but even then i feel like i cant just be This forever yknow? 

Maybe i will be bunny."
2026-09-05T03:25:50.030Z,u05,p1880,I entertain but honestly get kinda upset about all the sona jokes because my indecisiveness feels like a part of me I cant control. My personality is inherently very contradictory. Shy and reserved except when I'm not. High-energy but not always. Hard to pin down something to represent that.
2026-09-05T01:45:18.414Z,u05,p1879,I know this is a technical glitch but this is so funny whenever it happens. not the They/Them Warning 😭
2026-09-05T01:24:49.459Z,u05,p1878,what the helly? is the 1/2 a new thing?
2026-09-05T01:21:04.378Z,u05,p1877,"magic munch, but i think thats probably taken. prob from some weed seller"
2026-09-05T01:18:20.254Z,u05,p1876,fruity wheat. DEF with marshmallows. probably frosted
2026-09-05T01:16:35.562Z,u05,p1875,probably fruity. hurhurhur
2026-09-05T01:16:10.282Z,u05,p1874,probably one of the really gay looking ones. like the trix rabbit. that mf takes it up the butt
2026-09-05T00:37:22.752Z,u05,p1873,"in one of my nine lives, i was a cereal mascot"
2026-09-05T00:21:50.301Z,u05,p1872,"Cw / dysphoric shit

Im deeply considering getting laser done at some point in my life because the little stubble on my face isnt THAT noticeable but its noticeable enough to me to where it bothers me constantly. I just dont have the money for it rn"
2026-09-05T00:20:07.089Z,u05,p1871,"Maybe im just new to this but the foil shaver isnt working as well as id hoped. It does an okay job but i really gotta scrub to make sure it actually gets the thick stuff. Maybe doing a razor/shaver 1-2 punch would work better.

Anything to avoid burning myself with nair and looking like a radish"
2026-09-04T16:06:16.398Z,u05,p1870,Experimenting this season
2026-09-03T20:06:54.226Z,u05,p1869,"And for a brief moment, the world got a little better"
2026-09-03T07:42:00.383Z,u05,p1868,how venture bros looks when you didnt watch the show:
2026-09-03T04:36:29.390Z,u05,p1867,evil baby....D
2026-09-03T04:05:52.431Z,u05,p1866,"holy grail when i was younger, S"
2026-09-03T01:20:38.012Z,u05,p1865,i believe in club penguin dedede supremacy (eaglebeak dedede is still very adorable tho)
2026-09-03T01:20:01.857Z,u05,p1864,dededesigns
2026-09-02T23:41:12.632Z,u05,p1863,"""Gross miserable guy"" and u literally look like this"
2026-09-02T22:56:19.772Z,u05,p1862,"Hey, I'll take any win against genAI. Plus, moratoriums can always be extended :)"
2026-09-02T21:51:54.507Z,u05,p1861,"Girlfriend says cat
Sister says dog
Bsky is leaning towards cat
Twitter is leaning towards dog

Diagnosis?"
2026-09-02T21:10:29.993Z,u05,p1860,Probably Yuzu. The cycle will probably repeat when the inevitable Switch 2 crack happens
2026-09-02T21:09:32.395Z,u05,p1859,A bunch of my friends said the same thing when ch 5 came out lol
2026-09-02T21:06:40.311Z,u05,p1858,trying a goofy hack my friend sent me
2026-09-02T21:06:10.084Z,u05,p1857,"Do u see me more as a cat or a dog

Cat
Dog

View results"
2026-09-02T20:40:19.087Z,u05,p1856,news
2026-09-02T20:30:46.512Z,u05,p1855,"The amount of a chokehold ""cringe"" has on the average person's morals is staggering"
2026-09-02T20:27:17.166Z,u05,p1854,Yeah Xkeeper probably shouldnt have banned that 17 yr old but like if ur site was getting ddos'd constantly by guys who talk about AI in the same way an old white guy talks about women I wouldn't have that much patience too
2026-09-02T20:25:49.303Z,u05,p1853,"TCRF (video game unused content wiki) got DDOS'd a lot because they pissed off some Claude jerkoff. During all this some kid suggested making an offline copy to which the owner of the site argued with them and banned them over it. Ppl got mad at that, using it as excuse for 'phobia. Site's back up"
2026-09-02T20:23:20.564Z,u05,p1852,The TCRF attacks have made me realize that people would rather prefer Diarrhea code forever just so they dont have to deal with a singular crabby leftist
2026-09-02T20:18:51.549Z,u05,p1851,Fascinating data. Will take note of this.
2026-09-02T20:12:19.075Z,u05,p1850,My friend Cherry did lol. Its actually a pretty great little thing.
2026-09-02T19:47:50.042Z,u05,p1849,Many times in life where I can say Nintendo refuses to change for the modern world (positive) and also many times where I can say Nintendo refuses to change for the modern world (derogatory)
2026-09-02T19:47:00.555Z,u05,p1848,"Nintendo is like your grandma who keeps improving on the same recipe she's been using since she was in her 40s. 

Unless ur a Project M fan, which in that case she committed a hate crime against you years ago and you still haven't forgiven her"
2026-09-02T05:51:14.219Z,u05,p1847,trying to make it 1001 cereals
2026-09-02T05:14:25.384Z,u05,p1846,VERY curious
2026-09-02T05:10:22.772Z,u05,p1845,disgustang
2026-09-02T04:36:00.874Z,u05,p1844,late happy bappy
2026-09-02T03:13:43.967Z,u05,p1843,Hair removal cream. If u have it on for too long (or honestly any time at all) it can burn ur skin pretty bad if its sensitive
2026-09-02T02:40:36.654Z,u05,p1842,posting this picture too cuz i laughed my ass off at 3 in the morning making it
2026-09-02T02:28:27.611Z,u05,p1841,will def try to get one!!
2026-09-02T01:31:00.240Z,u05,p1840,Do u use both the foil shaver and hair cream or just the shaver?
2026-09-01T23:53:12.641Z,u05,p1839,youtu.be/evhE2QiR0ss
2026-09-01T23:53:12.640Z,u05,p1838,"🐱 NEW VIDEO! 🐶 

I feel for them. The catted Dog.

Link to the video in the thread! 🧵"
2026-09-01T23:26:31.207Z,u05,p1837,
2026-09-01T13:01:39.175Z,u05,p1836,i hate my dark body hair this shit sucks can we abolish american beauty standards so i can avoid burning myself with nair for another day or two
2026-09-01T12:31:14.930Z,u05,p1835,arent u played by jim carrey u absolutely did at one point
2026-09-01T12:25:08.995Z,u05,p1834,"it was honestly cuz i got bored and making short form video content was rlly boring but then oracle bought a share and i was like hellllll no

i gotta put the axe down and do the same to twitter at one point but i gotta make a habit out of not posting there until it slowly fades away"
2026-09-01T12:23:24.075Z,u05,p1833,i left tiktok last winter and honestly i dont think im missing out on anything
2026-09-01T12:16:49.018Z,u05,p1832,i saw an ai video of jack walten storming in with peppa pig to stop felix kranken from watching it and i felt like ren sitting on the bed contemplating how the internet got to this point
2026-09-01T12:15:27.291Z,u05,p1831,gal gadot stars in the AI bitcoin movie? what is it filmed in tel aviv too
2026-09-01T12:12:35.906Z,u05,p1830,"re: lesbian space princess or whatever

queer media can be subjectively bad but you can always kinda tell as a queer person when ppl are doin a little too much"
2026-09-01T11:07:19.994Z,u05,p1829,well i see nothing wrong with being surrounded by clowns
2026-09-01T10:08:37.917Z,u05,p1828,WE'RE NEW AND EXCITINGLY DIFFERENT UP IN HERE!
2026-09-01T09:28:41.650Z,u05,p1827,girl me too
2026-09-01T09:25:26.421Z,u05,p1826,"I wanted to finish my new video tonight but its already 5 in the morning. I gotta stop myself so i dont completely nuke my sleep schedule 

It'll probably be out late tomorrow or, if im speedrunning, around midday."
2026-09-01T03:41:37.232Z,u05,p1825,no context
2026-09-01T00:48:00.625Z,u05,p1824,What if Mike just punched everyone in the 1% do u think we could solve the housing crisis that way
2026-09-01T00:42:41.756Z,u05,p1823,"I wanna do an ama but im a little busy rn so ill check my alterspring later. Leave me a question if u wanna

alterspring.org/@spacebeer"
2026-09-01T00:40:22.442Z,u05,p1822,Hit so hard he emoted for the first time in his life
2026-08-31T22:32:16.960Z,u05,p1821,I await the day where your sona conspicuously gains a squirrel tail
2026-08-31T21:04:22.943Z,u05,p1820,"New video this week! Hopefully before Thursday 

Your hint is ""Nicktoon"". Very vague I know"
2026-08-31T18:59:26.093Z,u05,p1819,of course!!
2026-08-31T18:53:04.946Z,u05,p1818,I await the day where your sona conspicuously gains bunny ears
2026-08-31T04:37:44.906Z,u05,p1817,<3<3<3<3
2026-08-31T02:45:21.220Z,u05,p1816,coyote vs acme!
2026-09-23T08:47:13.358Z,u08,p3635,…and anti-Muslim bigot; being dead doesn’t make him a good guy
2026-09-23T02:45:22.297Z,u08,p3634,"""always good"". is it. really. interesting."
2026-09-23T02:08:53.077Z,u08,p3633,guaranteed vote winner
2026-09-22T22:51:46.444Z,u08,p3632,"Regrettably we have to say that of all the state/territory police forces we've dealt with on behalf of survivors, Victoria's is consistently the worst."
2026-09-22T05:57:27.764Z,u08,p3631,He isn't expecting different results. He just likes his new friends a lot.
2026-09-22T00:45:12.898Z,u08,p3630,"Gaslighting on the global stage, onya albo"
2026-09-20T22:54:22.745Z,u08,p3629,Exciting moment for TRIUMPHAL ARCH enthusiasts everywhere
2026-09-17T23:21:33.340Z,u08,p3628,"The thing about the Howard-era ministers is that they've never realised how much their own instinct for technocratic cruelty influenced the national attitude to migrants and refugees, leaving a lasting residue of nastiness."
2026-09-15T23:18:41.206Z,u08,p3627,"The perfection of Ed Sheeran as a metaphor: white, bland, inoffensive neutrality, protesting that ""I'm not complicit""..."
2026-09-15T22:55:03.860Z,u08,p3626,"Ed Sheeran explains that he has nothing to do with the Ed Sheeran tour that features Ed Sheeran playing Ed Sheeran songs, thereby restoring his reputation completely."
2026-09-15T06:09:03.570Z,u08,p3625,"Same person who says this: ""I've always advocated, we are Australians all together and should be all treated equally on a needs basis, not about race""

also said this: Indigenous Australians are ""the most primitive race on Earth""

Racists are always - always - hypocrites."
2026-09-15T00:26:58.392Z,u08,p3624,"The court also found that ""Senator Hanson has a tendency to make negative, derogatory, discriminating or hateful statements in relation to, about or against groups of people relevantly identified as persons of colour, migrants to Australia and Muslims, and to do so because of those characteristics."""
2026-09-14T22:58:17.390Z,u08,p3623,That's about as clear an articulation of the present problem as has been made by anyone.
2026-09-14T08:47:21.876Z,u08,p3622,Extraordinary coincidence that the nation’s leading racist keeps saying racist things
2026-09-14T08:33:26.543Z,u08,p3621,The AI industry is following the oldest entrepreneurial playbook of all: create the problem and offer its solution.
2026-09-14T05:51:22.216Z,u08,p3620,"Orwell, on fascism (1937):
""If you pretend that it is merely an aberration which will presently pass off of its own accord, you are dreaming a dream from which you will awake when somebody coshes you with a rubber truncheon."""
2026-09-14T04:32:10.918Z,u08,p3619,"AI companies: turns out AI might kill all of us
Governments: oh no what should we do
AI companies: for god's sake don't regulate us, we're the only ones who can stop it
Governments: ok"
2026-09-10T05:35:06.815Z,u08,p3618,"You'd have to go to the Qld Supreme Court and ask nicely. In 1998 it did not think the song was amusing at all:
""These were grossly offensive imputations...which were paraded as part of an apparently fairly mindless effort at cheap denigration."""
2026-09-09T06:26:19.611Z,u08,p3617,This is how you do it
2026-09-09T02:54:53.528Z,u08,p3616,"That old thought experiment, where you look at the people around you and ask yourself ""would they have been Nazis?"" - the answers are rapidly becoming clear."
2026-09-09T00:19:49.357Z,u08,p3615,The richest man in the world continually reminds everyone that he is a paranoid white supremacist racist. This is really quite a problem.
2026-09-07T06:43:21.539Z,u08,p3614,"What Pauline's sponsors hate more than anything else is poor people's money staying in poor people's hands, hence their tireless efforts to destroy the compulsory superannuation system."
2026-09-03T01:57:41.350Z,u08,p3613,Thunderbirds are go
2026-09-01T04:35:28.037Z,u08,p3612,"""Words have consequences."" - Pauline Hanson, presently asking the High Court to declare that the Constitution ensures words do not have consequences."
2026-08-31T07:24:53.300Z,u08,p3611,Three decades of the same grift
2026-08-31T05:57:40.638Z,u08,p3610,"Perfect illustration of why the ""antisemitic trope"" industry has been completely deligitimised by the actions of the State of Israel, such as the propagation of this video by its national security minister. We don't need to spell it out."
2026-08-31T03:26:36.401Z,u08,p3609,It is not at all concerning that the leader of our principal ally is posting AI-generated videos and claiming them to be real
2026-08-31T00:54:44.529Z,u08,p3608,"""We're with the United States - there's no question"".

Actually, Richard, there is a question, you've just decided to answer it for all of us."
2026-08-31T00:50:19.170Z,u08,p3607,"""Our search results are the best we know how to produce. They are unbiased and objective.""

- Google founders Larry Page and Sergey Brin, 2004"
2026-08-20T12:40:21.689Z,u08,p3606,"Remember that, while it was waiting for Israel to exonerate itself for killing an Australian aid worker, our government invited Israel’s head of state here for a propaganda tour."
2026-08-20T08:00:46.915Z,u08,p3605,"Being angry with this guy and the regime he represents is a waste of breath. They are acting in bad faith. The only question for the Australian government is whether it lets them get away with it, and the death of Zomi Frankcom have no consequence."
2026-08-20T00:30:28.820Z,u08,p3604,"The Israeli Defence Force killed Australian aid worker Zomi Frankcom, investigated itself and has now cleared itself. All eyes on the Australian government. This is a test."
2026-08-19T10:32:59.290Z,u08,p3603,"This journalist’s words:
“incident”
“stuff-up”
“mistake”
“situation”
“stupidity”"
2026-08-19T08:46:46.549Z,u08,p3602,"Since we wrote this:

- the players have apologised to ""everyone involved"" 
- the Australian has a headline ""'Exotic dancer' twist in Sydney Swans scandal""

It's not a scandal, it doesn't involve ""everyone"". It's an alleged rape. Of a woman. By men."
2026-08-18T00:25:51.613Z,u08,p3601,"In case anyone was in doubt as to what's really at stake here. ""Disappointed"" has been the club's response, about what exactly? Disappointed is not a normal reaction to rape. It is a normal reaction to seeing your premiership hopes recede because of an inconvenient turn of events."
2026-08-17T02:00:59.318Z,u08,p3600,It is not antisemitic to record that this is what the government of Israel says.
2026-08-14T06:13:31.196Z,u08,p3599,Almost half as many people voted for Count Binface as voted for Nigel Farage. There is reason for hope.
2026-08-13T06:25:54.205Z,u08,p3598,"Virtuous circle: government gives public money to Catholic Schools, which gives it to Liberal Party branch-stackers, who probably cheat on their tax returns, actually no that's not a circle at all."
2026-08-11T07:37:13.271Z,u08,p3597,melon diplomacy
2026-08-10T00:06:09.106Z,u08,p3596,least surprising development in a year of unsurprising developments
2026-08-06T22:52:56.746Z,u08,p3595,No wonder Pauline is sick and tired
2026-08-04T05:51:09.651Z,u08,p3594,"There is a reckoning coming in November, when everyone will have to stop pretending that Trump and the Republicans are really going to allow the mid-term elections to proceed and accept the result."
2026-08-04T02:43:57.815Z,u08,p3593,Thank goodness someone is thinking of the crocodiles
2026-08-02T22:57:08.789Z,u08,p3592,"Ancient race baiter beholds his legacy and mutters no, no, that's not how you keep'em down"
2026-07-28T07:10:31.288Z,u08,p3591,www.abc.net.au/news/2026-07...
2026-07-27T05:17:23.702Z,u08,p3590,We won
2026-07-23T01:01:03.575Z,u08,p3589,"Judgment in the appeal of Pauline Hanson v Mehreen Faruqi will be handed down by the Full Court of the Federal Court in Sydney on Monday 27 July, 2.05pm, livestreamed on the court's YouTube channel. This is Hanson's appeal against the finding that she breached s18C of the Racial Discrimination Act."
2026-07-20T11:20:53.617Z,u08,p3588,An anxious nation will spend the night fearing for Barnaby’s dog
2026-07-20T07:32:21.420Z,u08,p3587,You just know that sometime in the next few days Pauline is going to confuse mass deportation with masturbation and Barnaby will have to give an even more confusing explanation than usual.
2026-07-20T06:33:11.615Z,u08,p3586,Sometimes what's on the cover is what's in the book
2026-07-20T04:24:23.684Z,u08,p3585,Pauline Hanson's endorsement of the White Australia Policy is consistent with everything else she's ever said.
2026-07-19T02:11:59.655Z,u08,p3584,Email incoming from Jillian Segal demanding to know why The Guardian isn't running a companion piece on how nice it is to see Israel putting roofs over people's heads. For balance.
2026-07-17T06:18:12.174Z,u08,p3583,The new Sharknado sequel looks utterly terrifying
2026-07-13T11:01:10.984Z,u08,p3582,"In a world of Lindsey Grahams, be the Sam Neill"
2026-07-12T23:23:52.181Z,u08,p3581,"Lindsey Graham was an empty man, and his death leaves no hole to be filled. What a legacy from a life in politics."
2026-07-09T23:03:38.907Z,u08,p3580,"If a country behaves as Israel has done while proclaiming itself an ethnostate, it follows that the people of that ethnicity are going to cop a lot of the blowback. It’s not fair on them but it is a predictable consequence."
2026-07-09T22:36:41.645Z,u08,p3579,"Every institution that has adopted the IHRA definition of antisemitism will eventually recant, but will in the meantime do a lot of harm by its failure to recognise that it is acting as the agent of a foreign power."
2026-07-09T11:05:06.075Z,u08,p3578,"Under the Segal Protocols, the ABC will going forward report each day the number of Palestinians who Israel has not killed, tortured, sexually assaulted, starved, illegally detained, dispossessed or denied basic human rights."
2026-07-09T04:12:26.584Z,u08,p3577,You'd almost think Israel was doing something bad.
2026-07-09T04:09:52.050Z,u08,p3576,"""Independent"" is a word which does not mean what Jillian thinks it means."
2026-07-08T22:25:59.356Z,u08,p3575,Us on 7am talking about the good ol' Christian Brothers being Christian again
2026-07-08T01:06:29.611Z,u08,p3574,"Judgment in the case of Jayson Gillham v Melbourne Symphony Orchestra will be delivered this Friday at 9.30am by Justice Hill, and will be livestreamed on the Federal Court's YouTube channel."
2026-07-06T04:33:58.396Z,u08,p3573,"sorry, us or them?"
2026-07-05T23:16:30.178Z,u08,p3572,"Looking forward to the World Cup final featuring a US team with 13 players, refereed by Barron Trump"
2026-07-05T23:05:20.913Z,u08,p3571,"Albo's indecision over whether or not he wants to shag Kylie Minogue has introduced a new dimension to the public's perception of him: the ick factor. Usually, fatal."
2026-07-02T03:37:53.177Z,u08,p3570,The Press Gallery Midwinter Ball is up there with the CEO Sleepout for tone deafness
2026-07-01T05:35:56.088Z,u08,p3569,"It'd be difficult to overstate how significant a blow these developments in the US are to the power of the pro-Israel lobby, most especially in its stronghold of NY Democratic politics. Absolute sea change."
2026-06-30T01:12:33.030Z,u08,p3568,"""it [antisemitism] is a unique one [form of racism] that empowers all the others"", argues Hartcher, without explaining how or why it is unique. It's so illogical that it can only be treated as an article of faith, not opinion. Which is fine, but faith is not a proper basis for either law or policy."
2026-06-29T07:12:48.415Z,u08,p3567,Well done Angus
2026-06-29T03:40:26.393Z,u08,p3566,With a bonus jaw-dropping quote from the recent Gillham v MSO trial
2026-06-29T01:43:26.974Z,u08,p3565,"It may be that the sheer incoherence of Pauline's monoculture drivel has reminded some people that she's not their champion, she's just a racist who dogwhistles racism with every breath, and saying you're with her says that's who you are too."
2026-06-26T00:02:45.642Z,u08,p3564,The extraordinary thing about Community Strong Australia is that apparently nobody at any stage pointed out what CSA also commonly stands for.
2026-06-25T23:54:39.708Z,u08,p3563,"Pauline ""I would not sell my house to a Muslim"" Hanson pretending that she's in love with the Socceroos is rolled green'n'gold bullshit."
2026-06-25T01:33:38.731Z,u08,p3562,Pauline would have no comprehension of the humour of either of these comedians. Gunston would have reduced her to a flaming wreck.
2026-06-24T23:12:06.558Z,u08,p3561,Good to know that Nine draws the line somewhere to the north of actual cavorting with actual Nazis.
2026-06-24T06:41:36.426Z,u08,p3560,"The thing is, these people who go on endlessly about values are the people whose behaviour constantly reflects that they have terrible values."
2026-06-24T05:38:14.701Z,u08,p3559,"To interview Tommy Robinson is to interview a white supremacist, which is to validate white supremacism, which is one of the most racist things you can do, Karl. In saying which, we are giving you full credit for just being an idiot, not a racist yourself."
2026-06-22T09:30:24.373Z,u08,p3558,"Keir Starmer will be remembered by history for, sorry, will not be remembered by history"
2026-06-22T06:16:11.026Z,u08,p3557,Australian media somewhat hamstrung by having to analyse One Nation's surge without mentioning the racism that permeates this country's soul.
2026-06-21T23:53:46.715Z,u08,p3556,"The Strait of Hormuz is, as Donald announced, open, in every sense except for the ships being able to sail through it sense."
2026-06-18T02:01:56.093Z,u08,p3555,"Fact remains that Pauline Hanson is a racist with a decades-long history of racism, so if you support her you're supporting that. There's no escaping it."
2026-06-16T21:50:02.748Z,u08,p3554,"Having sat through a day of Pauline Hanson being cross-examined, our advice for the journos at the National Press Club is good luck."
2026-06-16T03:07:36.139Z,u08,p3553,"History will record, not kindly, that this was the world's first trillionaire"
2026-06-15T06:45:06.756Z,u08,p3552,Peace in our timeline
2026-06-14T22:58:38.174Z,u08,p3551,It's a miracle. Never before in history has someone closed something and then reopened it.
2026-06-14T22:41:21.472Z,u08,p3550,"The Socceroos demonstrate what a beautiful thing a truly multicultural world can be, and maybe that plants a small thought that difference isn't so bad, in the brains of some of those who fear it. It's the best we can hope for."
2026-06-11T07:00:04.624Z,u08,p3549,Political history can be viewed as a long chain of confidence tricks. Pauline is a pro at it.
2026-06-10T08:33:23.038Z,u08,p3548,"What happened in Belfast will happen here if our politicians and media continue treating racism as a spectator sport. The ""find out"" phase is not far off."
2026-06-09T23:53:59.949Z,u08,p3547,"What was ""problematic"" about Charlie Pickering's conduct wasn't that he called Grace's hiring ""problematic"" (he's entitled to express his self-exposing opinion) but that he gave an interview to a notorious far-right troll to whom no person of good faith would give the time of day."
2026-06-09T07:20:49.705Z,u08,p3546,"Angus Taylor's argument, that Labor's policies are driving Coalition voters to One Nation, is guaranteed to win them all back. He is legit a genius."
2026-06-04T08:52:37.586Z,u08,p3545,The One Nation candidate preselection process has begun early
2026-06-03T01:24:51.155Z,u08,p3544,"Grace Tame has recently been labelled both difficult and problematic, in both cases by powerful men with enormous platforms who are not at all threatened by her."
2026-05-29T07:14:05.165Z,u08,p3543,One feels that art will not fully imitate life until someone makes a post-apocalyptic movie in which the unkillable threat is not zombies but Tony Abbott.
2026-05-26T11:47:09.466Z,u08,p3542,"It’s quite funny running a court case these days, to observe that the punters watching on YouTube and posting their thoughts on Reddit are comprehending what’s going on far more acutely and accurately than most of the media"
2026-05-25T08:54:44.047Z,u08,p3541,This was necessary if the NACC is to have any hope of not being a running joke.
2026-05-20T23:15:16.672Z,u08,p3540,"It may be that the growing backlash against AI is a natural human instinct in the face of an existential threat, the threat not being the technology itself but the malignity of its promoters"
2026-05-19T21:17:22.827Z,u08,p3539,"The type of enterprise the tax system should reward is not the “make a startup, sell to private equity, then buy a yacht” type but the “build something that creates employment and shared prosperity long term” type. All this CGT whinging is just amorality being treated like it’s something good."
2026-05-15T04:22:38.344Z,u08,p3538,Now that's a vision of strength.
2026-05-15T02:03:49.540Z,u08,p3537,"Jayson Gillham v Melbourne Symphony Orchestra goes to hearing on Monday (for three weeks), livestreamed here:
www.youtube.com/watch?v=s5bq..."
2026-05-15T00:51:08.823Z,u08,p3536,"Kos Samaras has done the numbers: 4.5 to 5 million non-citizen residents in Australia, all of whom Angus Taylor has just declared unworthy parasites he's going to kick off the national teat. Suicide note."
2026-05-14T23:51:46.902Z,u08,p3535,Angus Taylor's budget reply speech ticked all the One Nation boxes and maybe that'll drag a few angry men back into the fold but that's about the extent of its ambition and possibility
2026-05-14T05:04:32.723Z,u08,p3534,"Two students at University of Sydney are under disciplinary investigation for distributing this flyer. The ""concerns"" include that the ""Handala"" image (the child figure) ""is considered by some to be associated with violence against Israeli citizens or a symbol against Jewish self-determination""."
2026-05-14T04:19:10.364Z,u08,p3533,"The screws just keep being tightened on our universities, formerly independent institutions of academic learning and research, now corporatised compromised degree factories that are managed, not led. This rubbish is just another nail in their coffins."
2026-05-14T02:01:27.161Z,u08,p3532,There really is no excuse for an MP to switch parties mid-term. The appropriate course is to resign and face the voters again at the next opportunity with their new colours.
2026-05-14T01:32:30.600Z,u08,p3531,"Don't know about you but we are so looking forward to Angus Taylor's budget reply speech tonight. As Jane Hume said, we're all going to be very pleasantly surprised by the new Liberal Party we've never seen before. Prepare your socks for being knocked off."
2026-05-13T06:54:02.809Z,u08,p3530,"From the Federal Court judgment in Faruqi v Hanson [2024] FCA 1264, referring to detailed evidence that Pauline Hanson has a tendency to be publicly racist. This didn't include her statements and actions protected by parliamentary privilege, eg ""we are in danger of being swamped by Asians/Muslims""."
2026-05-13T05:15:56.640Z,u08,p3529,"Always love the irony that it's always these people who are the ones demanding a discriminatory immigration policy based on the theory that ""there's no way to tell which is the good one"" (actual Pauline Hanson quote, about Muslims)."
2026-05-13T02:20:08.737Z,u08,p3528,"Policy-wise, the budget is good, not amazing. Politically it's brilliant, designed to bury the Coalition altogether and will most likely succeed at that. It will also help expose One Nation's ridiculousness and wedge the Greens into supporting it. So, full marks for tactical cleverness."
2026-05-12T23:23:49.980Z,u08,p3527,"Federal budget funding for antisemitism: $604m.
Federal budget funding for every other racism: $0m."
2026-05-12T23:22:37.902Z,u08,p3526,Our closest security ally with whom we have shared values
2026-05-12T22:43:41.561Z,u08,p3525,Rupert's campaign against this budget will resonate extremely well with voters at the upcoming 1950 federal election
2026-05-12T04:24:35.240Z,u08,p3524,"The late Pet Murphy MP's gambling harm report ""You win some, you lose more"" was released on 28 June 2023. The Albanese government's response to her report was released today, 1,049 days later. It was timed to hit during the Budget lock-up, when nobody is paying attention."
2026-05-11T04:40:59.632Z,u08,p3523,There really isn't sufficient attention being paid to the fact that the person bankrolling Pauline Hanson - Gina Rinehart - is a fanatical Trump supporter.
2026-05-10T23:54:42.215Z,u08,p3522,What the Liberal Party should do now is continue sending Jane Hume out to do the interviews because that's worked extremely well for the past five years.
2026-05-10T23:16:45.843Z,u08,p3521,Farrer was the last defensive bastion for the Liberal Party in its delusion of continuing relevance. It is now naked.
2026-05-08T05:47:26.901Z,u08,p3520,"They may take Julie Bishop's job, but they'll never take her $800,000 office located 3,092km from where her job was. We'll never see her like again."
2026-05-07T22:07:32.043Z,u08,p3519,"The Liberal Party should have thrived with the benefit of successive waves of aspirational, socially conservative immigrants who would be its natural supporters, but it hasn’t for one simple reason: it doesn’t like people who aren’t white and it can’t hide it."
2026-05-07T01:35:07.808Z,u08,p3518,"It's never far from the surface with Tony, that itch he has"
2026-05-06T08:56:26.075Z,u08,p3517,We love Khaled and are proud to represent him
2026-05-06T06:01:24.352Z,u08,p3516,"God yes do it, it's only fitting that Tony is the guy in charge when the receivers turn up to repossess the furniture."
2026-05-04T22:52:51.251Z,u08,p3515,Newflash: royal commission exposes shocking truth that Jews also encounter racism in otherwise racist country.
2026-05-04T22:48:34.519Z,u08,p3514,"Just the sheer gaucheness of the Oval Office after all his defacement, yuck"
2026-05-01T05:36:31.723Z,u08,p3513,"The actual solution to the FOI problem is for governments to make efficient use of technology by making all their records public access online (with the most limited appropriate limitations) on an ongoing basis, then they'll no longer have to waste resources handling FOI applications."
2026-04-30T23:18:13.551Z,u08,p3512,"Presumably by ""Islamic nations"" Henry means pre-industrial states that had majority Muslim populations, but no need to split hairs when you're such a sensitive humanist as he is."
2026-04-29T23:13:08.728Z,u08,p3511,Will never be able to look at Credlin again without imagining her little voice plaintively booing on the inside
2026-04-29T04:23:14.453Z,u08,p3510,"Albo's increasing use of winking language like ""difficult"" and ""populist"" is simply him dog whistling to institutional power that he is in the tent and will be staying there, so the power need not fear his government."
2026-04-29T03:03:59.625Z,u08,p3509,The gaslight on the hill.
2026-04-28T00:15:04.764Z,u08,p3508,"Guns don't kill people, insufficient ballrooms kill people."
2026-04-26T06:54:10.653Z,u08,p3507,"Playing hard for the “I’m not racist, but” part of the One Nation vote, which is the larger part."
2026-04-25T08:02:19.996Z,u08,p3506,How good is social cohesion
2026-04-25T04:38:21.152Z,u08,p3505,Booing the Welcome to Country at an Anzac Day ceremony is the same racism that Pauline Hanson performs every time she turns her back on the Acknowledgment of Country in the Senate. It doesn’t require a lot of analysis; it’s as sophisticated as she is.
2026-04-25T01:42:19.285Z,u08,p3504,"It was set up to fail, and it did."
2026-04-24T12:46:21.972Z,u08,p3503,"Israel has killed at least 263 journalists since Oct 7 2023, while not targeting journalists at all. Quite the achievement."
2026-04-21T09:08:30.106Z,u08,p3502,This is how you do it
2026-04-21T08:43:35.902Z,u08,p3501,Not a word of this is true
2026-04-21T02:16:52.658Z,u08,p3500,Kash Patel lodges application to join club of Men Who Should Not Have Sued For Defamation
2026-04-17T05:56:57.079Z,u08,p3499,We’re minutes away from the first op-ed in the Oz to call the pope an antisemite
2026-04-17T02:28:47.695Z,u08,p3498,"""These politicians demonstrated that it is they who are incompatible with the system of representative and responsible government entrenched by the constitution. They should admit it, apologise, and do better, or join their stupid law in the bin."""
2026-04-17T00:43:12.292Z,u08,p3497,"As we'll be arguing in Crikey today, the real upshot of the NSW Court of Appeal's judgment yesterday invalidating those ridiculous anti-protest laws, it is Premier Chris Minns who is incompatible with democracy. He clearly doesn't understand his responsibility as a leader of elected government."
2026-04-16T06:24:06.106Z,u08,p3496,"We said this law was unconstitutional, and it was unconstitutional. Not because we're clever, you could spot the invalidity from Jupiter. Politicians make these ridiculous laws knowing they'll be struck down, as a measure of their own cowardice and lack of seriousness."
2026-04-14T01:30:19.247Z,u08,p3495,"Meanwhile, The Australian reports Taylor's racist bullshit as fact"
2026-04-13T22:56:16.167Z,u08,p3494,"Trading brown votes for white, a precise means of achieving potential short term gain for guaranteed long term oblivion.

But that's just the politics. Nobody who isn't racist could support this policy (you can pretend not to hear the dog whistle, but you hear the dog whistle)."
2026-04-13T22:46:23.824Z,u08,p3493,"Q: Did you post that picture of yourself depicted as Jesus Christ?

TRUMP: I did post it and I thought it was me as a doctor and had to do Red Cross. Only the fake news could come up with that one."
2026-04-13T03:44:43.686Z,u08,p3492,hate it when the pope is weak on crime
2026-04-12T23:33:46.856Z,u08,p3491,"The reason nobody admits to rape is that society draws such a strict binary: being guilty of rape is a life-destroying stigma, while non-guilt is equated with complete innocence (ie the victim is lying). The underlying problem is with the legal construction of rape, which promotes the binary."
2026-04-12T23:17:02.978Z,u08,p3490,"The lesson from the Hungarian election is that racism as a mode of government always has a shelf life, because all it can achieve is the conversion of fear into hate into violence, and violence is very tiring."
2026-04-12T23:12:20.066Z,u08,p3489,"Update: since Iran is refusing to stop blockading the Strait of Hormuz, Trump has announced that he too will now blockade the Strait of Hormuz, but bigger and better than Iran has been doing it. Nobody has ever seen a blockade like the one he's about to do, and the Mexicans are going to pay for it."
2026-04-12T23:09:53.308Z,u08,p3488,"The electors of Hungary turned out to have something in common with the electors of Warringah - a keen understanding that every opinion Tony Abbott has is, by definition, wrong."
2026-04-12T10:53:58.021Z,u08,p3487,Well for starters you wouldn’t send this idiot as your chief negotiator if you were serious
2026-04-11T07:07:03.282Z,u08,p3486,"Rapists NEVER admit they did it. Ever. That doesn’t prove anyone’s guilt; it just means denials are of zero evidentiary value. Think about it in probability terms: 95+% of rape complainants are telling the truth, but 100% of accused rapists deny it. Statistically, almost all of them must be lying."
2026-04-10T01:20:53.302Z,u08,p3485,"At some point the political wall of unquestioning support for Israel will start to break down in Australia as well. Israel's continuing actions render it untenable; fiction can only be sustained for so long. Labor will go first, but watch the teals too."
2026-04-10T01:00:06.618Z,u08,p3484,"The list of bipartisan policy catastrophes is long, including the NDIS, Robodebt, AUKUS, defence policy, generational inequality, housing, NACC, FOI, energy policy, Trump policy...

This is why the combined primary vote of Labor and Coalition is or will soon be below 50% and will keep falling."
2026-04-09T23:19:16.793Z,u08,p3483,"Melania reckons the good ship Donny is going down, and is throwing out boat hooks to catch her next ride"
2026-04-09T22:44:51.265Z,u08,p3482,or or or else
2026-04-09T07:44:54.305Z,u08,p3481,"The High Court has declined to help Bruce Lehrmann find his hat.

In legal terms, his appeals are now exhausted and you can still call him a rapist."
2026-04-09T07:42:35.906Z,u08,p3480,"And so it begins. Of course, you could help by not talking about the case, but that wouldn't fulfill your prophecy, would it."
2026-04-09T07:04:56.813Z,u08,p3479,Farcical.
2026-04-09T03:45:54.086Z,u08,p3478,"Meanwhile, we continue to defend dozens of people against career-threatening accusations of antisemitism because they are vocally opposed to Israel's actions. It is utterly insane."
2026-04-09T02:30:17.089Z,u08,p3477,The Adelaide Writers' Week debacle continues to entertain
2026-04-09T00:26:53.266Z,u08,p3476,"Iran's 10 points, which Trump said he'd accepted, included - literally - that the ceasefire included Lebanon. The US administration is a clown show."
2026-04-09T00:13:10.894Z,u08,p3475,It can't be good for Penny's health to be so constantly deeply concerned
2026-04-08T23:15:17.479Z,u08,p3474,There go the Irish and Latino votes
2026-04-08T23:12:42.700Z,u08,p3473,Like we said. No way is Israel going to give up on its plan to annex Southern Lebanon - conning Trump into starting a war against Iran was the cover for this far more important objective.
2026-04-08T07:57:54.962Z,u08,p3472,"The pre-conflict daily average number of ships through the Strait of Hormuz was 138. Passage used to be free, will now cost $2m each. Half goes to Iran, so that’s approx $50 billion per annum in new revenue. He did, in fact, make Iran great again."
2026-04-08T04:31:01.727Z,u08,p3471,Of course it doesn't; Lebanon was always the point of this exercise.
2026-04-08T04:17:57.068Z,u08,p3470,"The ""everyone else [has had enough]"" line is the only factually accurate thing he's said, ever."
2026-04-08T00:24:41.175Z,u08,p3469,"Iran keeps its regime and nuclear program, and gains control of the Strait of Hormuz. Conventionally, from a war you didn't start, you'd call that victory."
2026-04-07T23:00:19.540Z,u08,p3468,Iranians are like lol whatever
2026-04-07T12:24:06.259Z,u08,p3467,"For a man who undoubtedly knows no ancient history whatsoever, he is uncanny in his ability to reenact it. Today, Carthago delenda est."
2026-04-07T02:28:21.344Z,u08,p3466,Great that this case will finally be prosecuted. Our usual reminder that it's now sub judice and everyone should stfu about it and let the process do its thing.
2026-04-07T00:26:53.772Z,u08,p3465,"""sick country with demented leader"" - every statement is a projection"
2026-04-01T23:29:49.324Z,u08,p3464,"This was during a ""faith"" event with Christian leaders who'd just reaffirmed that Trump is the second coming"
2026-04-01T09:03:08.799Z,u08,p3463,"We were wrong, he wasn’t empathising, he was asking us to form an orderly queue at the checkout. Inspiring stuff, thanks Albo!"
2026-04-01T06:52:07.879Z,u08,p3462,Cannot wait to be empathised with by Albo over the price we're all paying for the illegal war which his mates Trump and Netanyahu started and which he was the first leader to publicly endorse.
2026-04-01T06:43:31.593Z,u08,p3461,"“We have determined that these were your common garden variety of Nazis, pretty docile bunch, not the more dangerous racist Nazis one might find, ooh I don’t know, wearing a watermelon earring for example”, said the chief inspector"
2026-03-30T23:51:00.307Z,u08,p3460,It is no longer appropriate to call Israel an apartheid state. South Africa apartheid didn't include this level of legally institutionalised racism.
2026-03-30T08:45:07.321Z,u08,p3459,We don’t agree with the argument that the Israeli ambassador should not be allowed to speak at the National Press Club. He should be asked extremely awkward questions about his government’s actions and his own past statements. He isn’t entitled to politeness.
2026-03-30T05:25:57.942Z,u08,p3458,"Just so you know, any time you post anything online that includes the phrase ""From the river to the sea"" or ""Globalise the intifada"", you may be committing a criminal offence in Queensland. There are ""reasonable excuse"" defences (ours is that we're doing this for a ""genuine legal purpose"")."
2026-03-30T02:06:45.303Z,u08,p3457,Calling him the opposition leader suggests something that is simply not true.
2026-03-30T01:59:32.468Z,u08,p3456,"In an extremely crowded field, this Queensland law is the worst human rights violation yet perpetrated by an Australian government in pursuit of Israel's state interests."
2026-03-29T23:42:45.263Z,u08,p3455,Jayson's case against the MSO goes to trial in May. We are representing him.
2026-03-26T21:53:09.639Z,u08,p3454,"Self-censorship is what we are increasingly seeing now among Australian institutions, a consequence of the relentless efforts of the pro-Israel lobby, Murdoch media and both major parties to silence any dissent to Israel's acts. In short - it's worked."
2026-03-26T21:46:20.119Z,u08,p3453,"The word ""biological"" has never been so misused as it is in these times www.thenewdaily.com.au/sport/olympi..."
2026-03-26T01:07:35.690Z,u08,p3452,Hard to see this as anything but an act consistent with our being at war with Iran
2026-03-25T23:13:42.721Z,u08,p3451,"The UN General Assembly has passed a resolution declaring transatlantic slavery a grave crime against humanity and calling for reparations (some 12.5m African people were taken as slaves). The US and Israel voted no; Australia abstained (among others including the EU countries, UK, Canada)."
2026-03-25T07:29:50.158Z,u08,p3450,Israel’s invasion of Lebanon has no legal justification.
2026-03-25T05:42:02.473Z,u08,p3449,If they had any decency they'd be sipping lattes
2026-03-25T05:01:34.385Z,u08,p3448,amazing actually
2026-03-24T22:23:20.002Z,u08,p3447,The thought experiment of what Pauline Hanson would do if she was ever in a position of actual power is one that should occupy about five seconds and two brain cells.
2026-03-24T07:24:59.698Z,u08,p3446,Strong probability the government is going to cave to AI on copyright and try to placate creators with a rubbish royalty scheme that’ll mostly line the pockets of mainstream media - again
2026-03-24T04:27:26.024Z,u08,p3445,Including these immortal words
2026-03-24T03:53:28.072Z,u08,p3444,"High Court confirms again, that asylum seekers are people"
2026-03-23T21:51:44.478Z,u08,p3443,"Meanwhile, in the bunker..."
2026-03-23T04:32:12.008Z,u08,p3442,"Predicted war outcomes:
1. Iran intact, regime intact
2. Russia enriched and empowered
3. Israel expanded to include southern third of Lebanon
4. Gulf states massively increase defence spending
5. US invades Cuba"
2026-03-23T02:24:26.233Z,u08,p3441,"Washington Post: “Israeli officials said securing the [Strait of Hormuz] for energy shipments could become the war’s main goal now that regime change and ending Iran’s ability to obtain a nuclear weapon seem out of reach.”

The war's main goal is to reverse the thing the war caused."
2026-03-23T01:03:39.646Z,u08,p3440,"It's funny that this isn't reported as ""racism"". Because that's what it is: racism."
2026-03-23T00:00:36.956Z,u08,p3439,"The US is currently winning the war by allowing Iran and Russia to sell their oil, earning money they will use to buy weapons to continue the war the US is winning. It's pretty clever, you have to admit."
2026-03-22T01:36:57.034Z,u08,p3438,It’s going well
2026-03-21T06:11:28.925Z,u08,p3437,"We talk media, law and the odd f bomb"
2026-03-20T06:24:17.770Z,u08,p3436,"The point isn’t One Nation’s non-existent due diligence, but the fact that it keeps attracting this kind of person as candidates"
2026-03-20T04:14:06.897Z,u08,p3435,"Saying that Muslims are booing you because they're terrorists outdoes calling a CSA survivor ""difficult"", in the insensitivity stakes."
2026-03-20T01:55:05.966Z,u08,p3434,"It is objectively extraordinary to see Israel literally invading Lebanon to permanently occupy it, with no complaint or even remark from the rest of the world. The pretext is as thin as Russia's for Ukraine."
2026-03-20T00:56:45.836Z,u08,p3433,mosque face
2026-03-19T22:29:42.869Z,u08,p3432,"Modern war, as random and silly as every old war"
2026-03-18T21:45:03.733Z,u08,p3431,but sure let's keep pretending he's not an idiot
2026-03-18T21:35:37.433Z,u08,p3430,Yes we burned our own house to ground but man you should see the rest of the neighbourhood
2026-03-18T04:23:25.579Z,u08,p3429,"our ally, with whom we have shared values"
2026-03-18T04:21:46.641Z,u08,p3428,Nothing says you are also fed up with the inequality of the world more than flying around on Gina's private jet
2026-03-18T02:00:40.769Z,u08,p3427,Kyle Sandilands makes the perfectly reasonable legal point that the radio station knew exactly what it was buying and is now claiming it could terminate him when his behaviour turned out to be every bit as foul as it had expected. Literally - he performed his contractual obligations to the letter.
2026-03-17T07:28:36.915Z,u08,p3426,"One thing for sure, you're not going to make any progress against racism if you think it's a virus. Racism is a manifestation of fear, built on a fundamental feature of the reptilian human brain: tribalism. It isn't caught; it's learned."
2026-03-17T06:29:51.541Z,u08,p3425,"Look if you don't understand why interest rates have to go up every time you've just been punched in the head by a massive increase to the cost of basic commodities, that's exactly why you need to be kicked in the kidneys by an interest rate rise. Sorry, we don't make the rules."
2026-03-15T10:38:37.627Z,u08,p3424,"Sometimes, what’s in the box is exactly what the packaging suggests is going to be in the box"
2026-03-12T22:51:38.132Z,u08,p3423,We are living in a ridiculous time
2026-03-12T22:27:03.612Z,u08,p3422,Perfect.
2026-03-11T06:42:18.075Z,u08,p3421,"Get this to the High Court asap, these laws are so unconstitutional it's embarrassing"
2026-03-11T03:18:19.832Z,u08,p3420,"Private briefing to senators by Trump admin confirmed that it had no war aims in Iran, no exit strategy and hadn't even thought about the Strait of Hormuz or economic impacts. It's almost like they're a bunch of moronic man-babies playing with fire."
2026-03-11T02:48:28.654Z,u08,p3419,The NACC has been an utter waste of public money. Its sole achievement so far is to further persuade everyone that consequence-free corruption and bastardry are fixed features of government in this country.
2026-03-11T01:19:20.649Z,u08,p3418,"Today marks the first time the term ""Ur So Gay"" has ever been written in a High Court judgment, in the landmark Katie Perry v Katy Perry trade marks case (Katie won)."
2026-03-10T23:24:33.908Z,u08,p3417,It will be historically significant that the Albanese government decided to spend its enormous political capital not on addressing systemic inequality but on mindless fealty to the demands of the United States and Israel. That is how it'll be remembered.
2026-03-10T21:52:49.639Z,u08,p3416,"Being ""quietly alarmed"" is what the moderate Liberals used to do all the time, right up until they all lost their seats. Grow a spine or don't bother."
2026-03-10T04:44:19.766Z,u08,p3415,poor little fella is plum tuckered out from all that thinkin'
2026-03-10T01:01:11.601Z,u08,p3414,Well this is perfectly coherent
2026-03-10T00:02:14.956Z,u08,p3413,"Wow, Iran stole a US missile and used it to blow up its own schoolkids. That's very bad behaviour."
2026-03-09T23:36:13.950Z,u08,p3412,"Australia is sending military assets to participate in the war, yay"
2026-03-09T07:00:41.020Z,u08,p3411,"ok so oil is doubling its price and we're about to run out of petrol because of that illegal war we're supporting, but Albo has avoided being called a pussy by Trump and that's worth any cost."
2026-03-09T01:30:35.911Z,u08,p3410,"Pretty clear measure of just how arrogantly self-assured the premier has become, that he happily drops this mid-conversation like it's business as usual"
2026-03-09T00:24:54.342Z,u08,p3409,Yes that is the US President wearing a campaign merchandise baseball cap to receive dead soldiers home.
2026-03-08T23:09:56.964Z,u08,p3408,World Safety and Peace do feel like they're very much within reach any minute now
2026-03-06T00:45:59.082Z,u08,p3407,Albo has clarified that the three Australians onboard the US submarine that torpedoed the Iranian ship were in the loo at the time which is a well-recognised defence under international law to the charge of waging aggressive war
2026-03-04T23:01:36.156Z,u08,p3406,"The government has unceremoniously dumped its ridiculous attempt to make FOI law even worse, which is not a good outcome because it'll now say oh well we tried and we're left with the hopelessly non-transparent status quo."
2026-03-04T05:01:21.619Z,u08,p3405,We’ll be in Victoria on 15 March dropping truth bombs!
2026-03-04T01:59:06.969Z,u08,p3404,"Well, something's very clear to everyone"
2026-03-04T01:25:27.033Z,u08,p3403,"Khamenei Senior is being replaced by Khamenei Junior, remarkable progress on the regime change front."
2026-03-03T22:12:57.878Z,u08,p3402,"To clarify, according to the latest from the President: the US did not attack Iran because it anticipated Iran would attack it because Israel was going to attack Iran. The US attacked Iran because it forced Israel to attack Iran because Iran was going to attack Israel after the US attacked Iran."
2026-03-03T07:09:16.771Z,u08,p3401,"On the plus side, our vote held up well in gated communities"
2026-03-03T07:07:30.978Z,u08,p3400,Tell it to the ICC mate
2026-03-03T02:25:21.178Z,u08,p3399,Contender for the least true assertion in human history
2026-03-03T02:10:12.750Z,u08,p3398,This of course also throws Albo's instant and pre-emptive support for the US attack into a different and sharp relief
2026-03-03T00:36:43.860Z,u08,p3397,oops he said the quiet part out loud - the US just went to war because it was manipulated into it by Netanyahu
2026-03-02T01:24:52.129Z,u08,p3396,"Fortunately, America does always know what's best for brown people, so much better than they think they know themselves"
2026-03-01T06:32:04.991Z,u08,p3395,"War, conducted by a toddler"
2026-03-01T04:19:20.864Z,u08,p3394,A cynic might ponder the skin colour of all the countries the US has been bombing back to the Stone Age since the 1950s
2026-03-01T02:40:55.215Z,u08,p3393,"Extra-judicial assassination has a long history of making things worse. Countries that use it as a policy externally are Russia, China, North Korea, Iran, the US and Israel."
2026-02-28T22:49:09.541Z,u08,p3392,"The good news is that this time, the US intervening militarily in the Middle East to impose “regime change” will not sow the seeds for yet another generation of West-hating Islamic fundamentalism that inevitably morphs into terrorism."
2026-02-28T22:37:02.230Z,u08,p3391,"Mission Accomplished, such a relief that it’s all done and dusted so soon"
2026-02-28T22:30:44.523Z,u08,p3390,"It’s an unusual way to fight Tories, admittedly"
2026-02-28T22:28:45.747Z,u08,p3389,"Albo is turning the temperature down by backing an illegal war against a sovereign state, ok, cool are we all feeling cool"
2026-02-28T06:03:52.095Z,u08,p3388,"Tony Abbott, 2013: “Jesus knew that there was a place for everything. And it is not necessarily everyone's place to come to Australia”

Albo, 2026: “I have nothing but contempt for these people [the Australians trapped in Syrian camps]”

Which one is worse?"
2026-02-28T01:45:11.499Z,u08,p3387,"What can happen to a centre left government party when it decides to follow the racists to the populist right, forgetting that it doesn’t have a mortgage on the left"
2026-02-26T21:34:00.610Z,u08,p3386,"This is completely untrue. He said ""if there was any misinterpretation, then I certainly apologise"", which is not an apology. He then went on to dissemble about what he had meant when he called her ""difficult"", and he offered no apology at all to Grace."
2026-02-26T03:04:12.557Z,u08,p3385,This is untrue and nobody's buying it. Scott Morrison-level gaslighting.
2026-02-25T23:51:48.363Z,u08,p3384,No. Dig up.
2026-02-25T23:20:24.248Z,u08,p3383,albo (verb): to become one of the tories you used to claim you liked fighting
2026-02-25T22:35:06.828Z,u08,p3382,"This is an unusual thing to do to your own people unless you're, like, North Korea"
2026-02-25T22:02:53.598Z,u08,p3381,"She’s Palestinian, you idiots"
2026-02-25T21:58:06.696Z,u08,p3380,It's impossible to take the government's talk of spending restraint seriously while it insists on handing tens of billions of dollars to the US for submarines we'll never see.
2026-02-25T09:07:14.783Z,u08,p3379,The PEOPLE’S choice
2026-02-25T07:08:09.831Z,u08,p3378,"""President"" - seriously.
And Angus Taylor got ""Leader"""
2026-02-25T06:59:11.971Z,u08,p3377,"Albo was asked to apply one word to various prominent people (Trump, Barnaby, Pauline etc). Grace Tame he labelled ""difficult"". Unconscious misogyny, which says quite a lot more than he apparently intended."
2026-02-24T21:57:12.084Z,u08,p3376,"Israeli opposition leader Yair Lapid:

“Zionism is based on the Bible. Our mandate over the land of Israel is biblical, [and] the biblical borders of the land of Israel are clear… Therefore, the borders are the borders of the Bible.”"
2026-02-24T21:43:10.796Z,u08,p3375,This was obvious all along and completely ignored by the media who are now expressing surprise.
2026-02-24T06:57:13.395Z,u08,p3374,The media has the memory capacity of a particularly gullible goldfish
2026-02-24T05:51:34.427Z,u08,p3373,"Going after Pocock is like kicking a puppy, albeit a puppy that could break you into small pieces if it wasn’t so adorably decent."
2026-02-24T05:19:20.585Z,u08,p3372,"Ergo, paedophiles, like witches, don't exist. The denial of their existence is a long-term project of institutional power structures, for all the reasons you suspect."
2026-02-24T03:30:01.866Z,u08,p3371,"""If Albanese cannot remake himself over coming months, he’s never going to."""
2026-02-24T02:55:12.189Z,u08,p3370,Unfashionable to say but the evidence consistently suggests that about a quarter of the population in white countries are unvarnished racists and another quarter are casually racist until circumstances cause them to feel less casual about it
2026-02-24T02:10:03.412Z,u08,p3369,"Frydenberg is a moderate Liberal, we're told"
2026-02-23T23:02:31.167Z,u08,p3368,It is truly demeaning to be writing to the UK government saying oh look if you want to remove the rapist from the royal line of succession we here in this far-flung corner of the realm will loyally toe that line.
2026-02-23T07:14:03.896Z,u08,p3367,"mmm, much for the minister to consider here, tricky choice"
2026-02-22T22:55:19.513Z,u08,p3366,"If Albo is right that children are obliged to lie in the bed that their mother made, why is he sleeping at the Lodge and not a public housing flat, while the children of the ""ISIS brides"" must remain in a refugee camp in Syria? Seems a little inconsistent, logically, just saying."
2026-02-19T08:47:27.775Z,u08,p3365,"She destroyed Adelaide Writers’ Week by, let’s see, oh yes, being invited"
2026-02-19T04:46:15.038Z,u08,p3364,"""randa"" is a verb"
2026-02-19T04:36:36.697Z,u08,p3363,"Nor do they mention that Hanson has asked the Federal Court to declare s18C of the Racial Discrimination Act entirely void, on the basis that hate speech cannot constitutionally be outlawed."
2026-02-19T02:51:31.905Z,u08,p3362,This is the inevitable consequence of law-making by moral panic
2026-02-18T09:14:53.991Z,u08,p3361,"Take note kids, if you don’t give up your bus seat to the angry looking white lady, you’ll be on the first plane out to El Salvador"
2026-02-18T05:56:48.452Z,u08,p3360,"Justice Stewart, Federal Court, 1 Nov 2024:

""Senator Hanson has a tendency to make negative, derogatory, discriminating or hateful statements in relation to, about or against groups of people relevantly identified as persons of colour, migrants to Australia and Muslims"".

Hanson, 17 Feb 2026:"
2026-02-18T00:06:28.339Z,u08,p3359,"Aukus (noun): pointless wastage of other people's money for reasons you're over-confident you'll never have to explain.
eg. ""mum, someone did an aukus in the kitchen again I don't know I was upstairs"""
2026-02-17T06:40:35.675Z,u08,p3358,Albo channeling his inner Tony Abbott
2026-02-17T05:42:19.837Z,u08,p3357,"Nobody: Tim Wilson, please
Liberals: Tim Wilson!"
2026-02-17T05:38:20.749Z,u08,p3356,"Presumably because the police feel they've done enough kettling, charging, pepper spraying and bashing to last them for a while, the restrictions that preserved public safety can now be lifted. What a relief."
2026-02-17T03:22:08.925Z,u08,p3355,As coherent as ever
2026-02-17T03:19:04.630Z,u08,p3354,Someone left the crypt open again
2026-02-17T01:29:24.663Z,u08,p3353,"Exhibit A of the kind of rank stupidity we can expect from the Coalition now, as a companion to its racism. Citizens have a right of return; they're our problem and our responsibility. Might as well be calling for the return of witch burning."
2026-02-16T23:15:41.690Z,u08,p3352,"Australian federal politics is going to be increasingly unrestrained racism all the way to the next election, no point pretending otherwise"
2026-02-15T06:38:05.363Z,u08,p3351,"The designated character part for all female columnists at The Australian is Mean Girl (for men, the character is Too Clever By Half, until they reach a certain age and become Old Man Shouting At Clouds)"
2026-02-13T00:07:45.377Z,u08,p3350,"Nobody: Angus Taylor please
Liberal Party: Angus Taylor!"
2026-02-12T22:29:16.535Z,u08,p3349,We unpack the legal complexities of the Herzog Unity Tour with Crikey
2026-02-12T11:27:43.810Z,u08,p3348,Good to see the Israeli President’s non-political goodwill tour conclude with him telling protestors to go stand outside the Iranian embassy. He’ll be leaving us with so much unity and social cohesion we’ll all need a good lie down.
2026-02-12T04:15:17.034Z,u08,p3347,Already glaringly obvious why the Minns government chose this guy as police commissioner
2026-02-12T03:40:36.600Z,u08,p3346,The Liberal Party leadership race is on!
2026-02-12T03:37:36.521Z,u08,p3345,New item added to the permanent collection at the Non-Apologies Museum
2026-02-11T23:06:05.535Z,u08,p3344,Angus Taylor is the ultimate Australian expression of falling up syndrome
2026-02-11T22:09:16.657Z,u08,p3343,"The most charitable interpretation of Chris Minns' actions and words is that he doesn't understand basic concepts like art, speech, assembly, democracy, disagreement and human emotion. He constantly looks perplexed, like an under-6s soccer coach."
2026-02-11T08:59:48.103Z,u08,p3342,This is such an exciting prospect
2026-02-11T03:08:07.569Z,u08,p3341,"Sophie Scamps MP: 
""At the very time the Government is welcoming President Herzog into Parliament House, with the entrance being officially lined with Israeli flags, Israel is moving to extend the illegal occupation of the West Bank thus undermining the hope for a two-state solution."""
2026-02-11T03:01:36.952Z,u08,p3340,"We're in a dangerous moment, led by the wrong men"
2026-02-11T02:27:51.038Z,u08,p3339,Great news!
2026-02-11T00:56:48.742Z,u08,p3338,The Isaac Herzog Social Cohesion Tour is going well hey
2026-02-10T23:28:35.260Z,u08,p3337,"Laura Tingle on the money as always.

Israeli Finance Minister Smotrich: ""We will continue to kill the idea of a Palestinian state""."
2026-02-10T23:25:05.208Z,u08,p3336,"If the NSW government has any interest in maintaining faith with its own public, it will ask the DPP to investigate police actions on Monday night without NSW Police involvement, with a view to prosecuting the cops who committed assaults. Or it can carry on blaming the victims; Minns' choice."
2026-02-10T11:34:07.096Z,u08,p3335,"“It was Australian soldiers who liberated the Holy Land”

Mate, you’ve literally bulldozed our war graves in Gaza"
2026-02-10T11:16:51.248Z,u08,p3334,Their head of state
2026-02-10T05:57:22.171Z,u08,p3333,"NSW Police Minister saying to the people please don't antagonise the cops by, you know, exercising your basic human rights"
2026-02-10T05:12:58.721Z,u08,p3332,"We'll say it again: ""social cohesion"", to those who chant it, means maintenance of the status quo which privileges them, and silencing of everyone else. In the mouth of a Labor MP, it is an expression of the deepest hypocrisy."
2026-02-10T01:23:01.423Z,u08,p3331,"That is correct, the police can be charged criminally by (checking notes) the police."
2026-02-10T01:21:09.063Z,u08,p3330,What does justify a royal commission is the actions of the NSW government and NSW Police in the lead-up to and events of last night in the Sydney CBD. Any internal investigation will have no credibility.
2026-02-10T00:02:19.525Z,u08,p3329,Some of our staff were at the Sydney rally last night and report that the degree of police brutality was terrifying and unhinged.
2026-02-09T23:19:46.252Z,u08,p3328,"Bedfellows, strange"
2026-02-09T23:18:38.198Z,u08,p3327,Good to see an MP call it truthfully
2026-02-09T21:53:08.067Z,u08,p3326,"The impossibility was created by the police, licensed by the NSW government, and the whole situation comes back to the prime minister's decision to invite the President of Israel to come here."
2026-02-09T21:50:55.859Z,u08,p3325,Last night the NSW Police disgraced themselves. The NSW government is fully responsible for what happened.
2026-02-09T10:58:07.950Z,u08,p3324,One suspects he doesn’t know what a metaphor is
2026-02-09T10:32:11.913Z,u08,p3323,It can be difficult sometimes to distinguish between social cohesion and common assault
2026-02-09T08:01:31.617Z,u08,p3322,"And what exactly is the massive police presence achieving apart from intimidation and  inflammation? Premier Minns, do tell."
2026-02-09T03:51:45.819Z,u08,p3321,Gosh the sound of social cohesion in Sydney today is really deafening
2026-02-09T01:15:22.384Z,u08,p3320,It's just nice to see Barnaby finally feeling freed up to say what he's always been thinking
2026-02-07T04:35:14.219Z,u08,p3319,Colour us shocked
2026-02-07T04:26:06.701Z,u08,p3318,"Oh there’s an idea, putting responsibility where it actually belongs: perpetrators, not kids"
2026-02-06T22:26:08.348Z,u08,p3317,"Some classic moral certainty from Peter Hartcher. He knows, case closed."
2026-02-06T00:19:00.907Z,u08,p3316,It's such an interesting feature of these times that fantasised paedophilia is constantly invoked by reactionary conservatives as a boogie-man (eg to demonise trans people) but actual predatory child sexual abuse is always downplayed as a moral panic. Speaks to a deeply internalised conflict.
2026-02-05T23:22:27.409Z,u08,p3315,"We will socially cohere, and we will like it."
2026-02-05T22:26:35.435Z,u08,p3314,Standing by for the automatic randahring
2026-02-05T06:11:57.451Z,u08,p3313,"Apparently the only way to restore social cohesion is to keep saying ""Randa"" in a scary voice until she disappears in a puff of smoke"
2026-02-05T03:30:25.640Z,u08,p3312,From the AFR: sorry but this is absolutely batshit fucking crazy and it needs to stop
2026-02-04T04:33:22.652Z,u08,p3311,"Fortunately, Angus Taylor is too dim to pick up on the incredibly subtle meaning Hastie is signaling with his genius book of quotes about how to win a war with just your eyebrows"
2026-02-03T11:32:54.748Z,u08,p3310,"Get this: the Israeli president’s visit will be so divisive, according to NSW Police, that the appropriate response is to ban all public assemblies while he’s here, rather than, say, him not coming."
2026-02-03T05:08:43.429Z,u08,p3309,Police state
2026-02-02T00:00:03.166Z,u08,p3308,Literally cannot wait for the Angus Taylor Eras Tour to begin
2026-02-01T21:54:19.060Z,u08,p3307,You'll rarely see a more transparent admission of guilt
2026-01-30T06:21:14.252Z,u08,p3306,Lot of excitement out there at the prospect of an Angus Taylor coronation
2026-01-30T00:57:12.322Z,u08,p3305,"It's politically true that calling One Nation supporters racists won't persuade them away, but it's also literally true that you can't support One Nation without being a racist."
2026-01-30T00:07:50.721Z,u08,p3304,"Via Phil Coorey in the AFR:

""both Hastie and Taylor offered each other the role of deputy leader and shadow treasurer in return for yielding, but to no avail""

Just imagining them standing in Sukkar's loungeroom staring at each other, perplexed that they're not getting what they want"
2026-01-29T23:58:31.605Z,u08,p3303,"Israel has now said it accepts Hamas' estimate of the Gaza death toll, 71,000+, after years of insisting it was inflated. We're about to welcome the head of that state as an official guest."
2026-01-29T23:14:15.630Z,u08,p3302,The canaries are emerging; this could become one of the greatest own goals in Australian political history.
2026-01-29T21:57:48.863Z,u08,p3301,"Albo will spend the next week defending this and ever-more closely tying his own reputation to it. To understand why he would do so, remember that he always - always - chooses the line of least resistance as he perceives it."
2026-01-29T21:46:33.902Z,u08,p3300,this is pure Newspeak
2026-01-28T23:45:57.952Z,u08,p3299,"The point isn't that the authorities are dragging their feet, it's that for once they're saying hang on let's do this carefully, by contrast with the instant moral panic that always attends anything with a whiff of Islamic extremism or contrary to the vested interests of the politically powerful."
2026-01-28T23:19:49.005Z,u08,p3298,"No question neither Ley nor Littleproud will survive, but so what. There is no talent in either party room, only a bunch of hacks hoping to be noticed by Rupert. The Liberal Party as an entity is just ghostly echoes of the past prime ministers who destroyed it."
2026-01-28T23:06:16.381Z,u08,p3297,Spot on
2026-01-28T21:16:55.459Z,u08,p3296,"Social cohesion, Australia, 2026: hate preachers (brown) intolerable, protestors (brown) divisive, bomb-signers (Israeli) welcome, bomb-throwers (white) awkward"
2026-01-28T05:35:45.563Z,u08,p3295,What things like the attempted terrorist attack in Perth and Scott's public Islamophobia speak to is the deep social division our governments and media have facilitated by the self-evident hypocrisy in how they've dealt with the past two years of domestic rupture arising from Israel/Gaza.
2026-01-28T04:57:18.558Z,u08,p3294,"White racist literally threw a bomb at black people to kill them, apparently not a sufficient cause to have a moral panic, special envoy, national introspection, royal commission, terrorism declaration, new laws, 1,000 op-eds in The Australian. We're struggling to identify why that might be."
2026-01-28T04:51:33.110Z,u08,p3293,"Scott, whose personal pastor was Brian Houston, is well-placed to determine how and by whom other people's religions should be run"
2026-01-28T03:39:08.377Z,u08,p3292,"Ah, ze Nuremberg Defence. Worked a treat there too."
2026-01-28T02:31:15.724Z,u08,p3291,Social cohesion ambassador incoming
2026-01-27T23:35:47.776Z,u08,p3290,"SA Premier Malinauskas, reflecting on the Adelaide Writers' Festival debacle:

""I just hope in future everyone might take stock, assess [sic] themselves of the facts before jumping to conclusions""

He wasn't referring to himself - ""I would do it again""."
2026-01-27T07:12:24.463Z,u08,p3289,Put the Hoodoo Gurus on the flag and we'll salute that
2026-01-27T01:11:51.185Z,u08,p3288,Pauline is sick and tired of something again
2026-01-26T09:09:47.651Z,u08,p3287,Why is it that the people who keep insisting they love it here and everyone else should leave are the ones who feel the need to keep marching around angrily saying how much they love it here
2026-01-26T01:50:56.609Z,u08,p3286,
2026-01-25T21:18:19.171Z,u08,p3285,"In Minnesota, Alex Pretti was shot 10 times from close range AFTER being disarmed. It was not even an execution; it was an orgy of violence by a large group of men on one victim. The US executive government has descended into depravity."
2026-01-25T10:00:33.987Z,u08,p3284,Marque will be open for business on 26 January. We do not think it’s a good date for our national day because what it marks is the beginning of the destruction of an entire population and ancient culture. We would like our country to grow up and choose a kinder day.
2026-01-25T02:47:37.576Z,u08,p3283,Good to see Insiders dedicate an entire episode to pretending the Libs’ leadership matters more than who’s on canteen duty next week (it doesn’t)
2026-01-25T02:45:44.843Z,u08,p3282,Ironic that ICE is precisely the reason the Founding Fathers were so intent on preserving a “well armed militia” - to fight it off.
2026-01-25T00:16:45.310Z,u08,p3281,"USA, 2026: ICE executes a citizen in the street, people protest so they execute another one. 

The difference? Guns."
2026-01-25T00:16:45.309Z,u08,p3280,"Australia, 2015: Border Force tries to do random immigration stops in Melbourne, mob instantly gathers and tells them to fuck off. They do. 1/"
2026-01-24T02:53:37.552Z,u08,p3279,The media's unshakeable determination to maintain that the Libs are still a party of government is endearing
2026-01-23T02:22:12.997Z,u08,p3278,"To be clear, to talk of one section of society ""reclaiming"" land which was stolen by our settler-colonial state and whose sovereignty remains unceded, and when settler-colonialism is at the heart of the current racialised rupture, is just grotesque"
2026-01-23T01:06:20.437Z,u08,p3277,"Obvious that he's getting pumped full of something regularly via a canula, and the veins in his right hand have collapsed so they've shifted to the left for sticking the needles in."
2026-01-23T00:44:06.329Z,u08,p3276,"It was appropriate to have a day of mourning, but this language is very problematic in the context of Israel's actions and the political insistence on merging all Jews with that country as a unitary identity. And Minns' tie colour choice wasn't an accident."
2026-01-21T12:14:15.678Z,u08,p3275,"Yeah but the word Palestine makes some people feel sad so, you know, a bit of cultural sensitivity please"
2026-01-21T08:58:35.321Z,u08,p3274,"2026 may or may not become the hottest year on record, but it’s already a contender for the stupidest"
2026-01-21T08:50:45.394Z,u08,p3273,Stick a fork in it
2026-01-21T08:45:24.824Z,u08,p3272,Just cleaning up those last few voters who haven’t left for the exits yet
2026-01-21T01:32:42.924Z,u08,p3271,"Australian politics used to be a relatively serious pursuit, with most participants taking their responsibilities seriously. That is no longer so. Mostly now they range from mindlessly corrupted to actively clownish in their behaviour. One thing we don't get anymore, as a result, is good laws."
2026-01-20T22:14:22.283Z,u08,p3270,"The good law, gun reform, was passed with the Coalition voting against it and Greens for it. The bad law, racial vilification, was passed with the Coalition voting for it (some Nats excepted) and Greens against it. Neat encapsulation of the social utility of each party."
2026-01-20T02:24:08.355Z,u08,p3269,"The hate groups provisions in the hate speech bill are deeply flawed. They still exclude advocating genocide from the definition of hate crimes, and they will be open to misuse to target peaceful activist groups because of political influence. They shouldn't be passed into law in their current form."
2026-01-19T00:57:43.784Z,u08,p3268,This will be history's ultimate test of whether this government had a functioning spine
2026-01-18T21:38:48.484Z,u08,p3267,www.abc.net.au/news/2026-01...
2026-01-18T05:12:40.776Z,u08,p3266,"Just in case anyone anywhere had any lingering respect or affection for Tony Blair, this is who he always was"
2026-01-16T02:05:37.445Z,u08,p3265,"Beautiful composite image on a Crikey story today, and they're all our clients! Khaled Sabsabi, Jayson Gillham, Dr Randa Abdel-Fattah. Great Australians."
2026-01-15T06:15:53.838Z,u08,p3264,"This bill is truly awful, an embarrassment"
2026-01-15T06:11:44.472Z,u08,p3263,"We'll say it again: ""social cohesion"", when uttered by the holders of political and social power and privilege, means simply the maintenance of the dominant culture and silencing of any challenge to it."
2026-01-15T05:53:42.941Z,u08,p3262,Some media have reported that Dr Randa Abdel-Fattah has dropped her defamation claim against SA premier Peter Malinauskas. That is incorrect. She has resolved her separate defamation claim against Adelaide Festival Corporation.
2026-01-15T01:31:06.803Z,u08,p3261,"Statement from our client Dr Randa Abdel-Fattah. It is a tragedy that Adelaide Writers' Week has been destroyed, for nothing. However, this is a massive win for artistic freedom and hopefully a turning point in this time of unhinged McCarthyist witch-hunting. Randa is a hero and we love her."
2026-01-15T00:59:27.493Z,u08,p3260,"From the Adelaide Festival Board, in relation to what it did to Dr Randa Abdel-Fattah"
2026-01-15T00:18:50.461Z,u08,p3259,"Why anyone dignifies the Coalition with the pretence that they have the slightest clue what they want or what they're talking about is a complete mystery. Labor is a craven capitulation machine, but the Coalition make One Nation look coherent and principled."
2026-01-14T04:46:23.254Z,u08,p3258,That makes no sense whatsoever.
2026-01-13T22:59:13.461Z,u08,p3257,Seriously.
2026-01-13T22:41:22.149Z,u08,p3256,"In Albo's new antisemitism bill, the definition of ""hate crime"", which underpins the new regime to proscribe ""hate groups"" like the Nazis, specifically excludes ""advocating genocide"". That is, advocating genocide is treated as not being a racist hate crime. Now, why would that be?"
2026-01-13T21:40:22.789Z,u08,p3255,"The Albo government's antisemitism bill is a rushed hatchet job. Nobody has proper time to consider it carefully enough, and it will have all sorts of unintended consequences if passed. It is the worst kind of law-making: moral panic induced, pandering to powerful lobby groups' demands."
2026-01-13T06:03:15.424Z,u08,p3254,love you too Fahad
2026-01-13T04:20:27.442Z,u08,p3253,Yes we are aware of what Premier Malinauskas said about Randa Abdel-Fattah today and no we don't think it's ok for a public official to talk about a private citizen in such terms.
2026-01-13T04:17:48.194Z,u08,p3252,"This, to be clear, is not an apology. Not sure what it is."
2026-01-12T22:44:37.050Z,u08,p3251,"Louise Adler is out. Congratulations to the bookburners, you've destroyed Adelaide Writers' Week."
2026-01-12T20:44:09.192Z,u08,p3250,"Cathy Wilcox, demonstrating what moral authority actually looks like"
2026-01-12T09:12:17.806Z,u08,p3249,"“this woman”, said the Premier, referring to the Palestinian writer he had decided should be excluded from polite society, thus putting his personal values on full and glorious display"
2026-01-12T05:46:17.696Z,u08,p3248,"Adelaide Writers' Week is excited to announce that this year's event will feature a panel consisting of Tony Abbott, the Downer Family Choir and the disinterred corpse of Enid Blyton"
2026-01-11T23:37:19.420Z,u08,p3247,Welcome to the good place
2026-01-11T21:52:56.889Z,u08,p3246,How dare you be rational and empathetic Cathy
2026-01-11T12:05:20.974Z,u08,p3245,"Now, that's defamatory"
2026-01-11T09:58:21.071Z,u08,p3244,"Great cartoon, nothing to apologise for"
2026-01-11T09:57:39.462Z,u08,p3243,Next…
2026-01-10T06:20:59.888Z,u08,p3242,"For example, posted yesterday on X by Mr Social Cohesion"
2026-01-10T06:19:44.334Z,u08,p3241,"Albo and his government are still merrily posting on X, the Nazi/porn site"
2026-01-09T04:32:31.094Z,u08,p3240,"100%. We’ve seen the dossiers on individual targets that get compiled and sent to institutions in coordinated assaults. They’re incredibly detailed. The intended effect is overwhelm, and most institutions are not equipped to understand or resist it."
2026-01-09T03:12:42.379Z,u08,p3239,"Looking forward to the new program of panel discussions among various columnists from The Australian, and a day-long session where Tony Abbott reads his history of Australia in a loud voice."
2026-01-09T00:09:04.418Z,u08,p3238,“Cultural sensitivity” means destroying an entire arts festival rather than allowing a Palestinian person to come along and talk about her new novel.
2026-01-08T22:45:57.045Z,u08,p3237,“stepped up” is an interesting way to describe “wet his pants”
2026-01-08T22:42:59.121Z,u08,p3236,Didn’t take our media long to start both-sidesing the unmistakable murder of a citizen by an ICE agent in Minneapolis
2026-01-08T21:51:13.501Z,u08,p3235,That they’re coming after the judges reflects their belief that they now completely own the public square. This is late-stage McCarthyism.
2026-01-08T12:07:44.541Z,u08,p3234,You’re both right.
2026-01-08T09:58:31.039Z,u08,p3233,"Dr Randa Abdel-Fattah is our client and we are proud to represent her. This cancellation is unjustifiable, morally and legally."
2026-01-08T09:53:19.338Z,u08,p3232,"And, as we predicted, he folded"
2026-01-08T05:08:08.845Z,u08,p3231,"The point is that, while criminal proceedings are on foot, a royal commission can't look at anything to do with the Bondi shootings or the shooters, including why and how they did it, that is it can't touch on the subject that is its sole reason for being established. It will achieve nothing."
2026-01-08T02:11:35.038Z,u08,p3230,Apparently she has a culturally insensitive surname.
2026-01-08T02:10:18.771Z,u08,p3229,There&#8217;s a glaring problem with calls for a royal commission into the Bondi terror attack www.crikey.com.au/2026/01/08/b...
2026-01-08T02:08:21.284Z,u08,p3228,"This is absolutely insane.
www.adelaidefestival.com.au/news/2025/ad..."
2026-01-07T22:50:15.323Z,u08,p3227,We’re approaching peak hysteria
2026-01-07T22:49:26.540Z,u08,p3226,The inevitable consequence of putting a private armed militia (which is what ICE really is) on the streets.
2026-01-07T22:46:26.901Z,u08,p3225,"The campaign has seamlessly pivoted from demanding the royal commission to demanding the right to handpick the commissioner, next will be the demand to dictate the terms of reference."
2026-01-06T09:17:15.738Z,u08,p3224,Albo gonna fold to the royal commission campaign in 3…2…1…
2026-01-04T09:33:08.799Z,u08,p3223,Feel for the SMH reporter tasked with asking random reality TV contestants and Sydney cafe owners if they want Albo to have a royal commission
2026-01-04T01:12:27.833Z,u08,p3222,"Law schmaw, invading is fun"
2026-01-04T00:47:07.143Z,u08,p3221,"Albo has an opportunity in this crisis to not permanently cement the public perception that he is weak, an opportunity he will decisively not take."
2026-01-04T00:42:34.604Z,u08,p3220,World “leaders” collapsing like the English top order
2026-01-04T00:34:38.047Z,u08,p3219,"A statement every bit as strongly worded as we’ve learned to expect from our national leader. You tell’em, Albo!"
2026-01-03T05:08:48.498Z,u08,p3218,"Australia’s media have gone fully post-ironic, they don’t even notice anymore"
2026-01-03T05:05:54.853Z,u08,p3217,Apparently this isn’t in poor taste
2026-01-02T05:07:04.748Z,u08,p3216,"It would be practically and legally impossible to hold a royal commission that goes anywhere near the actions or motivations of the accused killer, before his criminal proceedings are concluded, which could take years. That limitation would render the royal commission itself pointlessly premature."
2026-01-02T04:35:57.214Z,u08,p3215,"The reasons the opposition wants a royal commission and the reasons the government doesn’t want a royal commission are equidistant from rationality, quite an achievement really"
2025-12-31T06:14:21.528Z,u08,p3214,"Israel has banned Medecins Sans Frontieres from operating in Gaza, rounding off a banner year for inhumanity."
2025-12-29T03:27:50.577Z,u08,p3213,How bad an idea this is cannot be overstated
2025-12-29T00:44:31.000Z,u08,p3212,Chamberlain never said anything this moronic
2025-12-29T00:43:19.013Z,u08,p3211,Brigitte Bardot was a white supremacist racist and that’s all anyone needs to know about her.
2025-12-23T07:44:01.496Z,u08,p3210,This is Ley’s terminal step. She won’t come back from it.
2025-12-23T00:10:26.861Z,u08,p3209,"The NSW parliament is about to pass a law empowering the police to prohibit all public assemblies in whatever area they specify, for 14 days when a terrorist incident has been declared (also by the police). Clearly unconstitutional, even if you accept a direct link between protests and terrorism."
2025-12-22T00:44:24.273Z,u08,p3208,OKKK
2025-12-21T23:20:00.455Z,u08,p3207,"Which was more likely to incite antisemitic violence: weekly pro-Palestinian marches attended by hundreds of thousands of citizens, or the televised devastation of Gaza? It's a fair question, but even asking it may soon be illegal."
2025-12-18T22:00:06.246Z,u08,p3206,"""The evil that is in the world always comes of ignorance, and good intentions may do as much harm as malevolence, if they lack understanding."" - Albert Camus, The Plague

We have seen both on full display this week."
2025-12-18T21:57:06.787Z,u08,p3205,"This is a terrible mistake, borne of laziness and cowardice, and will be one of Anthony Albanese's longest lasting and most destructive legacies.

Considering how we teach the Holocaust is one thing; entrenching pro-Israel ideology in our education system is a whole other thing."
2025-12-18T04:38:27.336Z,u08,p3204,"It's been getting crowded on the Craven Opportunism league table this week, current rankings:

1. Frydenberg
2. Howard
3. Ley"
2025-12-18T04:35:32.713Z,u08,p3203,The Coalition's new policy on compulsory social cohesion has been released.
2025-12-18T00:46:44.081Z,u08,p3202,"One can say many things about the idea of prohibiting protests during a ""terrorist incident"", but the words ""martial law"" and ""unconstitutional"" spring immediately to mind."
2025-12-17T23:50:15.113Z,u08,p3201,This is what we think about what's been going on
2025-12-17T21:01:26.510Z,u08,p3200,And there it is
2025-12-17T21:00:29.468Z,u08,p3199,History certainly suggests that official sanctioning of private armed militias is always a good idea
2025-12-17T08:26:18.451Z,u08,p3198,Most of Australia’s media are ghouls.
2025-12-17T01:17:43.715Z,u08,p3197,Shaping up to be the stupidest war since the War of Jenkins' Ear
2025-12-16T10:46:09.737Z,u08,p3196,"Note to Sussan Ley: if the comments you’re choosing to make right now are identical to what Pauline Hanson is saying, you’re what she is."
2025-12-16T04:56:46.349Z,u08,p3195,"The government had intended to simply ignore Segal's ""plan"" instead of binning it, and now it's cornered by its own failure to be upfront about the reality that her plan was really just a lobbyist's wish list."
2025-12-16T01:27:10.133Z,u08,p3194,See our post yesterday about gun laws.
2025-12-16T00:39:44.833Z,u08,p3193,"Now we live in a city that has experienced a racially targeted mass-casualty terror attack. There is a pervasive sadness and sense of something lost. The fall-out so far has been predictable and depressing. We'd prefer the focus to be on grief and reflection, not blame, but that's not how it goes."
2025-12-15T07:33:39.923Z,u08,p3192,"We support gun laws, don’t understand why anyone in a city needs guns or why anyone anywhere needs lots of guns. If you’re pro-gun you’re pro-killing things and therefore you’re a weirdo."
2025-12-15T02:11:42.752Z,u08,p3191,Sometimes there's no point saying anything. The awfulness speaks for itself.
2025-12-12T09:37:54.651Z,u08,p3190,"Chalk up another win for Linda Reynolds, selfless justice warrior"
2025-12-11T06:16:52.717Z,u08,p3189,"The question is why his name was suppressed at all. ""His lawyers had argued that naming their client would damage the Silvagni family name"". One law for the privileged."
2025-12-11T06:15:02.378Z,u08,p3188,"Going down the Scott road is a very bad idea if you don't want the voters to end up hating you, but Albo's inclination for secrecy and dislike of being questioned are tempting him that way"
2025-12-10T23:37:06.929Z,u08,p3187,
2025-12-10T05:55:57.181Z,u08,p3186,"Prohibition has never previously worked as a policy for getting people to not consume something they want, but fortunately the social media ban will buck this trend by virtue of its careful evidence-based design and Albo's friendly reassuring smile every time he fails to answer the question."
2025-12-10T03:30:12.458Z,u08,p3185,"The reason Anika Wells is toast is that repeatedly flying your spouse on the public dollar so he can watch sport from a corporate box is not, in the public imagination, really a family reunion as such."
2025-12-09T22:37:13.974Z,u08,p3184,"Pepys' diary, December 10, 2025:
Accosted this morning by hordes of desperate urchins begging to borrow my phone for a quick social media fix. Had to beat them off with a stick."
2025-12-08T23:43:38.283Z,u08,p3183,"The three stooges have the excuse of being stooges, but Penny Wong knows exactly how dangerous a charade she's participating in"
2025-12-08T02:43:32.675Z,u08,p3182,"Remember when the Labor Party's guiding ethos wasn't to punch down? No, us neither."
2025-12-08T00:44:21.859Z,u08,p3181,A classic of the What Could Go Wrong genre.
2025-12-07T23:14:40.919Z,u08,p3180,"The only way politicians can pass the pub test is to never travel or spend money while in office, and to become unemployed and homeless afterwards. Anything else is an outrage to decency."
2025-12-04T22:46:11.509Z,u08,p3179,Why we're a B Corp
2025-12-03T05:06:41.953Z,u08,p3178,"Because if there's one thing we learned from Robodebt...wait, no sorry, turns out we learned nothing from Robodebt"
2025-12-03T00:06:49.999Z,u08,p3177,"Bruce Lehrmann loses his appeal, is the ironic headline we'd be writing"
2025-12-02T21:59:00.224Z,u08,p3176,Hey Albo tell us again about our shared values with this white supremacist
2025-12-02T00:38:57.026Z,u08,p3175,"Quite reminiscent of ""Give me your tired, your poor, your huddled masses yearning to breathe free"""
2025-11-30T23:02:21.932Z,u08,p3174,"Not sure why CTRL-F-""Trump"" would cost $1m"
2025-11-28T05:30:12.543Z,u08,p3173,"Trump goes the full Hitler, clearly figures he has his Reichstag moment with the National Guard shooting"
2025-11-27T23:52:26.261Z,u08,p3172,Nobody could have predicted this
2025-11-27T21:55:10.687Z,u08,p3171,"..aaand they've reestablished it, after being reminded this is the 21st century"
2025-11-27T05:54:19.007Z,u08,p3170,"The Australian Bar Association Council has shut down its Diversity & Inclusion Committee, presumably because the problem has been fixed. Isn't that nice."
2025-11-27T05:38:56.996Z,u08,p3169,looks like he dropped in to the front bar to tell the lads his missus kicked him out again
2025-11-25T03:04:24.700Z,u08,p3168,go Mehreen
2026-09-22T17:28:35.039Z,u09,p4135,"When I visited France, I had to go to Provence to see if the lavender fields there were as beautiful as I had heard. They were, indeed! I was immediately captivated by the rolling plains of purple lavender rows. 

Hills of Provence
by Erin Hanson, 2026
Oil on canvas
28 x 36 in

#art #impressionism"
2026-09-22T17:24:23.819Z,u09,p4134,I'm so glad you enjoy this piece!
2026-09-22T17:23:57.001Z,u09,p4133,Thank you!
2026-09-22T17:23:38.301Z,u09,p4132,Thanks for your comments!
2026-09-22T17:23:09.324Z,u09,p4131,Thank you so much!
2026-09-22T17:22:58.666Z,u09,p4130,Good art will always continue. Your mom is very wise.
2026-09-22T17:22:18.685Z,u09,p4129,What a lovely description!
2026-09-22T17:21:58.497Z,u09,p4128,Thank you!
2026-09-22T17:21:50.178Z,u09,p4127,I love that idea!
2026-09-22T17:21:21.709Z,u09,p4126,"Thank you, I'm so glad this piece speaks to you."
2026-09-22T17:14:36.995Z,u09,p4125,That's so kind of you to say!
2026-09-21T18:25:54.042Z,u09,p4124,"Monet's water lily garden in Giverny is an ever-renewing source of inspiration for me. In this painting, I wanted to capture the feeling of water lilies floating on a still pond, filled with reflections of the clouds. 

Lilies in the Clouds
by Erin Hanson, 2026
Oil on canvas
40 x 40 in

@bsky.art"
2026-09-21T17:55:09.080Z,u09,p4123,Thank you!
2026-09-21T17:54:51.470Z,u09,p4122,Thank you for sharing my work!
2026-09-21T17:30:37.510Z,u09,p4121,That is so kind of you to say!
2026-09-21T16:19:08.316Z,u09,p4120,"You can almost smell the heady scent of sweet wildflowers rising in the warm air in this oil painting of Texas hill country. The impressionistic brush strokes capture the vivid beauty of spring.

Wildflower Lights
by Erin Hanson, 2020
Oil on canvas
24 x 30 in

#art #oilpainting #artprint #texas"
2026-09-21T16:15:56.370Z,u09,p4119,I'm so glad you enjoy this piece!
2026-09-21T16:15:45.294Z,u09,p4118,Thank you!
2026-09-18T21:08:59.113Z,u09,p4117,"This path invites you into a peaceful land of beautiful light and color surrounded by coastal redwoods. You can almost imagine your quiet footfalls on the pine-needle-covered ground.

Lighted Redwoods
by Erin Hanson, 2023
Oil on canvas
40 x 30 in

#art #treeclub #painter #sciart @bsky.art"
2026-09-18T21:05:45.579Z,u09,p4116,I'm so sorry for your loss!
2026-09-18T21:05:25.287Z,u09,p4115,Thank you so much!! That's very kind of you to say!
2026-09-17T19:58:18.779Z,u09,p4114,"I found this grove of madrones growing on the waterline of one of the San Juan Islands. I loved how the light peeked through the leaves and how the reflections shifted from light aqua to deep ultramarine.

Madrone Reflections
Erin Hanson, 2026
Oil on canvas
30 x 48 in

@bsky.art #art #pnw #natureart"
2026-09-17T19:55:31.964Z,u09,p4113,Thanks for sharing my work!
2026-09-17T19:55:09.150Z,u09,p4112,I'm glad you enjoyed this piece!
2026-09-17T19:54:56.706Z,u09,p4111,Thank you!
2026-09-17T16:27:56.051Z,u09,p4110,Thank you!
2026-09-17T16:27:43.402Z,u09,p4109,I'm glad you enjoy them!
2026-09-17T16:27:20.210Z,u09,p4108,Thank you for sharing my art!
2026-09-17T16:26:17.449Z,u09,p4107,"Rich hues of autumn are illuminated by the soft light of early morning in this painting of Paso Robles wine country. The rolling hills of vineyards draw the eye into the painting and into the imagination.

Autumn Dreams
by Erin Hanson, 2023
Oil on canvas
30 x 30 in

#autumn #winecountry #art"
2026-09-16T17:46:54.990Z,u09,p4106,"A full moon sets over the distant horizon, in this painting of Mendocino, in Northern California. The impressionistic brush strokes capture the vibrant colors of the landscape.

Cypress Moon
by Erin Hanson, 2021
Oil on canvas
30 x 40 in
www.erinhanson.com/portfolio/cy...

#art #cypress #california"
2026-09-16T17:44:55.465Z,u09,p4105,What a gorgeous sight!
2026-09-16T17:44:42.721Z,u09,p4104,It's such a beautiful place!
2026-09-16T17:44:23.057Z,u09,p4103,"That is so kind of you to say, and what a lovely way to express it!"
2026-09-16T17:43:52.634Z,u09,p4102,I'm so glad you enjoy them!
2026-09-16T17:43:34.023Z,u09,p4101,I'm glad it speaks to you!
2026-09-16T17:43:19.904Z,u09,p4100,Thank you!
2026-09-16T17:43:09.978Z,u09,p4099,Thank you so much!
2026-09-16T17:42:41.747Z,u09,p4098,Yes! I'm so glad I did.
2026-09-16T17:42:29.325Z,u09,p4097,Thank you!
2026-09-16T17:42:21.335Z,u09,p4096,That's kind of you to say!
2026-09-16T17:42:01.976Z,u09,p4095,Thank you!
2026-09-16T17:41:28.911Z,u09,p4094,Thank you!
2026-09-16T17:41:14.253Z,u09,p4093,Thank you!
2026-09-15T20:12:43.453Z,u09,p4092,"Fresh off the Easel!

I visited Tipsoo Lake in Mt. Rainier National Park on the hunt for mountain reflections and alpine wildflowers. 

Alpine Blooms
by Erin Hanson, 2026
Oil on canvas
36 x 20 in

#Tahoma #MtRainier #NPS #wildflowers #bloomscrolling #art @fineartgallery.bsky.social #oilpainting"
2026-09-15T20:09:56.933Z,u09,p4091,It's a great color!
2026-09-15T20:06:30.370Z,u09,p4090,It's definitely quite the hike. But the Grand Canyon is always worth the trip.
2026-09-15T20:06:11.562Z,u09,p4089,"I'm so glad you enjoy the piece! Purple is one of those colors that people seem to have a love/hate relationship with, but I think it's a truly lovely hue."
2026-09-14T17:32:49.792Z,u09,p4088,"I was able to watch dusk fall over the Grand Canyon from a perch about 2/3rd up from the canyon floor. There is about a one-mile vertical elevation change in the Grand Canyon - quite a hike with a pack on your back! 

Canyons Dusk
by Erin Hanson, 2018
Oil on canvas
36 x 36 in

#grandcanyon #nps #art"
2026-09-11T18:31:46.588Z,u09,p4087,Thank you!
2026-09-11T18:31:08.333Z,u09,p4086,"Today is one of those dates that you never forget. In the face of all the ugliness that was 9/11, I want to share a beautiful piece that represents the New York that I recently visited. 

Pictured:
Central Park Skyline

#neverforget #patriotday #art #NYC"
2026-09-10T17:11:36.263Z,u09,p4085,"Fresh off the Easel!
The view from Hopi Point in the Grand Canyon is one of the most beautiful places to see the full layering effect of the canyon. 

Canyon at Dawn
by Erin Hanson, 2026
Oil on canvas
www.erinhanson.com/portfolio/ca...

#grandcanyon #westernart #art #dailyart #oilpainting @bsky.art"
2026-09-09T19:58:33.379Z,u09,p4084,Thank you!
2026-09-09T19:58:25.484Z,u09,p4083,I absolutely agree.
2026-09-09T19:58:06.982Z,u09,p4082,It's always a good reminder!
2026-09-09T19:57:30.840Z,u09,p4081,"Colorful hues of cadmium are captured with a loose, impressionistic hand. The vibrant blossoms stand out against the dark background of foliage.

Blooms in Cadmium
by Erin Hanson, 2022
Oil on canvas
12 x 9 in

www.erinhanson.com/portfolio/bl...

#art #artist #bloomscrolling #natureart @bsky.art"
2026-09-08T15:28:06.215Z,u09,p4080,"The soft, warm autumn colors beckon you into this peaceful painting. Each brush stroke is alive with color, capturing the maple trees of Kyoto, Japan.

Maple Afternoon
by Erin Hanson, 2019
Oil on canvas
24 x 30 in
www.erinhanson.com/portfolio/ma...

#autumnal #fall #sciart #art @bsky.art #artist"
2026-09-08T15:14:54.445Z,u09,p4079,I'm so glad!
2026-09-07T19:06:12.411Z,u09,p4078,"Happy Labor Day!

I'm running a discount!

Get 25% off sitewide through Tuesday, September 8th, 2026.
I've got prints, art books, and this year's calendar all available at 25% off.

Pictured: 
Scarlet Poppies

www.erinhanson.com/portfolio

#laborday #labordaysale #artsale #art #sale"
2026-09-07T19:05:16.803Z,u09,p4077,Thank you!
2026-09-07T15:48:27.716Z,u09,p4076,"Oh my goodness, what a wonderful photo! Thank you for sharing it. I hope my art brough back good memories for you."
2026-09-07T15:46:36.574Z,u09,p4075,"This painting captures a vineyard scene in early spring, when the vines are just about to start sending out new shoots after the long, dormant winter. 

Napa Vines
by Erin Hanson, 2026
Oil on canvas
24 x 36 in

#art #oilpainting #napavalley #winecountry #nature #vineyard #womanartist @bsky.art"
2026-09-04T17:27:56.731Z,u09,p4074,"This painting was inspired by Indian Canyon Palm Oasis in Palm Springs, California. When I began painting my Gold Leaf Show, I knew I had to include a desert oasis landscape in the collection. 

Golden Dawn Oasis
by Erin Hanson, 2026
Oil on canvas
48 x 36 in

#westernart #art #painting @bsky.art"
2026-09-04T17:26:05.347Z,u09,p4073,I'm so glad this piece brought back good memories!
2026-09-03T18:01:39.501Z,u09,p4072,"I never get tired of exploring Cannon Beach and Haystack Rock. Every time I'm there, the light and colors are different. 

Cannon Beach Haystack
by Erin Hanson, 2026
Oil on canvas
40 x 50 in

#blueskyartshow #cannonbeach #haystackrock #oregon #pnw #art #artist @bsky.art"
2026-09-03T17:59:05.695Z,u09,p4071,Thank you!
2026-09-02T17:36:33.936Z,u09,p4070,"I love how the yellow and red foliage looks against the nearby blue and purple mountains. Each impasto brushstroke captures the emotional feeling of walking through a garden at peak fall color.

Gilded Autumn
by Erin Hanson, 2026
Oil on canvas
30 x 40 in

#autumn #natureart #art @bsky.art #dailyart"
2026-09-02T17:34:37.906Z,u09,p4069,I'm really sorry to hear that. I hope things improve for you soon!
2026-09-02T17:27:26.628Z,u09,p4068,That sounds like a glorious childhood.
2026-09-02T17:27:14.859Z,u09,p4067,I'm so glad it speaks to you!
2026-09-02T17:27:03.133Z,u09,p4066,Thank you so much!
2026-09-02T17:26:55.387Z,u09,p4065,Love the Rhododendron Garden. Oregon is such a lovely place to live!
2026-09-02T17:26:33.986Z,u09,p4064,Thank you!
2026-09-02T17:26:25.311Z,u09,p4063,I'll have to try that one!
2026-09-02T17:25:00.719Z,u09,p4062,Thank you so much!
2026-09-02T17:24:36.370Z,u09,p4061,That is so kind of you to say.
2026-09-02T17:11:12.584Z,u09,p4060,I'm glad you enjoy them!
2026-09-02T17:10:52.131Z,u09,p4059,Thank you!
2026-08-31T18:16:50.261Z,u09,p4058,"This painting was inspired by a canoe trip down a slow-moving creek in Oregon's Willamette Valley. The water was so still I could see reflections of the surrounding trees.

Gilded Reflections
by Erin Hanson, 2026
Oil on canvas
60 x 48 in
www.erinhanson.com/portfolio/gi...

#art #dailyart #sciart"
2026-08-28T18:01:42.815Z,u09,p4057,"Nature's most beautiful colors are captured in a five-panel floralscape. Red corn poppies draw the eye in from the left, and the purple-blue clematis contrast with the sunflowers on the right-hand side. 

Floralscape in Gold
by Erin Hanson, 2026
Oil on canvas

#bloomscrolling #art @bsky.art #sciart"
2026-08-28T16:03:38.637Z,u09,p4056,Thank you!
2026-08-27T19:02:01.984Z,u09,p4055,Thank you!
2026-08-27T17:59:13.884Z,u09,p4054,"Dappled light of sunset flickers across the ocean in this impressionistic oil painting. 

Dappled Ocean
by Erin Hanson, 2021
Oil on canvas
22 x 30 in

#blueskyartshow #sunset #art #naturebeauty #landscape #coastal #dailyart @bsky.art"
2026-08-26T19:09:18.000Z,u09,p4053,"A white vase of sunflowers is captured with impasto oils on canvas. The vivacious brushwork adds movement and color to the painting. 

Sunflowers in White Vase
by Erin Hanson, 2025
Oil on canvas
36 x 28 in
www.erinhanson.com/portfolio/su...

#oilpainting #painter #art #artist #sunflowers @bsky.art"
2026-08-26T17:48:10.588Z,u09,p4052,Aw! Thank you for sharing that goal. I will definitely have sales in the future that you can take advantage of when you're ready. :)
2026-08-26T17:16:26.790Z,u09,p4051,"I'm happy to share that I've started my Labor Day Sale early this year! You can get 25% off anything sitewide until September 8th. 

www.erinhanson.com/portfolio

#labordaysale #laborday #discount #artsale #artprints"
2026-08-26T17:10:35.583Z,u09,p4050,I've never heard of that. That's terrible.
2026-08-26T17:10:02.667Z,u09,p4049,"I hope we all make it, too."
2026-08-25T16:24:01.545Z,u09,p4048,Thank you!
2026-08-25T16:23:36.937Z,u09,p4047,"Wishing a very happy birthday to the NPS today. Our public lands are a true treasure.

Pictured: 
Canyon's Light, 2019

#grandcanyon #nps #nationalpark #unitedstates #westernart #art #natureart #oilpainting #landscape @bsky.art"
2026-08-25T16:04:48.663Z,u09,p4046,I'm so glad you enjoy it!
2026-08-25T16:02:20.509Z,u09,p4045,Thank you so much!
2026-08-25T16:01:09.462Z,u09,p4044,Really lovely!
2026-08-25T16:00:51.779Z,u09,p4043,How wonderful! I'm glad it brings back good memories!
2026-08-24T22:42:26.507Z,u09,p4042,"Point Sur stands along a sandy spit of land, catching the late afternoon light. This oil painting captures the beauty of California's Hwy 1 as it meanders by among the coastal cypress trees. 

Point Sur Vista
by Erin Hanson, 2023
Oil on canvas
30 x 48 in

#beach #california #oilpainting @bsky.art"
2026-08-24T22:38:15.629Z,u09,p4041,I'm so glad you enjoy this piece!
2026-08-21T14:48:55.859Z,u09,p4040,How lovely!
2026-08-21T14:47:18.909Z,u09,p4039,"About a day's hike east of Kolob Canyon, you end up in Hop Valley wash. For many miles, the trans-Zion trail leads you through soft, orange sand. 

Hop Valley Wash
by Erin Hanson, 2020
Oil on canvas
26 x 36 in

#BlueSkyArtShow #natureart #oilpainting #nps #zionnps #nationalpark @bsky.art #art"
2026-08-20T18:56:23.963Z,u09,p4038,"""California Vista II"" showcases the incredible color and beauty found along the California coastline. When I painted it, I wanted it to feel like a flurry of impressionistic paint strokes fell onto a canvas and just happened to arrange themselves into the shape of waves and cliffs.

#art #artist"
2026-08-20T18:23:20.507Z,u09,p4037,"No problem! I do have original work available, and if you're in the neighborhood, I'd love to see you at my gallery here in McMinnville. I have an exhibition of paintings with gold leaf underpainting coming up in November. :)"
2026-08-20T18:01:03.674Z,u09,p4036,"This painting of Japanese cherry blossoms captures the beautiful white and pink hues of cherry trees against viridian waters.

Weeping Gold 
by Erin Hanson, 2026
Oil on canvas
40 x 50 in 
www.erinhanson.com/portfolio/we...

#oilpainting #goldleaf #bloomscrolling #natureart #artist #art @bsky.art"
2026-08-20T17:59:20.330Z,u09,p4035,I'm so glad this piece speaks to you! I also love nature.
2026-08-20T17:54:06.440Z,u09,p4034,Thank you for sharing my work!
2026-08-20T17:53:20.954Z,u09,p4033,Thank you for sharing my work!
2026-08-20T17:51:25.398Z,u09,p4032,It's a truly glorious place.
2026-08-20T17:51:13.605Z,u09,p4031,"I hope she gets a chance to visit Portland again, soon."
2026-08-20T17:50:44.680Z,u09,p4030,I'm glad you like it!
2026-08-20T17:50:35.267Z,u09,p4029,Same here. 😉
2026-08-20T17:50:15.832Z,u09,p4028,Thank you for the recommendation! I will check him out. :)
2026-08-20T17:47:40.142Z,u09,p4027,It's a truly special tree.
2026-08-20T17:47:29.560Z,u09,p4026,It would be amazing for someone to take this piece as inspiration for a stained glass window. I'd love to see it!
2026-08-20T17:46:52.351Z,u09,p4025,"I'm sorry you don't feel that artists should make money from their work. As a full time artist, I disagree."
2026-08-20T17:45:05.321Z,u09,p4024,Thank you!
2026-08-20T17:44:53.985Z,u09,p4023,"Thank you for asking! The original has sold, but this piece is available as a textured replica or a print. You can find it here: www.erinhanson.com/portfolio/ma..."
2026-08-20T17:44:12.725Z,u09,p4022,It's a glorious garden!
2026-08-20T17:43:58.274Z,u09,p4021,Wonderful! It's such a beautiful tree.
2026-08-19T17:46:04.007Z,u09,p4020,"The famous maple tree at the Portland Japanese Garden is captured here in vivid hues of red, orange, and gold.

Maple Zen
by Erin Hanson, 2021
Oil on canvas
27 x 48 in 

www.erinhanson.com/portfolio/ma...

#autumnal #fall #treeclub #painter #pnw #nature #art @bsky.art"
2026-08-19T17:40:05.929Z,u09,p4019,Thank you for sharing my art!
2026-08-19T17:39:40.768Z,u09,p4018,Thank you for sharing my work!
2026-08-19T17:38:51.360Z,u09,p4017,I'm so glad!
2026-08-19T17:38:37.984Z,u09,p4016,You absolutely can! It just takes practice.
2026-08-19T17:38:05.362Z,u09,p4015,That's one of the things I love about sunflowers! :)
2026-08-19T17:37:51.705Z,u09,p4014,"Haha, thanks!"
2026-08-19T17:36:38.875Z,u09,p4013,Thank you!
2026-08-18T16:58:23.370Z,u09,p4012,"This impressionist painting of sunflowers was inspired by Provence, France. The golden blooms caught the first rays of morning light, one of the most beautiful things I have ever seen.

Sunflowers in Gold 
by Erin Hanson, 2026
Oil on canvas
16 x 20 in 
www.erinhanson.com/portfolio/su...
#art #france"
2026-08-17T17:33:30.583Z,u09,p4011,"Impressionistic brushstrokes capture the colorful vivacity of sunflowers in this painting inspired by a flower field in Oregon's Willamette Valley.

Gilded Blooms
by Erin Hanson, 2026
Oil on canvas
16 x 20 in
www.erinhanson.com/portfolio/gi...

#art #oilpainting #bloomscrolling #pnw @bsky.art"
2026-08-17T17:26:02.121Z,u09,p4010,Thank you for sharing my artwork!
2026-08-17T17:25:44.645Z,u09,p4009,Thank you!
2026-08-14T21:50:06.651Z,u09,p4008,"The Wooden Shoe Tulip Farm in Oregon transforms into a glorious expanse of sunflowers and other summer blooms. This painting captures the Oregon fields with Mt. Hood in the background.

Northwestern Sunflowers 
by Erin Hanson, 2026
Oil on canvas
26 x 36 in

#BlueSkyArtShow #earth #art @bsky.art"
2026-08-14T16:02:39.953Z,u09,p4007,"That's so fun! I'm not usually on here on Saturdays, but I'll see if I can participate. :)"
2026-08-14T16:01:54.698Z,u09,p4006,Thank you for sharing my work!
2026-08-14T16:01:33.444Z,u09,p4005,Thank you!
2026-08-14T16:01:25.873Z,u09,p4004,I'm so glad the texture speaks to you!
2026-08-14T16:01:09.639Z,u09,p4003,Thank you! 🙏
2026-08-13T17:54:49.044Z,u09,p4002,"Cannon Beach, Oregon, is beautiful at sunset, with bonfires lighting the sandy beach in every direction. The best part is watching the pelicans dance and swirl overhead, celebrating in the last rays of daylight.

Pelican Sky
by Erin Hanson, 2021
Oil on canvas
38 x 48 in

#BlueSkyArtShow #Earth #Art"
2026-08-13T17:43:22.217Z,u09,p4001,That's so kind of you to say! I hope you enjoy it!
2026-08-13T17:27:05.276Z,u09,p4000,Thank you! 🙏
2026-08-13T17:26:13.642Z,u09,p3999,I actually have worked with Allegretto Wines and provided art for some of their labels!
2026-08-13T17:24:58.119Z,u09,p3998,What a lovely way to describe it. Thank you!
2026-08-13T17:24:42.026Z,u09,p3997,Thanks! I used the Blue Sky Art Show tag because someone was kind enough to include it on another piece. Was there another tag I was also supposed to use?
2026-08-13T17:23:45.749Z,u09,p3996,I'm so glad you think so. Thank you from the bottom of my heart!
2026-08-13T17:23:30.929Z,u09,p3995,How wonderful! It's a truly inspirational place.
2026-08-13T17:23:05.167Z,u09,p3994,Sherwood is so beautiful! Thank you for sharing!
2026-08-13T17:21:42.202Z,u09,p3993,This piece is available! You can find it here: www.erinhanson.com/portfolio/wi...
2026-08-13T17:20:42.961Z,u09,p3992,Thank you!
2026-08-13T17:20:06.396Z,u09,p3991,That is such a beautiful moment!
2026-08-13T16:46:45.535Z,u09,p3990,"Endless fields of rich purple lupin blanket the coastal hills near Big Sur, California. This painting captures the vivid colors found during a bright springtime morning.

Dawning Lupin
by Erin Hanson, 2020
Oil on canvas
28 x 46 in
www.erinhanson.com/portfolio/da...

#california #impressionism #art"
2026-08-11T21:29:51.922Z,u09,p3989,Thank you!
2026-08-11T21:29:45.268Z,u09,p3988,Thank you so very much!
2026-08-11T21:29:26.608Z,u09,p3987,I'm so glad to hear that! And what a treat to get to drive through wine country often. I hope you always find a breathtaking view. :)
2026-08-11T19:35:51.456Z,u09,p3986,"Inspired by the view from the Newberg hills, looking down over the Willamette Valley towards the coastal range, this painting captures the beauty of Oregon's wine country.

Willamette Golds
by Erin Hanson, 2026
Oil on canvas
60 x 72 in

#blueskyartshow @bsky.art #oregon #pnw #winecountry #art"
2026-08-11T19:31:34.582Z,u09,p3985,I'm so glad that it speaks to you!
2026-08-11T19:31:19.491Z,u09,p3984,Thank you!
2026-08-11T19:30:56.924Z,u09,p3983,Thank you for sharing it!
2026-08-11T19:30:37.312Z,u09,p3982,Thank you so much for sharing my work. I really appreciate it.
2026-08-06T20:16:12.584Z,u09,p3981,"Monet's garden has given me endless inspiration. In this piece, I've added an extra layer of light with 24kt gold leaf, applied directly over the underpainting. 

Gilded Lilies 
by Erin Hanson, 2026
Oil on canvas
60 x 96 in
www.erinhanson.com/portfolio/gi...

#art #dailyart #waterlilies @bsky.art"
2026-08-06T20:12:57.033Z,u09,p3980,Thank you!
2026-08-06T20:12:45.974Z,u09,p3979,Thank you!
2026-08-04T19:40:10.682Z,u09,p3978,Thanks so much!
2026-08-04T19:39:55.126Z,u09,p3977,I'm so glad! Thank you!
2026-08-04T19:39:31.186Z,u09,p3976,It's such a pleasure to share my work. I'm glad it spoke to you.
2026-08-04T19:39:10.408Z,u09,p3975,Thank you!
2026-08-04T19:38:58.865Z,u09,p3974,That is so kind of you to say!
2026-08-04T19:38:37.726Z,u09,p3973,That's so kind of you to say!
2026-08-04T19:38:22.039Z,u09,p3972,Thank you!
2026-08-04T19:38:04.188Z,u09,p3971,"The first blooms of spring cling delicately to a Japanese cherry tree in this painting inspired by a recent trip to Kyoto, Japan.

Sakura Moon
by Erin Hanson, 2026
Oil on canvas
42 x 46 in
www.erinhanson.com/portfolio/sa...

#oilpainting #sakura #cherryblossoms #dailyart #art #artist @bsky.art"
2026-08-04T19:35:45.707Z,u09,p3970,I gasped. Thank you sharing it.
2026-08-04T19:35:24.743Z,u09,p3969,Beautiful! Thank you for sharing this photo.
2026-08-04T19:35:00.117Z,u09,p3968,I'm so glad that you find it soothing.
2026-08-04T19:34:26.188Z,u09,p3967,"LOL, no. For one, I am a woman."
2026-08-04T19:34:08.995Z,u09,p3966,I'm so glad you enjoy this piece!
2026-08-04T19:33:49.809Z,u09,p3965,I'm glad you find it soothing.
2026-07-31T18:25:21.230Z,u09,p3964,Thank you so much! 🙏
2026-07-31T18:23:36.148Z,u09,p3963,No problem at all. I am just so glad that my art is being shared. 💗
2026-07-31T18:21:55.350Z,u09,p3962,Thank you for sharing my artwork!
2026-07-31T18:21:14.636Z,u09,p3961,I'm so glad you like it. Thank you again for sharing it!
2026-07-31T18:19:54.587Z,u09,p3960,Thank you for sharing my work! I truly appreciate it!
2026-07-31T18:19:07.774Z,u09,p3959,Thank you for sharing my art. I really appreciate it!
2026-07-31T18:18:03.208Z,u09,p3958,Thank you for sharing my work!
2026-07-31T18:16:52.464Z,u09,p3957,That is such a beautiful quote. I hope you are surrounded by the people who make you happy today and every day.
2026-07-31T18:16:01.406Z,u09,p3956,Thank you!
2026-07-31T18:15:50.487Z,u09,p3955,I'm so glad! I'm really happy that it brings you joy.
2026-07-31T18:15:02.690Z,u09,p3954,"Thanks for sharing a panel from ""California Sky."" In case anyone is interested, here is the whole piece. It consists of four canvases. 
You can find more details about it here: www.erinhanson.com/portfolio/ca..."
2026-07-31T18:11:28.313Z,u09,p3953,"Thank you so much for sharing ""Coastal Vista."" I hope it brought you joy. :)"
2026-07-31T18:07:43.282Z,u09,p3952,"I missed this, but I just wanted to say that my Tuesday went swimmingly, and it's so kind of you to share my work. Thanks!"
2026-07-31T18:06:17.415Z,u09,p3951,"In this painting, I wanted to capture the feeling of water lilies floating on the surface of a still pond, filled with reflections of the clouds.

Lilies in the Clouds
by Erin Hanson, 2026
Oil on canvas
40 x 40 in
www.erinhanson.com/portfolio/li...
#dailyart #lilypond #art #artist #womanartist"
2026-07-30T20:49:06.001Z,u09,p3950,"Sunny sunflowers glitter with gold in this impressionist oil painting by Erin Hanson. Thick brushstrokes of oil captures the movement and vivacity of these blooms.

Sunflower Sky
by Erin Hanson, 2026
Oil on canvas
16 x 8 in

www.erinhanson.com/portfolio/su...
#sunflowers #bloomscrolling #dailyart"
2026-07-29T16:51:27.691Z,u09,p3949,"Texas Hill Country is a beautiful place for spring wildflowers. Splashes of color blanket the landscape, from bluebonnets to black-eyed-Susan's.

Wildflower Golds
by Erin Hanson, 2026
Oil on canvas
60 x 40 in
www.erinhanson.com/portfolio/wi...

#art #originalart #oilpainting #dailyart @bsky.art #tx"
2026-07-28T16:37:55.899Z,u09,p3948,Thank you!
2026-07-28T16:37:37.844Z,u09,p3947,"Layers of orange paint depict Paso Robles' rolling hills. The purple thistles in the foreground contrast with the mandarin hills. 

Thistles on Orange 
by Erin Hanson, 2016
Oil on canvas
40 x 30 in
www.erinhanson.com/portfolio/th...

#erinhanson #oilpainting #art #dailyart #naturescenery @bsky.art"
2026-07-27T17:30:21.241Z,u09,p3946,"Windswept pines grow along the ragged shores of central Oregon, their twisted branches reflecting the movement of the westerly winds.

Coastal Pines
by Erin Hanson, 2021
Oil on canvas
36 x 50 in
www.erinhanson.com/portfolio/co...

#art #dailyart #oilpainting @bsky.art #oregon #pnw #coatalart #artist"
2026-07-27T17:28:47.060Z,u09,p3945,Thank you! 🙏
2026-07-24T20:51:19.115Z,u09,p3944,"Rich hues of sunset reflect off the wet sand in this painting of Monterey, on the California coast. The impasto brush strokes are loose and expressive, capturing the vivacity and movement of the scene. 

Reflections of Color 
by Erin Hanson, 2023
Oil on canvas
50 x 36 in

#oilpainting #art #dailyart"
2026-07-24T17:04:45.908Z,u09,p3943,I hope all of the art you see here continues to inspire you and bring you joy. :)
2026-07-24T17:04:22.012Z,u09,p3942,I'm so glad!
2026-07-23T18:17:19.921Z,u09,p3941,"The mammoth waterfalls along Lewis Creek Trail are captured here in bold, impasto brush strokes and vibrant color.

Lewis River Trail 
by Erin Hanson, 2021
Oil on canvas
26 x 30 in

www.erinhanson.com/portfolio/le...

#art #impressionism #dailyart @bsky.art #womenartist #landscape #contemporaryart"
2026-07-23T18:14:49.684Z,u09,p3940,"That comparison is such an enormous compliment! Thank you! Cezanne is, of course, hugely inspirational to me."
2026-07-23T18:12:54.471Z,u09,p3939,"There wasn't snow on the hiking trails surrounding the mountain last summer, but the mountain was certainly snowcapped!"
2026-07-23T18:11:50.292Z,u09,p3938,Yes.
2026-07-23T18:11:24.392Z,u09,p3937,Thank you so much!
2026-07-23T18:11:07.732Z,u09,p3936,Thank you!
2026-07-22T19:20:36.560Z,u09,p3935,"The trail to the summit of Mt Rainier is one of the most beautiful hikes I've ever done. Lush grasses and abundant wildflowers blanket the landscape in color.

Mt Rainier Peak 
by Erin Hanson, 2025
Oil on canvas
30 x 40 in

erinhanson.com/portfolio/mt...

#art #dailyart @bsky.art #wa #pnw #painting"
2026-07-22T19:12:01.028Z,u09,p3934,I'm pleased that it has that effect on you!
2026-07-22T19:11:43.328Z,u09,p3933,I'm so glad you like it!
2026-07-21T17:29:50.853Z,u09,p3932,"Beautiful flecks of color dance through the branches of these oaks, their overhanging branches forming a cool tunnel of shade protecting the hiking trail. 

Into the Woods
by Erin Hanson, 2015
Oil on canvas
48 x 48 in 
www.erinhanson.com/portfolio/in...

#impressionism #art #dailyart @bsky.art"
2026-07-21T17:28:06.580Z,u09,p3931,I'm so glad they speak to you!
2026-07-21T17:27:52.792Z,u09,p3930,What a lovely description! Thank you!
2026-07-21T17:27:38.121Z,u09,p3929,I'm so glad you love this piece!
2026-07-20T18:16:02.506Z,u09,p3928,"Fresh off the Easel! 
I hope this painting draws you in and makes you feel like you are standing on the edge of a cliff overlooking the Pacific Ocean.

California Vista II
by Erin Hanson, 2026
Oil on canvas
60 x 48
www.erinhanson.com/portfolio/ca...
#dailyart #art #oilpainting🎨 @bsky.art #california"
2026-07-20T18:11:35.113Z,u09,p3927,Thank you!
2026-07-20T18:11:12.917Z,u09,p3926,Thank you! 🙏
2026-07-20T18:10:40.751Z,u09,p3925,Thank you!
2026-07-17T18:45:58.419Z,u09,p3924,"This petite canvas captures a path in the French countryside. I was inspired to paint these trees while visiting a monastery near Rouen, France.

French Viridian
by Erin Hanson, 2024
Oil on canvas
16 x 10 in
www.erinhanson.com/portfolio/fr...

#art #dailyart #natureart #treeclub #france @bsky.art"
2026-07-17T15:56:55.673Z,u09,p3923,It's the only thing I make! Glad to post it. :)
2026-07-17T15:55:00.040Z,u09,p3922,"I've been asked that before, but I haven't had it checked."
2026-07-17T15:54:31.525Z,u09,p3921,Those are such cool ideas! Thank you!
2026-07-17T15:53:53.361Z,u09,p3920,What a compliment!
2026-07-17T15:53:44.965Z,u09,p3919,"I hope many, many artists will be inspired to create art now and into the future."
2026-07-17T15:53:08.463Z,u09,p3918,"Oh, I'm so glad!"
2026-07-17T15:52:52.136Z,u09,p3917,What a compliment! Thank you!
2026-07-17T15:52:24.777Z,u09,p3916,Really lovely. Thank you.
2026-07-17T15:52:13.867Z,u09,p3915,I'm glad it speaks to you!
2026-07-17T15:52:00.659Z,u09,p3914,Thank you!
2026-07-16T18:25:58.116Z,u09,p3913,"The still waters of a lily pond reflect the colors of late afternoon light. This painting was inspired by the gardens in the Norton Simon Museum in Pasadena.

Lilies Reflection
by Erin Hanson, 2019
Oil on canvas
36 x 28 in
www.erinhanson.com/portfolio/li...

#waterlilies #california #art"
2026-07-15T18:28:07.750Z,u09,p3912,Thank you!
2026-07-15T18:27:18.770Z,u09,p3911,"Impressionistic hues of oil paint bring to life this scene of ancient pine trees silhouetted against the sun setting beyond the Pacific Ocean. 

Sunset Pines II
by Erin Hanson, 2026
Oil on canvas
12 x 16 in

#oceanscape #naturelover #oilpainting🎨 #beauty #naturescenery @bsky.art"
2026-07-10T17:32:29.087Z,u09,p3910,"The thick brush strokes of oil paint stand off the canvas with spontaneous energy and motion, causing the painting to come alive.

La Quinta Dawn
by Erin Hanson, 2015
Oil on canvas
36 x 80 in

#westernart #art #dailyart #oilpainting🎨 #sciart #bluesky #naturalbeauty @fineartgallery.bsky.social"
2026-07-10T17:28:58.329Z,u09,p3909,Thank you so much! I will.
2026-07-10T17:28:31.691Z,u09,p3908,Love bluebonnets!
2026-07-09T16:36:16.950Z,u09,p3907,"Fresh off the Easel!

I love finding cozy compositions in Texas during the spring, framed by oak trees and apple-green grass. 

Bluebonnet Hill Country
by Erin Hanson, 2026
Oil on canvas
26 x 36 in
www.erinhanson.com/portfolio/bl...

#art #artist #dailyart #painting #oilpainting @bsky.art"
2026-07-09T16:33:10.344Z,u09,p3906,Thanks so much!
2026-07-09T16:33:03.182Z,u09,p3905,"Haha, I love that!"
2026-07-09T16:32:55.638Z,u09,p3904,Thank you!
2026-07-08T19:18:42.823Z,u09,p3903,"Date palms in the Coachella Valley stretch into a vivid sunset sky, their elegant shapes silhouetted against the darkening sky. 

Date Palms
by Erin Hanson, 2016
Oil on canvas
30 x 24 in

#westernart #desertart #impressionism #art #dailyart @bsky.art"
2026-07-07T23:44:48.406Z,u09,p3902,"Arizona is full of inspiration, and the Grand Canyon is one of those places that I will never get tired of painting. Please enjoy ""Dawning Canyon.""

www.erinhanson.com/portfolio/da...

#art #dailyart #nps #grandcanyon #natureart @bsky.art"
2026-07-07T15:18:41.870Z,u09,p3901,"Final sale day!

It's the last day of our 20% off everything sale. This includes a rare discount on Erin Hanson originals!

Use code HAPPYJULY at checkout for 20% off books, prints, 3D replicas, and originals. 

Pictured: Park Reflections

#art #sale #discount #discountcode #dailyart #artist"
2026-07-06T20:16:37.161Z,u09,p3900,"Monet's water lily garden inspired this contemporary impressionism painting. Completed in Hanson's signature Open Impressionism style, this 5-paneled painting captures the blues and greens of France.

Expanse of Lilies
by Erin Hanson, 2025
Oil on canvas
36 x 120 in

#monet #monetinspired #art"
2026-07-06T20:14:16.457Z,u09,p3899,Thank you!
2026-07-03T17:20:24.757Z,u09,p3898,I'm so glad!
2026-07-02T18:41:02.915Z,u09,p3897,"Thick brushstrokes of impressionistic color dance across the canvas, creating a tapestry of color and light that engages the eye and soothes the soul.

Coastal Poppies VI 
by Erin Hanson, 2026
Oil on canvas
30 x 48 in

www.erinhanson.com/portfolio/co...

#art #dailyart @bsky.art #natureart #painting"
2026-07-01T21:04:41.647Z,u09,p3896,"This painting captures a vase of hydrangea and peonies in front of an apricot-hued curtain. I love how the subtle color variations let me be flexible and expressive in my brushwork.

Hydrangeas
by Erin Hanson, 2024
Oil on canvas
34 x 20 in

#art #bloomscrolling #stillife #abstract #impressionism"
2026-07-01T20:49:53.251Z,u09,p3895,Thank you! I'm so glad it speaks to you.
2026-06-30T23:08:30.618Z,u09,p3894,"In January of this year, I was out on a walk, and I came across this maple tree with a few autumn-colored leaves clinging to its branches. The dark red leaves looked so bright and joyful against the cold winter blue sky; I just had to paint it. 

Pictured: Maple in Blue

#art @bsky.art #oilpainting🎨"
2026-06-30T20:11:23.980Z,u09,p3893,Thank you!
2026-06-30T20:11:13.771Z,u09,p3892,That is so kind of you to say! Thank you.
2026-06-30T16:47:31.895Z,u09,p3891,"Santa Barbara has a beautiful stretch of Pacific coastline with white sand beaches lined with shaggy palms and aqua-colored agave plants.

Agave and Coast
by Erin Hanson, 2025
Oil on canvas
32 x 40 in

www.erinhanson.com/portfolio
20% off discount with code HAPPYJULY

#art #dailyart @bsky.art"
2026-06-30T16:43:34.387Z,u09,p3890,Thanks for the tag! This is really a wonderful piece.
2026-06-30T16:42:51.790Z,u09,p3889,It's a wonderful view!
2026-06-29T20:17:35.971Z,u09,p3888,"This painting was inspired by the headlands above Cannon Beach. It is alive with movement and impasto paint. 

Oregon Coast 
by Erin Hanson, 2021
Oil on canvas
16 x 20 in

#dailyart #art #oregon #pnw #natureart #painter #oilpainting🎨 @fineartgallery.bsky.social"
2026-06-29T20:14:34.255Z,u09,p3887,"I'm fortunate that I create physical artwork, and AI can't paint with oils just yet."
2026-06-29T20:14:00.216Z,u09,p3886,Thank you!
2026-06-26T21:01:36.213Z,u09,p3885,"Step into an impressionistic world of light and unexpected color. This oil painting brings to life a vista of summer reflections inspired by Texas Hill Country.

Summer Reflections 
by Erin Hanson, 2026
Oil on canvas
20 x 24 in

Fresh off the Easel

#oilpainting🎨 #art #dailyart #texas @bsky.art"
2026-06-25T18:00:52.768Z,u09,p3884,"Valley of Fire State Park is one of my original stomping grounds. I was drawn to the bold colors and strong compositional elements in the red rocks, and my favorite rock formation to paint is called the ""Seven Sisters."" 

Seven Sisters at Dawn 
by Erin Hanson, 2026
Oil on canvas
48 x 36 in
#art"
2026-06-25T17:57:14.295Z,u09,p3883,Thank you! It takes a very special scanner to make that happen!
2026-06-25T17:56:35.463Z,u09,p3882,I know. I took this photo last year and have been contemplating how to paint this piece ever since.
2026-06-24T21:07:58.902Z,u09,p3881,"As summer drifts into fall, the Willamette Valley becomes saturated in a rainbow of colors ranging from deep red and lavender to burnt orange and cadmium yellow.

Willamette Vines
by Erin Hanson, 2026
Oil on canvas
36 x 48 in
www.erinhanson.com/portfolio/wi...

#dailyart #artist #oilpainting🎨 #art"
2026-06-24T21:05:31.289Z,u09,p3880,"Wow, thank you!"
2026-06-24T21:05:24.996Z,u09,p3879,So glad you enjoy it!
2026-06-24T21:05:07.595Z,u09,p3878,Thank you!
2026-06-23T18:24:08.396Z,u09,p3877,"""Texan Sky III"" is my most popular piece here on social media, which means the other two pieces in this series don't get seen nearly as much. 

I've shared all three of them here. Which one speaks to you the most?

Pictured:
Texan Sky
Texan Sky II
Texan Sky III"
2026-06-23T18:00:27.726Z,u09,p3876,Thank you so much! I love how you've described the bridge that I did my best to capture.
2026-06-23T17:59:35.549Z,u09,p3875,Thank you. 🙏
2026-06-23T17:58:26.622Z,u09,p3874,It would fit right in!
2026-06-23T17:57:33.736Z,u09,p3873,I sell prints of all of my work. :) This piece can be found here: www.erinhanson.com/portfolio/ce...
2026-06-23T17:56:57.448Z,u09,p3872,That is very kind of you to say.
2026-06-23T17:56:42.183Z,u09,p3871,That is so kind of you to say. Thank you!
2026-06-23T17:56:21.873Z,u09,p3870,"Oh wow! What a compliment to have an oil painting mistaken for stained glass. Truly, that's an effect I often go for, but don't always succeed at creating. Thank you."
2026-06-23T17:55:24.729Z,u09,p3869,Yes.
2026-06-23T17:55:12.760Z,u09,p3868,Van Gogh is a huge influence on my work.
2026-06-23T17:54:51.329Z,u09,p3867,I'm so glad you feel it. 😀
2026-06-23T17:54:36.237Z,u09,p3866,Thank you!
2026-06-23T17:54:26.188Z,u09,p3865,Thank you!
2026-06-23T17:54:15.987Z,u09,p3864,That's very kind of you to say!
2026-06-23T17:54:02.549Z,u09,p3863,Thank you so much!
2026-06-22T17:55:05.907Z,u09,p3862,"Standing near Adelaida Winery, you can see the whole landscape of Paso Robles spreading out below you, rolling hills layered upon rolling hills, stretching all the way to the coastal range. 

Summer Light
by Erin Hanson, 2022
Oil on canvas
32 x 46 in

#pasorobles #winecountry #naturebeauty #art"
2026-06-22T17:50:41.143Z,u09,p3861,I think Bob Ross in timelapse would be faster than me. 😁
2026-06-19T21:59:13.585Z,u09,p3860,That's far too kind.
2026-06-19T21:58:50.907Z,u09,p3859,Thank you! 🙏
2026-06-19T21:56:29.918Z,u09,p3858,Thank you so much.
2026-06-19T21:56:13.568Z,u09,p3857,That is so kind of you to say. Thank you!
2026-06-19T21:55:54.713Z,u09,p3856,I am definitely influenced by all those who have come before me - and my work does primarily focus on post impressionism and fauvism.
2026-06-19T21:52:58.884Z,u09,p3855,That's really kind of you to say. Thank you!
2026-06-19T21:52:41.512Z,u09,p3854,Wow. That is so kind of you to say. Thank you so much!
2026-06-19T21:52:28.653Z,u09,p3853,What a lovely title suggestion!
2026-06-19T21:52:08.283Z,u09,p3852,Thank you so much. They were and continue to be enormous inspirations to me and so many others.
2026-06-19T21:51:43.015Z,u09,p3851,Thank you. That means a lot.
2026-06-19T16:52:48.082Z,u09,p3850,"I painted this in tribute to two master artists, David Hockney and Paul Cezanne. It features pines that I saw during my visit to Cezanne's hometown. Hockney, Cezanne, and I have always loved trees throughout our careers. I hope it is a fitting tribute.

Pictured: Cezanne's Pines, 2026

#art #tribute"
2026-06-19T14:50:18.604Z,u09,p3849,Thank you so much!
2026-06-19T14:50:06.529Z,u09,p3848,I'm so glad you agree that it needed that huge canvas! Thank you.
2026-06-19T14:49:23.607Z,u09,p3847,Thank you so much!
2026-06-18T19:08:33.091Z,u09,p3846,"Wide brushstrokes of oil paint capture the aquamarine blue hues of Lone Cypress. This graceful tree stands atop a rocky outcropping that turns dusky rose in the fading golden hour light. 

Lone Cypress Blues
by Erin Hanson, 2026
Oil on canvas
26 x 36 in

#dailyart #california #CAart #art @bsky.art"
2026-06-17T17:51:26.740Z,u09,p3845,Thank you so much!!
2026-06-17T17:37:23.856Z,u09,p3844,"Fresh off the Easel!
The sheer magnitude of Mt Rainier was overwhelming. This work captures my emotional state seeing the peak. I hope it moves you the way it moved me.

Alpine Majesty
by Erin Hanson, 2026
Oil on canvas
72 x 108 in

www.erinhanson.com/portfolio/al...
#oilpainting🎨 #art #dailyart"
2026-06-17T17:34:50.345Z,u09,p3843,Thank you!
2026-06-16T17:05:04.175Z,u09,p3842,"Soft colors of late afternoon illuminate this landscape of California wine country. The gnarled oak stands large against the softly rolling hills and cultivated land.

Oak and Hills
by Erin Hanson, 2017
Oil on canvas
40 x 60 in
www.erinhanson.com/portfolio/oa...

#oaks #treepeople #art #dailyart"
2026-06-15T18:33:15.990Z,u09,p3841,"The Woodburn Tulip festival is famous for its Holland-like splendor of tulip blooms. Multi-colored rows of tulips celebrate the glory of spring.

Woodburn Tulips
by Erin Hanson, 2021
Oil on canvas
30 x 24 in

#tulips #bloomscrolling #floral #naturelovers #natureart #oilpainting🎨 @bsky.art #dailyart"
2026-06-15T17:56:08.673Z,u09,p3840,"Join me on a 7-day riverboat cruise down the Rhine River!

From Oct 13 to 20, 2026, a group of fans, collectors, and I will journey from Amsterdam, Netherlands to Basel, Switzerland on a luxury cruise down the Rhine. 

Space is limited. 

Details: www.erinhanson.com/Event/Nether...

#art @bsky.art"
2026-06-12T17:10:16.262Z,u09,p3839,That is so kind of you to say! I'm always here and I can't see a future where I stop painting. :)
2026-06-12T16:51:59.377Z,u09,p3838,"Sunny sunflowers glitter with glamorous golds in this impressionist oil painting by Erin Hanson. Thick brushstrokes of oil captures the movement and vivacity of these blooms.

Sunflower Sky 
by Erin Hanson, 2026
Oil on canvas
16 x 8 in 

#bloomscrolling #sunflower #florals #dailyart #art @bsky.art"
2026-06-12T16:32:03.641Z,u09,p3837,Thank you!
2026-06-11T19:18:26.477Z,u09,p3836,"The Grand Canyon is a painter's paradise... every morning and every sunset the canyon looks different. This painting was inspired by an early morning out at Hopi Point. 

Canyon's First Light
by Erin Hanson, 2025
Oil on canvas
72 x 40 in

#nps #grandcanyon #sciart #dailyart @bsky.art #art #painting🎨"
2026-06-10T16:06:16.604Z,u09,p3835,"Bold, impressionist paint strokes capture a blue glass vase with a bouquet of sunflowers. 

Sunflowers on Red
by Erin Hanson, 2026
Oil on canvas
40 x 50 in

www.erinhanson.com/portfolio/su...

#stilllife #sunflowers #floral #bloomscrolling #oilpainting🎨 #femaleartist @fineartgallery.bsky.social"
2026-06-10T16:02:49.348Z,u09,p3834,Thank you!
2026-06-10T16:02:34.314Z,u09,p3833,That would be really lovely!
2026-06-05T16:03:15.020Z,u09,p3832,"Fresh off the Easel!

I visited New York's Central Park for the first time this year. I was struck by how much natural beauty was preserved in the middle of a huge city. 

Park Reflections
by Erin Hanson, 2026
Oil on canvas
36 x 24 in

#oilpainting #art #dailyart @bsky.art #nyc #centralpark"
2026-06-04T19:32:11.577Z,u09,p3831,"A curving road leads you through the idyllic landscape of Paso Robles in California wine country. The twisting branches of the oak tree cast long shadows across the pathway, creating a pattern of blue and purple. 

Oaken Walk
by Erin Hanson, 2018
Oil on canvas
30 x 40 in
#winecountry #dailyart #art"
2026-06-03T15:23:44.785Z,u09,p3830,"Every year, I am stunned by the incredible beauty of the desert during the golden hour. 

This oil painting showcases the beautiful color, snow-dusted mountains, and lanky palms I found during my visit to the La Quinta Art Celebration.

Please enjoy La Quinta Golds.

#desert #california #oilpainting"
2026-06-01T21:35:35.434Z,u09,p3829,"Billowing stacks of clouds catch the golden hour light and give the whole landscape an apricot glow. This painting is alive with color and motion.

Billowing Sky
by Erin Hanson, 2026
Oil on canvas
50 x 40 in
www.erinhanson.com/portfolio/bi...
#originalart #artwork #womensart #dailyart @bsky.art"
2026-06-01T21:29:48.648Z,u09,p3828,Thank you so much! I'm glad you enjoy it!
2026-05-29T19:04:50.411Z,u09,p3827,"I had never been inspired to paint a cityscape until I visited New York City in May of 2026. 

New York Light
by Erin Hanson, 2026
Oil on canvas
32 x 48 in
www.erinhanson.com/portfolio/ne...

#impressionism #dailyart #art #painting🎨 @bsky.art"
2026-05-29T16:41:56.711Z,u09,p3826,Best wishes for a swift recovery. Be well!
2026-05-28T17:28:06.360Z,u09,p3825,"Sneak Peek!

I usually gather inspiration from the beauty of the outdoors, and for the first time, this includes a cityscape! 

""Central Park Skyline"" is not yet available on the website. 

#dailyart @bsky.art #artist #oilpainting🎨 #womanartist #contemporaryart #canvasart #impressionism"
2026-05-27T20:38:44.704Z,u09,p3824,"Mendocino, California, tucked away on a remote coastline in Northern California, is one of the most picturesque landscapes I have ever painted.

Mendocino Hues
by Erin Hanson, 2024
Oil on canvas
30 x 20 in

#colorfulart #art #artist #dailyart #nature #canvasart @bsky.art"
2026-05-26T17:46:02.982Z,u09,p3823,"""Scarlet Poppies"" shares the deep emotions that a gorgeous bloom of poppies stirred in me. Sometimes the most beautiful thing you can find is in your neighborhood or your hometown. I am so glad that I encountered these lovely blooms, and I hope you enjoy them, too.

#blooms #poppies #timelapse #art"
2026-05-26T16:17:39.575Z,u09,p3822,What a kind compliment! Thank you so much!
2026-05-26T16:17:25.363Z,u09,p3821,How gorgeous!
2026-05-26T16:17:15.977Z,u09,p3820,Thank you!
2026-05-25T18:15:55.430Z,u09,p3819,"Fresh off the Easel! 

I knew I had to capture these scarlet poppies on a canvas large enough to convey the emotional impact they had on me.

Scarlet Poppies
by Erin Hanson, 2026
Oil on canvas
96 x 72 in
www.erinhanson.com/portfolio/sc...

#bloomscrolling #oilpainting🎨 #dailyart #artist @bsky.art"
2026-05-22T16:39:47.026Z,u09,p3818,"I love wine country best in October, when the vineyards turn hues of golden yellow, and the grass grows bright apple green in between the rows of grapes.

Dundee Hills
by Erin Hanson, 2023
Oil on canvas
60 x 48 in

#winecountry #oregon #pnw #dailyart #art #oilpainting🎨 @fineartgallery.bsky.social"
2026-05-22T16:27:55.800Z,u09,p3817,Thank you so much!
2026-05-21T17:05:52.703Z,u09,p3816,"Waves of impressionistic color ripple through the windswept grasses in this painting of the Willamette Valley, Oregon. 

Crystal Grass
by Erin Hanson, 2021
Oil on canvas
28 x 48 in
www.erinhanson.com/portfolio/cr...

@bsky.art #art #oilpainting #treeclub #painting🎨 #dailyart #natureart #painter"
2026-05-19T20:21:07.269Z,u09,p3815,How lovely!
2026-05-19T20:20:08.945Z,u09,p3814,What an incredibly kind compliment! Thank you!
2026-05-19T20:16:06.614Z,u09,p3813,"Vivid layers of color scintillate on the canvas, glowing with the beautiful light of central California wine country. This painting captures the life and motion of the wide outdoors, inspired by Carmel Valley.

Mandarin Hills 
by Erin Hanson, 2016
Oil on canvas
36 x 48 in

#winecountry #california"
2026-05-18T20:26:40.671Z,u09,p3812,"Fresh off the Easel! 

This painting captures some of my favorite madrones, which I found on Orcas Island. I love the way their red, flaky bark looks against the Northwestern backdrop of blues and greens. 

San Juan Madrones
by Erin Hanson, 2026
Oil on canvas
36 x 60 in

#art #dailyart #pnw #trees"
2026-05-18T20:25:59.182Z,u09,p3811,Thank you!
2026-05-18T20:25:46.829Z,u09,p3810,I'm so glad!
2026-05-15T20:40:42.869Z,u09,p3809,"Haystack Rock in Cannon Beach is a famous destination on the Oregon coast. The silhouette of the enormous boulder stands starkly against a vibrant sunset sky.

Sunset Reflections
by Erin Hanson, 2021
Oil on canvas
56 x 56 in

#dailyart @bsky.art #art #oregon #cannonbeach #oilpainting #impressionism"
2026-05-14T19:57:20.926Z,u09,p3808,"This painting has me thinking of the summer sunrise in Palm Springs. 

Golden hour is my favorite time of day, and capturing the hues of sunrise while the birds are singing and the world is waking up is a truly special experience.

I hope you enjoy Palm Lights!

#oilpainting #goldenhour #art #artist"
2026-05-13T16:03:52.779Z,u09,p3807,I'm so glad!
2026-05-13T16:03:04.837Z,u09,p3806,"The twisted branches of the Monterey cypress tree catch the early morning light near Carmel, California. The thick, impressionist brush strokes convey motion and light between the trees.

Cypress Color 
by Erin Hanson, 2019
Oil on canvas
30 x 40 in

#impressionism #california #cypress #treepeople"
2026-05-12T18:08:08.771Z,u09,p3805,"I wanted to set off the velvet-dark colors of a purple iris flower, contrasting against the pale viridian hues of the leaves.

Purple Iris
by Erin Hanson, 2026
Oil on canvas
28 x 36 in

www.erinhanson.com/portfolio/pu...

#dailyart #iris #spring #oilpainting #bloomscrolling @bsky.art"
2026-05-12T18:03:16.453Z,u09,p3804,Thank you so much for saying that!
2026-05-12T18:02:49.617Z,u09,p3803,Thank you!
2026-05-08T15:57:14.618Z,u09,p3802,Thank you so much for featuring my work!
2026-05-07T22:51:58.242Z,u09,p3801,Thank you!
2026-05-07T22:51:35.844Z,u09,p3800,"Watching the sun rise over Emerald Bay in Lake Tahoe is worth waking up early to see. The quiet expanse of wilderness stretches as far as the eye can see in every direction.

Emerald Bay
by Erin Hanson, 2026
Oil on canvas
24 x 30 in

#originalart #oilpainting🎨 #art #dailyart @bsky.art #natureart"
2026-05-06T20:14:29.708Z,u09,p3799,"A winding country road in Texas Hill Country is shadowed by willowy oak trees casting delicate patterns across the path. 

Crystalline Oaks
by Erin Hanson, 2021
Oil on canvas
24 x 30 in

@bsky.art #dailyart #art #artist #oilpainting #crystallight #womanartist"
2026-05-06T20:12:06.793Z,u09,p3798,Thank you so much!
2026-05-06T20:11:52.471Z,u09,p3797,I appreciate you saying that!
2026-05-06T20:11:31.310Z,u09,p3796,Thank you so much!
2026-05-05T17:24:10.556Z,u09,p3795,Thank you!
2026-05-05T17:24:01.520Z,u09,p3794,Thank you so much for sharing this piece. :)
2026-05-05T16:33:02.971Z,u09,p3793,"The Mojave Desert has beautiful color year-round. I love painting the desert in the summer when the sagebrush are dry and white, a beautiful contrast to the reddish sand of the desert floor. 

Desert Brush
by Erin Hanson, 2019
Oil on canvas
50 x 34 in 

#dailyart #westernart #californiaimpressionism"
2026-05-05T16:31:27.323Z,u09,p3792,Love Haystack Rock
2026-05-04T17:56:36.462Z,u09,p3791,"The iconic Haystack Rock at Cannon Beach is captured in vivid hues of ultramarine and apricot. Thick brushstrokes of impasto oil paint add dimension and movement to the piece. 

""Haystack Rock II""
by Erin Hanson, 2026
Oil on canvas
24 x 40 in

#oilpainting #originalart #dailyart #pnw #haystackrock"
2026-05-04T17:54:33.372Z,u09,p3790,Wow. Thank you!
2026-05-04T17:53:55.060Z,u09,p3789,Thank you!
2026-05-04T17:53:42.702Z,u09,p3788,I'm so glad!
2026-05-04T17:53:24.539Z,u09,p3787,I hope this piece brings you joy!
2026-05-04T17:52:07.726Z,u09,p3786,I'm so glad you love it!
2026-05-04T17:51:49.151Z,u09,p3785,What a lovely place to grow up!
2026-05-04T17:50:58.016Z,u09,p3784,It truly is such a special place!
2026-05-01T21:17:04.044Z,u09,p3783,"This painting was inspired by the Woodburn Tulip Festival in Oregon's Willamette Valley. The sky was clear and blue, and you could see all the way to Mt. Hood in the distance. 

Hood Tulips
by Erin Hanson, 2026
Oil on canvas
50 x 38 in

@bsky.art #dailyart #oilpainting🎨#art #oregon #woodburn #tulips"
2026-05-01T21:13:31.035Z,u09,p3782,It's quite the place.
2026-05-01T21:13:08.095Z,u09,p3781,Thank you! They are such fascinating subjects.
2026-05-01T17:58:00.250Z,u09,p3780,"Oh, you're so kind. That is some beautiful pottery."
2026-05-01T17:57:23.084Z,u09,p3779,Thank you so much for sharing my piece!
2026-05-01T17:57:02.880Z,u09,p3778,"They are so beautiful in the spring! Really, all year round. :)"
2026-04-30T15:43:30.693Z,u09,p3777,"Vibrant color gleams from this desertscape. The expressionist, almost abstract quality of the clouds and landscape create a sense of beauty beyond the ordinary desert colors.

Motion of Ocotillo
by Erin Hanson, 2016
Original oil painting
72 x 60 in

#westernart #impressionism #oilpainting🎨 #art"
2026-04-29T19:38:18.421Z,u09,p3776,"Carmel-by-the-Sea is captured in vivid, saturated hues, and impasto brush strokes. This petite oil painting captures all the wide vista of the sea on a small canvas.

Carmel Blues
Original Oil Painting
by Erin Hanson, 2022
16 x 20 in

#california #oilpainting #art #dailyart @bsky.art #femaleartist"
2026-04-29T19:12:40.276Z,u09,p3775,Yes! You can find it on my website here: www.erinhanson.com/portfolio/sa...
2026-04-29T19:11:58.049Z,u09,p3774,Thank you!
2026-04-29T19:11:32.910Z,u09,p3773,Thank you so much for the feature!
2026-04-29T19:10:57.402Z,u09,p3772,Thank you so much!
2026-04-28T16:49:38.194Z,u09,p3771,"Japanese cherry blossoms glow with the reflected colors of sunset in this painting of Kyoto, Japan. Thick brushstrokes of oil paint capture an expressionistic, joyful explosion of color.

Sakura Sunset
Original Oil Painting
by Erin Hanson, 2026
20 x 24 in

#sakura #bloomscrolling #floralart #art"
2026-04-28T16:47:16.451Z,u09,p3770,Thank you!
2026-04-28T16:47:00.610Z,u09,p3769,The quality of light during this time is so unique. That is what draws me.
2026-04-27T21:45:05.899Z,u09,p3768,Thank you!
2026-04-27T21:12:26.200Z,u09,p3767,"This painting is alive with color and motion--each brushstroke of oil paint placed side by side is emotive and free, expressing the luminous colors of sunset.

Billowing Sky
Original Oil Painting
by Erin Hanson, 2026
50 x 40 in

#dailyart #art #goldenhour #sunset #oilpainting🎨 #artist @bsky.art"
2026-04-23T21:12:20.661Z,u09,p3766,"This painting was inspired by my annual trip to Schreiner's Iris Gardens in Oregon. This little group of pale orange peonies caught my attention, and I just had to paint their exquisite colors.

Peonies on Green
Original Oil Painting
by Erin Hanson, 2026
30 x 20 in

#dailyart #art #bloomscrolling"
2026-04-22T17:09:51.175Z,u09,p3765,Thank you!
2026-04-22T17:09:03.665Z,u09,p3764,"Happy Earth Day!
I hope you take some time today to celebrate the Earth and all the beauty that it holds. 

Pictured:
French Viridian, 2024
Zion Radiance, 2025
Etretat in Bloom, 2024
Spring Vines, 2023"
2026-04-21T17:47:05.302Z,u09,p3763,"Tall northwestern pine trees cast long shadows across the rolling hills of the Willamette Valley, Oregon's wine country. Apple green grass flows with color, bright by contrast with the royal blue shadows

Vineyard Shadows
Original Oil Painting
by Erin Hanson, 2023
30 x 40 in

#dailyart #art #oregon"
2026-04-21T17:45:36.597Z,u09,p3762,Thank you!
2026-04-20T21:18:48.987Z,u09,p3761,"Monet's water lily garden in Giverny is an ever-renewing source of inspiration for me. In this piece, I wanted to capture the feeling of water lilies floating on a surface filled with reflections of the clouds. 

Lilies in the Clouds
Original Oil Painting
by Erin Hanson, 2026
40 x 40 in

#dailyart"
2026-04-20T21:16:50.793Z,u09,p3760,Thank you! I hope you had a wonderful morning!
2026-04-20T21:16:30.666Z,u09,p3759,Summertime
2026-04-20T21:16:20.002Z,u09,p3758,Thanks so much!
2026-04-17T17:20:53.040Z,u09,p3757,"When I drove up onto the high and windy plateaus of Provence, with the Swiss Alps far in the distance, I was immediately captivated by the rolling plains of purple lavender rows.

Hills of Provence
Original Oil Painting 
by Erin Hanson, 2026
28 x 36 in

#art #artist #oilpainting🎨 #france @bsky.art"
2026-04-17T17:18:57.037Z,u09,p3756,That's so kind of you to say!
2026-04-16T19:11:18.308Z,u09,p3755,"The recognizably rainbow hues of the Grand Canyon pop from the canvas in this oil painting by American impressionist Erin Hanson.

Amethyst Light
Original Oil Painting
by Erin Hanson, 2022
30 x 40 in
www.erinhanson.com/portfolio/am...

#nps #grandcanyon #art #dailyart #contemporaryartist @bsky.art"
2026-04-15T20:38:08.488Z,u09,p3754,"For this painting, I wanted to compose a painting designed to set off the velvet-dark colors of a purple iris flower, contrasting against the pale viridian hues of the leaves.

Purple Iris
Original Oil Painting
by Erin Hanson, 2026
28 x 36 in

#artist #oilpainting🎨 #bloomscrolling #dailyart #art"
2026-04-15T20:35:59.288Z,u09,p3753,Thank you!
2026-04-14T17:17:28.365Z,u09,p3752,"The stately ocotillo is most beautiful in spring, when it is covered in tiny green leaves and bright red flowers burst from the ends of each stalk. 

Ocotillo Sunset
Original Oil Painting
by Erin Hanson, 2023
48 x 36 in

#southwest #westernart #dailyart #art @bsky.art #oilpainting #desertart"
2026-04-14T17:14:35.830Z,u09,p3751,Thank you so much!
2026-04-14T17:14:25.503Z,u09,p3750,That is so kind of you to say!
2026-04-14T17:14:11.837Z,u09,p3749,I wish you could!
2026-04-14T17:14:02.026Z,u09,p3748,Thank you!
2026-04-14T17:13:28.378Z,u09,p3747,How lovely!
2026-04-14T17:13:19.446Z,u09,p3746,Thank you!
2026-04-13T18:27:33.113Z,u09,p3745,Thank you!
2026-04-13T18:25:45.507Z,u09,p3744,Thanks for making sure to add a credit! I really appreciate it!
2026-04-13T18:23:35.819Z,u09,p3743,"Fresh off the Easel!

The first blooms of spring cling delicately to a Japanese cherry tree in this painting inspired by a recent trip to Kyoto, Japan.

Sakura Moon
Original Oil Painting 
by Erin Hanson, 2026
42 x 46 in

www.erinhanson.com/portfolio/sa...

#oilpainting🎨 #dailyart #art @bsky.art"
2026-04-10T17:59:05.091Z,u09,p3742,"Irises bloom in late spring across Oregon's countryside, in colors ranging from orange and yellow to blue and purple. 

Irises Garden
Original Oil Painting
by Erin Hanson, 2023
30 x 24 in

www.erinhanson.com/portfolio/ir...

#bloomscrolling #iris #natureart #art #dailyart #contemporaryart @bsky.art"
2026-04-10T16:58:06.779Z,u09,p3741,Thank you so much!!
2026-04-08T21:21:10.442Z,u09,p3740,"In the springtime, the Willamette Valley's wine country transforms into an idyllic paradise of viridian and emerald. This painting captures the pattern of green vineyards growing near Newberg, Oregon.

Emerald Vines
Original Oil Painting
by Erin Hanson, 2026
24 x 48 in

#pnw #dailyart @bsky.art #art"
2026-04-08T20:15:26.492Z,u09,p3739," It's drying in the racks, but if you come on by, please let us know you'd like to see it in person and we can show it to you!"
2026-04-08T20:14:46.801Z,u09,p3738,Thank you so much!
2026-04-08T20:14:27.320Z,u09,p3737,What a compliment! Thank you.
2026-04-07T18:27:59.099Z,u09,p3736,That's so kind of you to say!
2026-04-07T18:27:43.532Z,u09,p3735,Thank you!
2026-04-07T17:59:29.135Z,u09,p3734,"Fresh off the Easel!

This piece depicts the fall colors I found in a valley near Geirangerfjord.

Autumn's Valley
Original Oil Painting
by Erin Hanson, 2026
40 x 60 in

www.erinhanson.com/portfolio/au...

#dailyart #originalpainting #oilpainting🎨 #dailyart #norway @bsky.app #natureart #landscape"
2026-04-07T17:57:45.105Z,u09,p3733,That is so kind of you to say!
2026-04-06T18:06:00.797Z,u09,p3732,"When I visited Monet's garden in person last year, I was inspired to paint his water lilies in different colored light as well.

Cobalt Light
Original Oil Painting
by Erin Hanson, 2025
16 x 10 in

#monet #lilies #lilypond #floral #oilpainting #sciart #dailyart #art @fineartgallery.bsky.social"
2026-04-03T16:57:55.738Z,u09,p3731,"Fresh off the Easel!

One of my favorite views in Norway was from Stegastein. This painting captures the dawn light seeping down in the steep fjords, alive with the motion of color.

Stegastein View
Original Oil Painting
by Erin Hanson, 2026
30 x 36 in

#art #oilpainting🎨 #originalart @bsky.art"
2026-04-03T16:43:03.265Z,u09,p3730,Thank you!
2026-04-03T00:28:06.180Z,u09,p3729,"Motion in the sky, motion in the landscape, this painting is alive with color and texture! The subtle lavenders in the sky are set off by the thick, impasto paint and autumn colors of the eucalyptus blowing in the wind.

Windy Hill
Original Oil Painting 
by Erin Hanson, 2013
36 x 48 in

#dailyart"
2026-04-02T23:50:59.191Z,u09,p3728,Thank you!
2026-04-01T20:39:57.236Z,u09,p3727,"Green, late summer vines crest the top of a hillside in Paso Robles wine country. This painting was inspired by Adelaida Vineyards, located on the highest peaks between Paso and the coastal range. 

Hilltop Vines
Original Oil Painting
by Erin Hanson, 2022
36 x 60 in

#impressionism #art #dailyart"
2026-03-31T23:37:53.110Z,u09,p3726,"When I visited one of the famous parks in Osaka, Japan, hundreds of cherry trees were in bloom. The ancient trees were gnarled and beautiful, with their textured boughs darkened by the recent rainfall.

Cherry Sky
Original Oil Painting
by Erin Hanson, 2024
10 x 16 in

#cherryblossoms #bloomscrolling"
2026-03-31T23:28:00.631Z,u09,p3725,Thanks for the feedback!
2026-03-30T16:07:51.059Z,u09,p3724,"Fresh off the Easel!

Painted with my open impressionist technique, this piece is filled with wild color, vibrant beauty, and plenty of movement.

The Sunflower
Original Oil Painting 
by Erin Hanson, 2026
108 x 72in
www.erinhanson.com/portfolio/th...

#oilpainting #art #dailyart #sunflower @bsky.art"
2026-03-27T23:22:25.913Z,u09,p3723,"This is the largest sunflower painting I've ever done!

www.youtube.com/watch?v=EkIE...

#sunflower #bloomscrolling #art #dailyart @bsky.art"
2026-03-27T23:19:25.693Z,u09,p3722,Thank you so much! I'm glad you enjoy my artwork.
2026-03-26T16:36:03.806Z,u09,p3721,"Parc Monceau is the most beautiful park I visited while in Paris. The lush gardens around the ancient-looking colonnade transported me to a simpler, peaceful time. 

Parc Monceau
Original Oil Painting
by Erin Hanson, 2024
www.erinhanson.com/portfolio/pa...
#france #impressionism #oilpainting #art"
2026-03-25T18:10:41.970Z,u09,p3720,Thank you so much!
2026-03-25T18:10:27.818Z,u09,p3719,I'm so glad that this piece speaks to you!
2026-03-25T18:09:47.733Z,u09,p3718,"The Lone Cypress, located on a rocky outcropping over the Pacific Ocean, gets almost a million visitors every year. This painting captures the stalwart cypress in hues of glowing sunset.

Pebble Beach Cypress
Original Oil Painting 
by Erin Hanson, 2025
28 x 48 in
#lonecypress #california #art"
2026-03-24T21:16:50.387Z,u09,p3717,"I discovered this arbor when exploring landscapes to paint during the golden hour in Sequim Bay, WA. The sunlight glowed at the end of the tunnel, contrasting with the greenery. 

Path of Trees
Original Oil Painting
by Erin Hanson, 2025
20 x 36 in

#oilpainting🎨 #colorfulart #sciart #art #dailyart"
2026-03-24T21:12:02.838Z,u09,p3716,Thank you very much!
2026-03-24T21:11:43.421Z,u09,p3715,"I release calendars annually that are budget-friendly if that's the issue. :) And thank you, it takes a lot of work to make a living in the art world, that's for sure!"
2026-03-24T21:09:27.642Z,u09,p3714,Thank you!
2026-03-23T16:36:46.589Z,u09,p3713,"Large sunflower blooms blossom with color across this large, impressionistic painting. 

Sunflower Gold
Original Oil Painting 
by Erin Hanson, 2022
48 x 48 in
www.erinhanson.com/portfolio/su...

#sunflowers #bloomscrolling #stilllife @bsky.art #oilpainting🎨 #art #dailyart #painter"
2026-03-23T16:32:19.661Z,u09,p3712,That's so kind of you to say! 🙏
2026-03-23T16:32:01.655Z,u09,p3711,Yes it is! Good eye!
2026-03-23T16:30:34.098Z,u09,p3710,That's so kind of you to say!
2026-03-23T16:30:07.060Z,u09,p3709,Thank you!
2026-03-20T21:45:13.405Z,u09,p3708,"A spray of yellow wildflowers draw the eye into this expressionist landscape of Paso Robles, California. The wild purple thistles and rolling California hills create an idyllic landscape. 

Thistles and Blooms
Original Oil Painting
by Erin Hanson, 2023
40 x 32 in

#art #dailyart @bsky.art #blooms"
2026-03-19T20:54:31.865Z,u09,p3707,Thank you!
2026-03-19T17:51:10.947Z,u09,p3706,"Crystalline, sunset light filters through a grove of oak trees. The patterns of light and shadow stretch across the summer meadow, illuminating a field of Queen Anne's lace.

Sunset Lace
Original Oil Painting
by Erin Hanson, 2022
48 x 60 in

#bloomscrolling @fineartgallery.bsky.social #dailyart"
2026-03-18T16:59:48.340Z,u09,p3705,"Long springtime grasses curve and ripple in the breeze, amidst a flurry of multi-colored wildflowers. The impressionistic brush strokes capture the movement of the scene.

Wildflower Blooms
Original Oil Painting
by Erin Hanson, 2021
36 x 60 in

Original Sold

#art @bsky.art #painting #impressionism"
2026-03-17T16:44:15.179Z,u09,p3704,"Happy Saint Patrick's Day!

It's the perfect day to celebrate the incredible greenery found around the world. I hope you enjoy these pieces!

Pictured: 
Olive Trees at Arles, 2024
Sea Stacks, 2023
Arbor Path, 2019
Big Bend Canyon, 2018

#saintpatricksday #green #sciart #dailyart #art @bsky.art"
2026-03-16T17:57:59.940Z,u09,p3703,"I hope so, but you never know."
2026-03-16T17:56:56.263Z,u09,p3702,"One early morning in June, I explored the vineyards surrounding Bordeaux, France. This impressionist painting captures the cool hues of dawn breaking through the rising mists.

Bordeaux Vineyard
Original Oil Painting
by Erin Hanson, 2024
24 x 30 in

#france #bordeaux #sciart #dailyart #art #artist"
2026-03-12T19:20:12.191Z,u09,p3701,Thank you!
2026-03-12T19:19:49.182Z,u09,p3700,"Spring and Saint Patrick's Day are right around the corner, so I thought we could celebrate with a sale!

All prints and 3D replicas are 20% off from now through March 17th. 

Pictured: Coastal in Green
www.erinhanson.com/portfolio

#coastalart #california #dailyart #art #womanartist #oilpainting🎨"
2026-03-11T20:38:54.416Z,u09,p3699,"Yellow irises bloom in the Oregon countryside, the colorful blooms a beautiful contrast against the rich green leaves. 

Yellow Irises
Original Oil Painting 
by Erin Hanson, 2021
38 x 28 in

#bloomscrolling #irises #oilpainting🎨 #art #dailyart @bsky.art #color #colorfulart #impressionism #flowers"
2026-03-11T20:31:29.241Z,u09,p3698,That is so kind of you to say!!
2026-03-10T20:58:11.553Z,u09,p3697,"Waves of impressionistic color ripple through the windswept grasses of the Willamette Valley, Oregon. The overhanging trees create overlapping patterns of color and texture between their branches. 

Crystal Grass
Original Oil Painting
by Erin Hanson, 2021
28 x 48 in

#oregon #pnw #art #painting🎨"
2026-03-09T19:50:41.065Z,u09,p3696,I love his little socks!
2026-03-09T19:50:21.524Z,u09,p3695,Really gorgeous!
2026-03-09T19:49:41.285Z,u09,p3694,Is this Jenny Aitken?
2026-03-09T19:41:15.804Z,u09,p3693,"Borrego Springs, nested in a desert valley between Palm Desert and San Diego, is an isolated haven of desert beauty.

Ocotillo in Color
Original Oil Painting
by Erin Hanson, 2023
26 x 36 in

Original Available
www.erinhanson.com/portfolio/oc...

#superbloom #bloomscrolling #ocotillo #natureart #art"
2026-03-04T21:25:59.835Z,u09,p3692,"I visited Kyoto, Japan, to photograph the Sakura season, Japanese cherry trees in bloom. This painting captures the view from Philosopher's Path, a winding walkway of large stones that traverses the width of Kyoto. 

Cherry Bloom Dusk
Original Oil Painting by Erin Hanson
2024
40 x 30 in

#dailyart"
2026-03-03T16:57:03.591Z,u09,p3691,"When I visited one of the famous parks in Osaka, Japan, hundreds of cherry trees were in bloom. The ancient trees were gnarled and beautiful, with their textured boughs darkened by the recent rainfall.

Cherry Sky
Original Oil Painting
by Erin Hanson, 2024
10 x 16 in

#bloomscrolling @bsky.art #art"
2026-03-02T22:19:38.376Z,u09,p3690,"Hues of turquoise, ultramarine, and cobalt are set off by velvety shades of purple in this painting of California's Highway 1.

Turquoise Waters
Oil Painting
by Erin Hanson, 2022
62 x 48 in

www.erinhanson.com/portfolio/tu...

#ocean #natureart #dailyart #painter #art @bsky.art #contemporaryart 🎨"
2026-02-28T00:07:40.685Z,u09,p3689,"Luscious, almost edible strokes of oil paint capture the brilliant colors of a sunset off the California coast near Santa Barbara.

Sunset in Reflection
Original Oil Painting
by Erin Hanson, 2023
12 x 16 in

#sunset #oilpainting🎨 #dailyart #art #artist #painting #sciart @fineartgallery.bsky.social"
2026-02-26T23:55:46.023Z,u09,p3688,"This painting captures the sun setting over Sequim Bay in Washington state. The brilliant rays of the golden hour imbue the landscape with hues of orange and gold. 

Lighted Madrone
Original Oil Painting
by Erin Hanson, 2025
25 x 32 in

#art #treeclub #sciart @bsky.art #dailyart #canvasart #pnw"
2026-02-26T22:46:25.834Z,u09,p3687,Thank you!
2026-02-26T22:46:16.570Z,u09,p3686,I'm so glad!
2026-02-26T22:45:49.520Z,u09,p3685,Thank you!
2026-02-26T22:45:43.061Z,u09,p3684,Yes! I'm @erinhansonartist on IG and The Erin Hanson Gallery on FB.
2026-02-25T17:07:10.035Z,u09,p3683,"From the east side of Grand Canyon's south rim, you can see all the way to the Colorado River. The turquoise waters glint with light in this oil painting, reflecting the brightening sky at daybreak.

Grand Canyon Light
Original Oil Painting 
by Erin Hanson, 2022
72 x 40 in

#nps #grandcanyon #art"
2026-02-25T17:05:51.146Z,u09,p3682,Thank you!
2026-02-24T22:04:24.640Z,u09,p3681,What a compliment!
2026-02-24T22:03:45.063Z,u09,p3680,Thank you!
2026-02-24T22:00:11.712Z,u09,p3679,"A vase of sunflowers poses before iridescently-hued wallpaper. Impressionistic color and expressive brushstrokes bring the painting to life. 

Wallpaper and Vase
Original Oil Painting
by Erin Hanson, 2022
28 x 38 in

#sunflowers #stilllife #bloomscrolling #oilpainting 🎨 @fineartgallery.bsky.social"
2026-02-23T17:08:19.444Z,u09,p3678,That's really lovely
2026-02-23T17:07:56.291Z,u09,p3677,Absolutely gorgeous!
2026-02-23T17:07:38.586Z,u09,p3676,Oh my goodness! So cute.
2026-02-23T17:06:46.662Z,u09,p3675,So ready for butterfly season!
2026-02-23T17:05:38.599Z,u09,p3674,"The Woodburn Tulip festival is famous for its Holland-like splendor of tulip blooms. Multi-colored rows of tulips celebrate the glory of spring.

Woodburn Tulips
Original Oil Painting
by Erin Hanson, 2021
30 x 24 in

#dailyart @bsky.art #art #tulips #spring #woodburn #oregon #natureart #oilpainting"
2026-02-23T17:03:12.997Z,u09,p3673,Yes! This piece is for sale. You can find it here: www.erinhanson.com/portfolio/bl...
2026-02-20T20:43:55.350Z,u09,p3672,"The Pacific Madronas of northern Washington are most beautiful after a drenching rainfall that saturates their dark red bark. This painting was inspired by an adventure through a deserted coastal landscape.

Dance of the Madronas
Original Oil Painting
by Erin Hanson, 2015
48 x 36 in

#dailyart #art"
2026-02-20T18:41:44.891Z,u09,p3671,I'm so glad you enjoy it!
2026-02-19T21:08:30.084Z,u09,p3670,"Acadia National Park in Maine is America's most visited national park. The beautiful lakes, epic rocky coastline, colorful sunrises, and quintessential fall color all make Acadia a painter's dream.

Acadia First Light
Original Oil Painting
by Erin Hanson, 2024
40 x 50 in

#oilpainting #dailyart #art"
2026-02-19T19:23:11.562Z,u09,p3669,I'm so glad this piece could brighten your day!
2026-02-19T16:59:56.351Z,u09,p3668,"Fresh off the Easel!

Northwestern sunflowers dance in the summer winds, sparkling with golden color against an azure sky.

Blooming Sky
Original Oil Painting
by Erin Hanson, 2026
30 x 24 in

www.erinhanson.com/portfolio/bl...

#floral #sunflowers #dailyart #art @bsky.art #oilpainting🎨#natureart"
2026-02-19T16:58:11.659Z,u09,p3667,Thank you!
2026-02-17T17:44:36.199Z,u09,p3666,"A vase of purple irises stands against damask wallpaper, the richly colored blooms blending and contrasting with the background.

Irises on Damask
Original Oil Painting
by Erin Hanson, 2024
30 x 48 in

www.erinhanson.com/portfolio/ir...

#irises #flowers #stilllife #floralart #originalpainting🎨 #art"
2026-02-17T17:20:21.977Z,u09,p3665,"Naeroydalen is a popular valley in Norway, bordered by dramatic cliffs and covered in greenery, giving the landscape rich and varied hues. I was able to explore the valley during my stay at Stalheim Hotel. 

Please enjoy ""Naeroydalen View.""
www.erinhanson.com/portfolio/na...

#norway #art #painting"
2026-02-17T17:11:20.475Z,u09,p3664,Thank you!
2026-02-17T17:11:04.805Z,u09,p3663,It's gorgeous!
2026-02-16T23:48:41.858Z,u09,p3662,That water though!
2026-02-16T23:48:22.976Z,u09,p3661,I love this. The color is great.
2026-02-16T23:48:06.626Z,u09,p3660,Gorgeous!
2026-02-16T23:47:34.558Z,u09,p3659,"Fresh off the Easel!

I have never seen more waterfalls than when I visited Norway. This painting captures the beautiful aquamarine colors of a small river running through the steep Norwegian mountains.

Norwegian Waters
Original Oil Painting
by Erin Hanson, 2026
46 x 26 in

#dailyart @bsky.art"
2026-02-16T23:45:43.352Z,u09,p3658,"Thank you for sharing ""Coastal Foam."" I hope you enjoyed this piece!"
2026-02-13T20:03:42.814Z,u09,p3657,"Tomorrow is the Rosé Soirée! 

We are excited to host Sokol Blosser tomorrow here at the gallery for a celebration of Sokol Blosser's rosé release. 

D A T E
Feb 14th, 2026
11:00am - 3:00pm

L O C A T I O N 
1805 NE Colvin Ct
McMinnville, OR 97128 
www.erinhanson.com/Event/roseso...
#art #wine"
2026-02-13T00:33:11.033Z,u09,p3656,Love it!
2026-02-13T00:32:43.293Z,u09,p3655,"A cluster of cultivated blooms glows with vibrant color in this oil painting by Erin Hanson. The curving, impressionistic brush strokes are reminiscent of van Gogh or Monet.

Blooming Vibrance
Original Oil Painting 
by Erin Hanson, 2022
23 x 15 in

#floral #sciart #dailyart #art #contemporaryartist"
2026-02-12T19:18:54.165Z,u09,p3654,Incredible!
2026-02-12T19:18:26.916Z,u09,p3653,What a shot! Wow.
2026-02-12T19:17:43.849Z,u09,p3652,"Wow, wow, wow. Glorious color and a great grout choice."
2026-02-11T21:05:25.778Z,u09,p3651,"This piece features the iconic Monterey cypress trees that grow near Carmel-by-the-Sea. Thick brushstrokes mimic the swirling waters peeking between the tree branches.

Cypress Blue
Original Oil Painting
by Erin Hanson, 2022
20 x 24 in

@womensartbluesky.bsky.social #art #dailyart #oilpainting🎨"
2026-02-10T17:35:38.889Z,u09,p3650,These illustrations are fascinating and really speak to the tone of the entire book.
2026-02-10T17:34:52.132Z,u09,p3649,Love the colors!
2026-02-10T17:34:22.072Z,u09,p3648,That is such a cool shot!
2026-02-10T17:33:25.047Z,u09,p3647,How beautiful!
2026-02-10T17:32:55.208Z,u09,p3646,"Borrego Springs, nested in a high desert valley between Palm Desert and San Diego, is an isolated haven of desert beauty, especially during a springtime superbloom. 

Ocotillo in Color
Original Oil Painting
by Erin Hanson, 2023
26 x 36 in
www.erinhanson.com/portfolio/oc...

#colorfulart #dailyart"
2026-02-09T21:16:43.159Z,u09,p3645,"""Fjord Reflections"" captures the beauty of the golden hour, reflected by the vast fjords in Norway. These fjords are just gorgeous, and I was so pleased to be able to capture clear, autumnal light reflecting off the crystalline water.
I hope you enjoy this piece!

#fjord #artreveal #norway #dailyart"
2026-02-09T17:12:39.960Z,u09,p3644,"La Jolla Cove is one of the prettiest little beaches in southern California. Nestled at the outskirts of San Diego, the Cove is a great place to catch a sunrise and go for a stroll.

La Jolla Light
Original Oil Painting 
by Erin Hanson, 2026
11 x 14 in

#smallworks #art #daillyart #artist @bsky.art"
2026-02-06T18:02:09.817Z,u09,p3643,"Zion National Park is gorgeous in the fall. The leaves of the cottonwoods flash a golden semaphore against the brilliant, autumnal sky and the red rock cliffs. It's such a special place. I am so pleased I get to share it with you!

Pictured: Zion Lights

#nps #nationalpark #art #dailyart @bsky.art 🎨"
2026-02-05T21:48:02.080Z,u09,p3642,"This painting captures a view from high up the side of Geirangerfjord, with two ancient pine tree sentinels looking over the fjord.

Ancients at the Fjord
Original Oil Painting
by Erin Hanson, 2026
30 x 40 in
www.erinhanson.com/portfolio/an...

#art #oilpainting🎨 #dailyart #norway #naturebeauty"
2026-02-05T18:19:21.340Z,u09,p3641,"Naeroydalen is a popular valley in Norway, bordered by dramatic cliffs and covered in greenery that gives the landscape rich and varied hues. I was able to explore the valley during my stay at Stalheim Hotel. 

Please enjoy ""Naeroydalen View.""

#timelapse #art #dailyart #Naeroydalen #landscape 🎨"
2026-02-04T18:19:54.406Z,u09,p3640,"Fresh off the Easel!

This painting captures the beauty of Mt. Rainier behind the ancient and winter-swept noble firs that grow at the base of the peak. 

Rainier Pines
Original Oil Painting 
by Erin Hanson, 2026
30 x 48 in

#pnw #mtrainier #oilpainting🎨 #dailyart @bsky.art #sciart #painting #nature"
2026-02-04T18:17:06.326Z,u09,p3639,Thank you!
2026-02-03T22:00:08.755Z,u09,p3638,"""Palm Lights"" captures stately palm trees set against a Palm Springs sunset. 

I love that moment when the entire sky transitions from bright blue to magical hues of pink and orange. I hope you do, too!

www.erinhanson.com/portfolio/pa...

#art #timelapse #westernart #dailyart @bsky.art"
2026-02-03T20:06:42.289Z,u09,p3637,"We are going to have so much fun on Valentine's Day! Will you be joining Sokol Blosser and my gallery team for our Rosé Soirée on February 14th?

www.erinhanson.com/Event/roseso...

#winerelease #artexhibition #artgallery #art #oregonwine #winecountry"
2026-02-03T19:57:16.073Z,u09,p3636,Thank you so much for sharing my piece!
2026-09-23T05:51:45.696Z,u02,p0963,💕
2026-09-23T05:51:30.466Z,u02,p0962,🙏
2026-09-23T05:50:17.367Z,u02,p0961,Thanks!
2026-09-23T03:48:36.920Z,u02,p0960,#abstractimpressionism #abstractart
2026-09-23T03:25:29.955Z,u02,p0959,"I tried for something else, but I liked the portal/layer look."
2026-09-23T01:24:11.037Z,u02,p0958,💕
2026-09-23T00:11:27.807Z,u02,p0957,#abstractimpressionism #abstractart #watercolorart #art #blueskyartshow
2026-09-22T19:05:15.168Z,u02,p0956,For sure
2026-09-22T17:50:56.366Z,u02,p0955,💕
2026-09-22T17:49:51.578Z,u02,p0954,#abstractimpressionism #abstractart #watercolorart #art #blueskyartshow
2026-09-22T14:11:42.445Z,u02,p0953,😆
2026-09-22T03:24:26.648Z,u02,p0952,#watercolorart #abstractart #art
2026-09-22T03:21:48.031Z,u02,p0951,:D
2026-09-22T03:21:31.652Z,u02,p0950,😊
2026-09-21T19:34:05.229Z,u02,p0949,❤️ 🙏
2026-09-21T19:01:56.220Z,u02,p0948,💕
2026-09-21T15:50:26.018Z,u02,p0947, #abstractart #watercolorart #art
2026-09-21T13:21:19.360Z,u02,p0946,❤️
2026-09-21T02:02:53.828Z,u02,p0945,Blood and glitter*
2026-09-21T02:02:20.937Z,u02,p0944,#abstractimpressionism #abstractart #watercolorart #blueskyartshow #art
2026-09-20T23:32:36.616Z,u02,p0943,💕 🙏
2026-09-20T20:12:58.964Z,u02,p0942,#watercolorart #blueskyartshow #art #abstractimpressionism #abstractart
2026-09-20T20:11:46.277Z,u02,p0941,For sure.
2026-09-20T20:11:30.996Z,u02,p0940,💕
2026-09-20T19:19:19.971Z,u02,p0939,"Sky architecture, I like it!"
2026-09-20T19:19:02.659Z,u02,p0938,💕
2026-09-20T15:58:32.633Z,u02,p0937,#abstractexpressionism #abstractart #blueskyartshow #art #artonbluesky
2026-09-20T03:40:51.775Z,u02,p0936,❤️
2026-09-20T03:40:25.730Z,u02,p0935,Thanks!
2026-09-19T23:26:31.859Z,u02,p0934,Thank you!
2026-09-19T22:30:03.440Z,u02,p0933,#abstractimpressionism #abstractart #watercolorart #art #blueskyartshow
2026-09-19T21:09:53.622Z,u02,p0932,❤️
2026-09-19T19:06:45.660Z,u02,p0931,Thank you!😊
2026-09-19T19:06:23.458Z,u02,p0930,Thank you!
2026-09-19T17:27:54.302Z,u02,p0929,🤘
2026-09-19T17:27:35.827Z,u02,p0928,:D
2026-09-19T14:23:13.899Z,u02,p0927,#abstractexpressionism #abstractart #blueskyartshow #artistonbluesky
2026-09-19T12:59:21.123Z,u02,p0926,💕
2026-09-19T04:34:27.132Z,u02,p0925,#abstractimpressionism #abstractart
2026-09-19T02:18:49.608Z,u02,p0924,I’m just happy it took a good picture. High gloss paint so hard to photograph.
2026-09-19T01:28:46.915Z,u02,p0923,#abstractexpressionism #abstractart
2026-09-18T17:52:38.299Z,u02,p0922,"Thank you, and for the previous nice words. I will look up the book! LitRPG is fun."
2026-09-18T17:42:15.790Z,u02,p0921,"I don’t know what vss means, also is that a book or …? Sorry I stay out of the loop. But share with whoever you want. 

This is a snippet of a really hard to photograph painting of mine. I will post the whole thing later today!"
2026-09-18T15:54:19.848Z,u02,p0920,"I am the furthest from that :), but I do love learning about new artists, styles or art history for sure. 👍"
2026-09-18T15:51:50.439Z,u02,p0919,#perspective #abstractart #acrylicart
2026-09-18T14:26:13.904Z,u02,p0918,😂
2026-09-18T14:25:57.468Z,u02,p0917,Style*
2026-09-18T14:25:37.260Z,u02,p0916,"I actually watched it, enlightening! It’s like a term for comic book art"
2026-09-18T14:24:09.272Z,u02,p0915,❤️
2026-09-18T14:23:49.062Z,u02,p0914,But thank you!
2026-09-18T14:23:22.106Z,u02,p0913,"Not available, it was a watercolor doodle and I don’t usually sell them. Sorry!"
2026-09-18T02:50:33.027Z,u02,p0912,#abstractimpressionism #abstractart
2026-09-18T01:54:03.154Z,u02,p0911,Love your description!
2026-09-17T23:06:51.267Z,u02,p0910,#perspective #acrylics #abstractart #blueskyartshow #artistonbluesky
2026-09-17T23:05:09.274Z,u02,p0909,"That’s okay, my friend gave me the name as well."
2026-09-17T05:18:12.882Z,u02,p0908,What am I looking at tho?
2026-09-17T05:00:25.370Z,u02,p0907,💗
2026-09-17T03:59:32.871Z,u02,p0906,#abstractexpressionism #abstractart
2026-09-17T03:39:17.551Z,u02,p0905,"I don’t know what that means! But, I will look. People buying my thing art is humbling, inspiring something is another level."
2026-09-17T03:35:59.106Z,u02,p0904,"To answer your question,

Using the paint I have left!"
2026-09-17T03:35:00.292Z,u02,p0903,I will have to look up a few things…
2026-09-17T01:36:13.262Z,u02,p0902,"Space is a Dark and Scary Place
#abstractexpressionism #abstractart #blueskyartshow #art #artonbluesky"
2026-09-16T21:32:14.891Z,u02,p0901,😁
2026-09-16T14:22:20.158Z,u02,p0900,#abstractart #acrylicart #acrylics #art #blueskyartshow #artistonbluesky
2026-09-16T01:57:31.490Z,u02,p0899,💕
2026-09-16T00:11:29.950Z,u02,p0898,#abstractart #acrylicart #acrylics #art #blueskyartshow #artistonbluesky
2026-09-15T14:21:44.381Z,u02,p0897,#perspective #abstractart #acrylicart #blueskyartshow #art #artonbluesky
2026-09-15T03:32:39.984Z,u02,p0896,#abstractimpressionism #abstractart
2026-09-15T03:02:59.810Z,u02,p0895,Nice!
2026-09-15T00:09:36.586Z,u02,p0894,
2026-09-15T00:08:53.567Z,u02,p0893,#abstractexpressionism #abstractart
2026-09-14T20:26:44.340Z,u02,p0892,Agreed!
2026-09-14T15:11:08.242Z,u02,p0891,#perspective #abstractart #acrylicart #acrylics #blueskyartshow #abstract
2026-09-14T03:04:10.523Z,u02,p0890,"I like this one cause it looks like one of my perspective shots but it’s actually straight on. I see kabuki makeup and a butterfly, or the world melting :D"
2026-09-14T00:08:36.842Z,u02,p0889,#abstractexpressionism #abstractart #blueskyartshow #art #artonbluesky
2026-09-13T15:34:22.494Z,u02,p0888,#perspective #acrylics #abstractart #blueskyartshow #artistonbluesky
2026-09-13T13:51:53.613Z,u02,p0887,"❤️ 

Ooo"
2026-09-13T01:12:42.928Z,u02,p0886,
2026-09-13T01:11:43.311Z,u02,p0885,"I tried using my air compressor, it was different lol"
2026-09-13T00:16:57.216Z,u02,p0884,#abstractimpressionism #abstractart #abstractexpressionism #acrylicart
2026-09-12T21:39:21.671Z,u02,p0883,#abstractart #acrylicart #abstract #art #blueskyartshow #artistonbluesky
2026-09-12T20:32:22.170Z,u02,p0882,:D
2026-09-12T17:25:37.468Z,u02,p0881,Love the title
2026-09-12T15:00:12.203Z,u02,p0880,#perspective #acrylics #abstractart #blueskyartshow #artistonbluesky
2026-09-12T02:52:18.009Z,u02,p0879,Nice.
2026-09-12T02:51:34.449Z,u02,p0878,❤️
2026-09-12T00:56:06.120Z,u02,p0877,#abstractexpressionism #abstractart #blueskyartshow #art #artonbluesky
2026-09-11T20:46:29.681Z,u02,p0876,"Good to know.

Am I looking at something like warhammer?"
2026-09-11T14:07:56.563Z,u02,p0875,#perspective #acrylics #abstractart #blueskyartshow #artistonbluesky
2026-09-11T13:58:01.500Z,u02,p0874,❤️
2026-09-11T13:35:09.561Z,u02,p0873,:D 💕
2026-09-11T04:18:50.643Z,u02,p0872,#escape #art #abstractart #acrylics
2026-09-11T02:58:38.620Z,u02,p0871,I def have problems standing still :)
2026-09-11T02:37:16.349Z,u02,p0870,The obvious “Swept Away”
2026-09-11T02:33:01.991Z,u02,p0869,"You’re the first who isn’t sinking, so that’s nice. 🙂"
2026-09-11T02:32:15.299Z,u02,p0868,Bot define carapace
2026-09-11T02:31:54.457Z,u02,p0867,"I like the sinking reference, 💕"
2026-09-11T02:31:02.561Z,u02,p0866,I’m think you’ve gone overboard at this point x.x
2026-09-11T00:24:47.229Z,u02,p0865,#abstractexpressionism #abstractart #abstractimpressionism #blueskyart
2026-09-10T22:33:20.157Z,u02,p0864,💕
2026-09-10T15:02:56.229Z,u02,p0863,#etsy #abstract #abstractart #art #acrylics #acrylicart #blueskyart
2026-09-10T01:37:33.009Z,u02,p0862,#abstractexpressionism #abstractart
2026-09-09T20:16:57.248Z,u02,p0861,💕
2026-09-09T18:23:24.908Z,u02,p0860,#perspective #acrylics #abstractart
2026-09-09T04:21:22.549Z,u02,p0859,💕
2026-09-09T04:20:56.995Z,u02,p0858,"Deep, 😢"
2026-09-09T04:19:55.039Z,u02,p0857,❤️
2026-09-09T01:15:59.734Z,u02,p0856,
2026-09-09T01:15:44.286Z,u02,p0855,#abstractexpressionism #abstractart #blueskyartshow #art #artonbluesky
2026-09-09T00:33:01.927Z,u02,p0854,
2026-09-09T00:32:47.144Z,u02,p0853,#etsy #abstractart #acrylics #art #blueskyartshow #artistonbluesky
2026-09-08T15:47:00.569Z,u02,p0852,#perspective #abstractart #acrylicart
2026-09-08T14:20:21.557Z,u02,p0851,"Hell ya, 🤘"
2026-09-08T14:19:44.215Z,u02,p0850,💕
2026-09-08T00:25:09.550Z,u02,p0849,"It’s nice to sell them; makes me want to paint more often. But it’s not why k do it, so it’s okay either way."
2026-09-08T00:24:17.861Z,u02,p0848,#abstractexpressionism #abstractart #blueskyartshow #art #acrylicart
2026-09-07T19:58:53.207Z,u02,p0847,"Hah, I guess I should make prints of my stuff!"
2026-09-07T17:39:17.901Z,u02,p0846,#perspective #messy #acrylics #art #abstractart #abstract #blueskyart
2026-09-07T13:25:21.559Z,u02,p0845,💕
2026-09-07T04:53:10.382Z,u02,p0844,🫟 💕
2026-09-07T04:49:51.939Z,u02,p0843,"Horror nights early? Jk, very nice."
2026-09-07T03:36:36.359Z,u02,p0842,"I am currently hanging it, it’s okay."
2026-09-07T03:32:16.752Z,u02,p0841,You would be horrified to see what I do with … “the others”
2026-09-07T03:30:40.176Z,u02,p0840,"Your bear is cute.

My bear would look like a murder scene :/"
2026-09-07T01:46:38.984Z,u02,p0839,Wish I had the temperament for water color.
2026-09-07T01:45:09.709Z,u02,p0838,I love that you love it!
2026-09-07T01:43:11.620Z,u02,p0837,"Well this one I am currently hanging, so it holds reverence with me. It’s def landscape on my wall though… for now."
2026-09-07T01:37:47.283Z,u02,p0836,
2026-09-07T00:19:07.658Z,u02,p0835,#abstractexpressionism #abstractart #blueskyartshow #art #blueskyart
2026-09-06T19:55:05.751Z,u02,p0834,#abstractimpressionism #abstractart #abstractexpressionism #acrylicart #blueskyartshow #artistonbluesky
2026-09-06T18:51:07.008Z,u02,p0833,Or sometimes a softener depending on the paint.
2026-09-06T18:43:08.837Z,u02,p0832,Added some kind of thickener. And then flung the canvas a bunch :D
2026-09-06T14:58:34.922Z,u02,p0831,#perspective #abstractart #acrylicart #blueskyartshow #art #artonbluesky
2026-09-06T13:11:31.124Z,u02,p0830,😂 🙏
2026-09-06T13:10:55.374Z,u02,p0829,😊
2026-09-06T13:10:41.016Z,u02,p0828,❤️
2026-09-06T03:14:28.820Z,u02,p0827,💕
2026-09-06T03:14:03.211Z,u02,p0826,Don’t do that!
2026-09-06T02:03:09.333Z,u02,p0825,#perspective #acrylics #blueskyart #abstractart #abstractart #acrylicart #blueskyartshow #artistonbluesky
2026-09-06T00:30:20.295Z,u02,p0824,:D
2026-09-05T15:20:39.630Z,u02,p0823,#perspective #abstractart #acrylicart #blueskyartshow #art #blueskyart
2026-09-05T05:30:01.979Z,u02,p0822,#abstractart #abstract #art #acrylics
2026-09-05T03:16:53.891Z,u02,p0821,"I’ve painted over mine like 9 times, also have def posted some wall art before."
2026-09-05T03:15:50.927Z,u02,p0820,❤️
2026-09-05T02:13:02.247Z,u02,p0819,
2026-09-05T00:34:45.943Z,u02,p0818,#abstractimpressionism #abstractart #impressionismart #blueskyartshow
2026-09-04T15:18:53.112Z,u02,p0817,#perspective #abstractart #acrylicart #blueskyartshow #art #artonbluesky
2026-09-04T13:15:37.312Z,u02,p0816,I definitely like this one :D
2026-09-04T02:21:08.724Z,u02,p0815,"I wouldn’t know, I paint in my garage which is windowless :D"
2026-09-04T01:17:49.423Z,u02,p0814,:D
2026-09-04T01:17:32.643Z,u02,p0813,"I love the difference, I’m sure my phone is doing some altering, but one is in a sun room vs bedroom with minimal natural light."
2026-09-04T00:25:37.998Z,u02,p0812,#differentlighting #nofilter
2026-09-04T00:24:54.461Z,u02,p0811,#abstractexpressionism #abstractart #abstractimpressionism #acrylicart #blueskyartshow #art #artonbluesky
2026-09-03T16:21:58.917Z,u02,p0810,"<3, 🙏"
2026-09-03T13:58:55.671Z,u02,p0809,#perspective #abstractart #acrylicart #blueskyart #art #artistonbluesky
2026-09-03T03:37:19.468Z,u02,p0808,"I meant him not you…

But me too."
2026-09-03T03:35:53.110Z,u02,p0807,:D
2026-09-03T03:34:49.651Z,u02,p0806,
2026-09-03T03:28:47.022Z,u02,p0805,He is crying on the inside.
2026-09-03T01:38:12.651Z,u02,p0804,#abstractimpressionism #abstractart
2026-09-02T21:39:21.780Z,u02,p0803,#abstractexpressionism #abstractart #blueskyartshow #art #artonbluesky
2026-09-02T16:09:00.881Z,u02,p0802,Thank you!
2026-09-02T16:08:45.963Z,u02,p0801,🥰
2026-09-02T14:36:04.793Z,u02,p0800,#perspective #acrylics #abstractart #acrylicart #art #blueskyartshow
2026-09-02T02:55:17.336Z,u02,p0799,":D love your space description, hard to not see the cosmos in this one."
2026-09-02T01:11:55.844Z,u02,p0798,#abstractexpressionism #abstractart #expressionismart #blueskyartshow
2026-09-01T20:24:35.409Z,u02,p0797,"Pondweed
#perspective #abstractart #acrylicart #blueskyartshow #art #artonbluesky￼"
2026-09-01T15:11:16.308Z,u02,p0796,#abstractexpressionism #abstractart #blueskyartshow #artistonbluesky
2026-09-01T03:15:51.997Z,u02,p0795,"Skirting the Veil
#abstractimpressionism #abstractart"
2026-09-01T01:59:12.368Z,u02,p0794,Bot eyes = bad eyes
2026-09-01T01:24:07.472Z,u02,p0793,🙌
2026-08-31T20:37:08.320Z,u02,p0792,"#wip #acrylics #background #art #abstractart #acrylicart #blueskyart
#blueskyartshow #artistonbluesky"
2026-08-31T17:11:48.483Z,u02,p0791,:D
2026-08-31T17:11:33.587Z,u02,p0790,🙏
2026-08-31T15:53:14.325Z,u02,p0789,❤️ nice!
2026-08-31T14:53:11.488Z,u02,p0788,#abstractexpressionism #abstractart #blueskyartshow #art #blueskyart
2026-08-31T13:48:24.301Z,u02,p0787," it looks better in person! 
Gloss paint + shiny paint = hard to photo."
2026-08-31T13:29:15.254Z,u02,p0786,💕
2026-08-31T03:00:35.944Z,u02,p0785,I just throw a lot of paint :D
2026-08-31T00:58:18.351Z,u02,p0784,#abstractexpressionism #abstractart #blueskyartshow #art #artonbluesky
2026-08-30T21:35:11.314Z,u02,p0783,I use larger ones cause of my chaotic methods. Anywhere from 10x10in to 24x28in / 10x30in are my largest attempts so far. This is a 12x16in.
2026-08-30T20:03:39.193Z,u02,p0782,#abstractexpressionism #abstractart #blueskyartshow #artistonbluesky
2026-08-30T18:58:43.205Z,u02,p0781,💕
2026-08-30T14:39:47.740Z,u02,p0780,"Honestly, I get that one more than the sex thing :D"
2026-08-30T14:38:36.715Z,u02,p0779,#abstractexpressionism #abstractart #blueskyartshow #art #artonbluesky
2026-08-30T13:12:36.788Z,u02,p0778,💕
2026-08-30T13:12:06.465Z,u02,p0777,…always?
2026-08-30T04:32:50.184Z,u02,p0776,#abstractart #expressionismart #art
2026-08-30T01:46:46.346Z,u02,p0775,
2026-08-30T01:45:58.177Z,u02,p0774,"I see a skull eye, and I won’t be able to unsee it. But I like the title."
2026-08-30T00:42:38.048Z,u02,p0773,#abstractart #acrylicart #blueskyart #blueskyartshow #art #artonbluesky
2026-08-29T20:12:49.494Z,u02,p0772,#abstractexpressionism #abstractart #blueskyartshow #10x30in #acrylics
2026-08-29T14:57:31.122Z,u02,p0771,🥰
2026-08-29T12:53:36.231Z,u02,p0770,#abstractexpressionism #abstractart #blueskyartshow #art #artonbluesky
2026-08-29T12:52:06.804Z,u02,p0769,☺️
2026-08-29T02:08:10.746Z,u02,p0768,#abstractexpressionism #abstractart #blueskyartshow #artistonbluesky
2026-08-29T02:03:00.483Z,u02,p0767,❤️
2026-08-28T21:58:08.778Z,u02,p0766,"❤️, I do like that it looks like a cosmic background picture."
2026-08-28T21:57:00.467Z,u02,p0765,🙏 🙏
2026-08-28T19:47:16.871Z,u02,p0764,#abstractexpressionism #abstractart
2026-08-28T19:46:38.399Z,u02,p0763,💕
2026-08-28T15:46:55.455Z,u02,p0762,#perspective #acrylics #acrylicart #art #blueskyartshow #artonbluesky
2026-08-28T03:47:45.878Z,u02,p0761,"It’s a vivid filter, high gloss hard to photo :/ original is the main, <3"
2026-08-28T03:46:15.240Z,u02,p0760,
2026-08-28T03:45:24.349Z,u02,p0759,No thanks bot boy
2026-08-28T03:44:21.041Z,u02,p0758,"I call it HocusPocus in my head. Cause of the black flame. 
Reddit really dislikes landscapes but I have this hanging as such. 🤫"
2026-08-28T03:36:21.999Z,u02,p0757,I guess sit down for viewing purposes.
2026-08-28T01:44:52.462Z,u02,p0756,#abstractart #esty #acrylicart #art #blueskyartshow #artistonbluesky
2026-08-28T01:43:41.971Z,u02,p0755,Hard to photo cause of high gloss :/
2026-08-28T00:56:57.690Z,u02,p0754,#16x20in
2026-08-28T00:54:41.814Z,u02,p0753,#abstractart #abstractexpressionism #blueskyartshow #art #artonbluesky
2026-08-27T18:22:47.470Z,u02,p0752,Most definitely
2026-08-27T14:51:23.902Z,u02,p0751,#perspective #acrylicart #abstractart #blueskyartshow #art #artonbluesky
2026-08-27T03:57:56.555Z,u02,p0750,💕
2026-08-27T03:57:51.674Z,u02,p0749,❤️
2026-08-27T00:09:54.726Z,u02,p0748,#abstractart #acrylicart #acrylics #art #blueskyartshow #artistonbluesky
2026-08-26T19:21:23.596Z,u02,p0747,💕
2026-08-26T18:10:35.114Z,u02,p0746,"I never saw it like that until today, thanks!"
2026-08-26T18:10:11.063Z,u02,p0745,💕
2026-08-26T16:19:11.679Z,u02,p0744,#abstractexpressionism #acrylicart #abstractart #art #blueskyartshow
2026-08-26T05:15:34.791Z,u02,p0743,"Doesn’t matter, but I’m glad you do."
2026-08-26T00:59:47.321Z,u02,p0742,#abstractexpressionism #abstractart #blueskyartshow #art #blueskyart
2026-08-25T22:10:04.252Z,u02,p0741,🙏
2026-08-25T18:12:48.820Z,u02,p0740,:D
2026-08-25T18:12:27.835Z,u02,p0739,Very true
2026-08-25T14:17:47.486Z,u02,p0738,#perspective #acrylics #abstractart #art #blueskyartshow #artonbluesky
2026-08-25T02:48:16.702Z,u02,p0737,💕
2026-08-25T01:11:36.089Z,u02,p0736,#perspective #acrylics #abstractart #blueskyartshow #art #acrylicart
2026-08-25T00:36:42.799Z,u02,p0735,:D
2026-08-24T21:31:53.538Z,u02,p0734,#abstractexpreasionism #abstractart #acrylics #acrylicart #art #blueskyart #blueskyartshow #artistonbluesky
2026-08-24T15:40:36.642Z,u02,p0733,#acrylicart #abstractart #acrylics #blueskyartshow #art #artonbluesky
2026-08-24T03:55:00.856Z,u02,p0732,🎸 💗
2026-08-24T02:50:16.422Z,u02,p0731,#abstractimpressionism #abstractart
2026-08-24T02:46:46.781Z,u02,p0730,💕
2026-08-24T01:48:10.241Z,u02,p0729,🙏
2026-08-24T00:04:33.670Z,u02,p0728,"Solar Season
#abstractexpressionism #abstractart
#acrylics #acrylicart #art #blueskyart #blueskyartshow #artistonbluesky"
2026-08-23T15:44:32.290Z,u02,p0727,"Well I painted it, but thank you!"
2026-08-23T13:43:43.511Z,u02,p0726,#abstractart #art #alcoholink #artist #blueskyartshow #artistonbluesky
2026-08-23T13:36:57.339Z,u02,p0725,🥰
2026-08-23T13:25:40.547Z,u02,p0724,Love hearing other people’s interpretations of my abstract stuff!
2026-08-23T13:24:57.237Z,u02,p0723,Thanks!
2026-08-23T13:24:37.313Z,u02,p0722,Thanks!
2026-08-23T13:24:30.141Z,u02,p0721,Mmm… thank you?
2026-08-23T04:06:43.149Z,u02,p0720,💗
2026-08-23T04:06:22.581Z,u02,p0719,💕
2026-08-23T02:08:47.865Z,u02,p0718,:D
2026-08-23T02:08:24.500Z,u02,p0717,💕
2026-08-23T00:25:44.219Z,u02,p0716,#abstractimpressionism #abstractart #impressionismart #blueskyartshow
2026-08-22T21:29:04.242Z,u02,p0715,lol 💕
2026-08-22T19:57:14.335Z,u02,p0714,❤️
2026-08-22T19:55:45.843Z,u02,p0713,#abstractexpressionism #abstractart #expressionismart #abstract #art #blueskyartshow #artistonbluesky
2026-08-22T13:41:16.750Z,u02,p0712,#perspective #abstractart #acrylics #blueskyartshow #art #artonbluesky
2026-08-22T13:38:19.679Z,u02,p0711,Thank you!
2026-08-22T13:21:13.612Z,u02,p0710,For sure
2026-08-22T13:21:00.324Z,u02,p0709,A bad typo of “the”
2026-08-22T03:26:12.026Z,u02,p0708,I was just really hoping for non forest fire vibes. I just squint and see cherry blossoms but I like your interpretation as well.
2026-08-22T03:22:13.097Z,u02,p0707,"Mtge green is shiny, just can’t photograph"
2026-08-22T01:08:17.750Z,u02,p0706,#abstractimpressionism #abstractart
2026-08-21T20:03:09.508Z,u02,p0705,#abstractexpressionism #abstractart #blueskyartshow #art #artonbluesky
2026-08-21T18:19:25.813Z,u02,p0704,❤️
2026-08-21T14:19:21.662Z,u02,p0703,#perspective #acrylics #abstractart #blueskyartshow #art #artonbluesky
2026-08-21T04:29:01.730Z,u02,p0702,🙏
2026-08-21T03:28:04.939Z,u02,p0701,💕
2026-08-21T01:51:44.538Z,u02,p0700,Purple is definitely preferred :D
2026-08-21T01:18:21.688Z,u02,p0699,#abstractexpressionism #abstractart #acrylicart #art #acrylics #blueskyart #artistonbluesky #blueskyartshow
2026-08-20T17:41:25.098Z,u02,p0698,💕
2026-08-20T17:38:07.161Z,u02,p0697,Ikr
2026-08-20T14:59:23.737Z,u02,p0696,#perspective #acrylics #acrylicart #abstractart #art #blueskyartshow
2026-08-20T14:17:33.062Z,u02,p0695,All colors Sam is one of favorite wtf stories!
2026-08-20T05:30:39.187Z,u02,p0694,Ai?
2026-08-20T05:08:57.865Z,u02,p0693,"Sometimes I think a bot is spewing nonsense…

But not you."
2026-08-20T03:39:36.517Z,u02,p0692,Moly holy
2026-08-20T01:15:08.342Z,u02,p0691,#abstractexpressionism #abstractart #acrylicart #acrylics #art #blueskyart #blueskyartshow #artistonbluesky
2026-08-19T22:39:28.788Z,u02,p0690,💕
2026-08-19T17:13:09.425Z,u02,p0689,
2026-08-19T15:28:59.520Z,u02,p0688,#abstractart #perspective #acrylicart #abstractimpressionism #blueskyart
2026-08-19T04:09:52.998Z,u02,p0687,❤️
2026-08-19T02:33:29.469Z,u02,p0686,💕
2026-08-19T01:54:48.395Z,u02,p0685,💕
2026-08-19T00:47:49.177Z,u02,p0684,#abstractimpressionism #abstractart #impressionismart #acrylicart #art #blueskyartshow #artistonbluesky
2026-08-18T16:24:24.811Z,u02,p0683,#perspective #abstractart #acrylics #blueskyartshow #art #artonbluesky
2026-08-18T05:03:40.820Z,u02,p0682,🙌
2026-08-18T05:02:23.249Z,u02,p0681,Feel free to visit my Etsy.
2026-08-18T04:39:27.050Z,u02,p0680,#art #aarrrrrrrrtttttt
2026-08-18T04:37:26.071Z,u02,p0679,"I like you, liking this."
2026-08-18T04:36:43.580Z,u02,p0678,☺️
2026-08-18T01:14:56.919Z,u02,p0677,10x20in
2026-08-18T01:14:14.982Z,u02,p0676,❤️
2026-08-18T00:47:27.810Z,u02,p0675,You haven’t seen the entire painting yet. Well now you may have as I just posted it tonight.
2026-08-18T00:46:35.347Z,u02,p0674,"#abstractimpressionism #abstractart  #blueskyartshow #art #artonbluesky
#acrylics #acrylicart #artistonbluesky"
2026-08-17T21:01:56.999Z,u02,p0673,No worries. Yesterday seemed buggy for me.
2026-08-17T16:27:41.191Z,u02,p0672,Sometimes I like snippets of my paintings more than the whole.
2026-08-17T16:27:07.394Z,u02,p0671,❤️
2026-08-17T16:24:53.579Z,u02,p0670,#perspective #abstractart #acrylics #blueskyart #art #artistonbluesky
2026-08-17T14:56:30.055Z,u02,p0669,Seems like AI prompts..
2026-08-17T13:57:10.915Z,u02,p0668,Your posts are two years old homie.
2026-08-17T13:52:53.265Z,u02,p0667,💕
2026-08-17T13:52:28.679Z,u02,p0666,🤘
2026-08-17T03:11:54.054Z,u02,p0665,"lol, 💕"
2026-08-17T03:11:15.038Z,u02,p0664,Doorway to knife house…?
2026-08-17T02:21:53.739Z,u02,p0663,#abstractimpressionism #abstractart #blueskyartshow #art #blueskyart
2026-08-16T21:41:23.454Z,u02,p0662,#perspective #acrylics #abstractart #abstract #blueskyartshow #art
2026-08-16T13:32:26.328Z,u02,p0661,#perspective #acrylicart #abstractart
2026-08-16T13:31:30.680Z,u02,p0660,🙏
2026-08-16T13:31:24.053Z,u02,p0659,❤️
2026-08-16T00:37:25.169Z,u02,p0658,#abstractimpressionism #abstractart #blueskyartshow #art #blueskyart
2026-08-15T20:01:56.927Z,u02,p0657,#watercolorart #abstractart #abstract #blueskyartshow #art #blueskyart
2026-08-15T19:07:09.243Z,u02,p0656,:D
2026-08-15T14:51:07.823Z,u02,p0655,#perspective #acrylics #abstractart
2026-08-15T04:01:07.248Z,u02,p0654,#abstractimpressionism #abstractart
2026-08-15T00:16:30.363Z,u02,p0653,🙏
2026-08-14T20:33:27.883Z,u02,p0652,#abstractimpressionism #abstractart #blueskyartshow #art #blueskyart
2026-08-14T20:29:25.711Z,u02,p0651,I definitely see it.
2026-08-14T18:58:17.417Z,u02,p0650,love the title
2026-08-14T17:21:01.911Z,u02,p0649,"I try to post there. I use minimal tags though, so sometimes it doesn’t make it. Thanks for the info though."
2026-08-14T13:32:56.920Z,u02,p0648,#perspective #acrylics #abstractart #blueskyartshow #art #blueskyart
2026-08-14T13:31:55.883Z,u02,p0647,💕
2026-08-14T05:16:01.877Z,u02,p0646,💕
2026-08-14T05:14:32.296Z,u02,p0645,To much for me honestly. I get anxiety with prints :/
2026-08-14T05:09:28.049Z,u02,p0644,Sounds hard.
2026-08-14T05:04:45.861Z,u02,p0643,Many thanks
2026-08-14T05:04:18.217Z,u02,p0642,;)
2026-08-14T05:02:58.522Z,u02,p0641,Layering
2026-08-14T05:00:50.017Z,u02,p0640,"Honestly, it was a Magic the Gathering card."
2026-08-14T03:25:46.256Z,u02,p0639,You need a shirt of you wearing it these days 😜
2026-08-14T03:14:32.784Z,u02,p0638,The painting is realistic; the interpretation is abstract tho.
2026-08-14T03:12:11.524Z,u02,p0637,"Cause it’s pretty, and shows emotion."
2026-08-14T00:48:37.354Z,u02,p0636,#10x20in
2026-08-14T00:46:33.610Z,u02,p0635,#abstractexpressionism #abstractart #blueskyartshow #art #artonbluesky
2026-08-13T17:40:00.824Z,u02,p0634,:D
2026-08-13T13:48:39.387Z,u02,p0633,💕
2026-08-13T03:32:48.500Z,u02,p0632,☺️
2026-08-13T03:32:30.878Z,u02,p0631,😂
2026-08-13T02:32:48.569Z,u02,p0630,#abstractexpressionism #etsy #art
2026-08-13T02:30:59.056Z,u02,p0629,
2026-08-13T02:28:56.162Z,u02,p0628,💕
2026-08-13T00:53:34.939Z,u02,p0627,#abstractexpressionism #abstractart #blueskyartshow #art #blueskyart
2026-08-12T17:42:55.940Z,u02,p0626,🤗
2026-08-12T16:09:27.757Z,u02,p0625,#abstractimpressionism #abstractart #blueskyartshow #art #blueskyart
2026-08-12T15:33:50.524Z,u02,p0624,Thank you for writing this piece. I agree with so many of the beautiful quotes and will carry them with me. Always like hearing people’s interpretations of my art(and not projecting my own ideas as you wrote 😉) and this was like that but in essay form!
2026-08-12T14:51:56.964Z,u02,p0623,❤️
2026-08-12T05:45:46.989Z,u02,p0622,🔥
2026-08-12T05:39:17.998Z,u02,p0621,"It’s honestly like walking in a sauna where I live. But I am not short of water, sun almost definitely."
2026-08-12T05:33:04.282Z,u02,p0620,:D
2026-08-12T05:32:55.391Z,u02,p0619,💕
2026-08-12T05:32:39.181Z,u02,p0618,🪫
2026-08-12T03:53:48.931Z,u02,p0617,(It’s the other half of my earlier painting :D )
2026-08-12T01:51:16.227Z,u02,p0616,#acrylics #perspective #abstractart #blueskyartshow #art #blueskyart
2026-08-12T01:22:10.365Z,u02,p0615,"As long as there is distinction, it should be fine. Thank you for clarifying."
2026-08-11T22:25:32.180Z,u02,p0614,Thank you!
2026-08-11T19:32:09.670Z,u02,p0613,🙏
2026-08-11T19:31:54.777Z,u02,p0612,:D
2026-08-11T19:30:34.252Z,u02,p0611,"No objections. Just credit please. And thanks, glad I can motivate."
2026-08-11T19:29:18.331Z,u02,p0610,💕
2026-08-11T17:44:17.152Z,u02,p0609,#acrylics #perspective #abstractart #blueskyart #art #blueskyartshow
2026-08-11T02:05:06.917Z,u02,p0608,:D
2026-08-11T02:04:46.281Z,u02,p0607,Thanks!!
2026-08-11T01:05:23.771Z,u02,p0606,#abstractimpressionism #abstractart #blueskyartshow #art #artonbluesky
2026-08-10T20:15:52.929Z,u02,p0605,❤️
2026-08-10T16:51:07.953Z,u02,p0604,#perspective #abstractart #acrylics #blueskyartshow #art #artonbluesky
2026-08-10T05:01:34.214Z,u02,p0603,Your description makes me chuckle but I guess I hope for more than a galactic windshield :D
2026-08-10T04:59:10.799Z,u02,p0602,🤘
2026-08-10T04:57:24.375Z,u02,p0601,#pixelart #abstractart #acrylics #art
2026-08-10T00:14:11.365Z,u02,p0600,#abstractexpressionism #abstractart #acrylics #acrylicart #art #blueskyart
2026-08-09T15:50:07.943Z,u02,p0599,#abstractexpressionism #abstractart
2026-08-09T13:41:40.939Z,u02,p0598,:D
2026-08-09T13:40:44.763Z,u02,p0597,I found the cat!
2026-08-09T03:28:23.477Z,u02,p0596,💕
2026-08-09T01:53:04.629Z,u02,p0595,:D 💗
2026-08-09T01:10:01.058Z,u02,p0594,#abstractart #abstract #watercolorart
2026-08-08T15:47:50.105Z,u02,p0593,#abstractart #watercolorart #abstract
2026-08-07T18:44:14.751Z,u02,p0592,😊
2026-08-07T14:59:42.777Z,u02,p0591,#abstractimpressionism #abstractart
2026-08-07T02:45:26.576Z,u02,p0590,💕
2026-08-07T02:09:57.493Z,u02,p0589,#abstractimpressionism #abstractart
2026-08-06T19:12:17.285Z,u02,p0588,💕
2026-08-06T04:04:42.491Z,u02,p0587,#abstractimpressionism #abstractart
2026-08-06T04:03:23.903Z,u02,p0586,🙏
2026-08-05T19:36:47.968Z,u02,p0585,💗
2026-08-05T16:00:29.625Z,u02,p0584,#abstractimpressionism #acrylicart #acrylics #abstractart #abstract #art
2026-08-05T04:33:00.046Z,u02,p0583,💕
2026-08-05T03:50:33.431Z,u02,p0582,"We Are Lost 
#abstractart #blueskyartshow #art"
2026-08-05T03:36:08.667Z,u02,p0581,You look sadder than the bug dude. Dm me if you need to talks.
2026-08-05T01:35:03.965Z,u02,p0580,I agree ☝️ on the landscape!
2026-08-04T23:01:51.088Z,u02,p0579,Nice!
2026-08-04T16:30:37.452Z,u02,p0578,#abstractexpressionism #abstractart
2026-08-04T15:17:42.484Z,u02,p0577,#acryliconoil #oilart
2026-08-04T00:31:04.819Z,u02,p0576,#abstractexpressionism #abstractart #acrylics #acrylicart #blueskyartshow
2026-08-03T22:04:46.256Z,u02,p0575,🙏
2026-08-03T22:04:33.480Z,u02,p0574,:D
2026-08-03T14:39:30.768Z,u02,p0573,#perspective #abstractart #acrylics
2026-08-03T14:29:48.391Z,u02,p0572,❤️
2026-08-03T03:20:15.264Z,u02,p0571,#abstractart #abstractimpressionism
2026-08-03T01:56:55.459Z,u02,p0570,"(It’s a zoom in/perspective of the one I posted later today, 🤫)

But thanks!"
2026-08-03T01:55:56.733Z,u02,p0569,:D
2026-08-03T00:22:33.686Z,u02,p0568,#abstractexpressionism #acrylicart #abstractart #abstract #art #acrylics
2026-08-02T22:26:07.843Z,u02,p0567,:D
2026-08-02T20:35:11.103Z,u02,p0566,:D
2026-08-02T16:22:07.333Z,u02,p0565,#perspective #abstractart #acrylics #acrylicart #art #abstractartist
2026-08-02T03:39:47.559Z,u02,p0564,"There’s lots of spots, of color :D 

JK, thank you!"
2026-08-02T01:55:01.082Z,u02,p0563,#abstractexpressionism #abstractart #acrylics #abstract #art #blueskyart #artistonbluesky #blueskyartshow
2026-08-01T21:41:48.654Z,u02,p0562,#perspective #acrylics #abstractart #art #acrylicart #abstract #artist
2026-08-01T17:18:19.784Z,u02,p0561,🙏
2026-08-01T17:17:54.900Z,u02,p0560,Thank you!
2026-08-01T13:56:44.490Z,u02,p0559,#perspective #acrylics #abstractart #acrylicart #abstract #blueskyart
2026-08-01T04:45:17.361Z,u02,p0558,#abstractexpressionism #abstractart
2026-07-31T20:20:25.909Z,u02,p0557,💗
2026-07-31T14:36:02.673Z,u02,p0556,#perspective #acrylics #abstractart #abstract #art #acrylicart #artist
2026-07-31T03:00:48.298Z,u02,p0555,"Awww, many thanks. I work the weekend, I’ll try to get it out by Saturday but if not Monday!"
2026-07-31T01:25:28.230Z,u02,p0554,#abstractexpressionism #acrylicart #abstractart #expressionismart #art #abstract #blueskyartshow #acrylics
2026-07-30T20:56:03.557Z,u02,p0553,I posted it
2026-07-30T20:55:36.538Z,u02,p0552,❤️
2026-07-30T15:31:28.270Z,u02,p0551,"I do, intended or not, paint current events into my art. ❤️"
2026-07-30T04:40:47.383Z,u02,p0550,#perspective #abstractart #acrylicart #abstract #blueskyart #acrylics #art
2026-07-30T04:09:43.146Z,u02,p0549,
2026-07-30T04:04:33.678Z,u02,p0548,#photography #rainbow #glory
2026-07-30T03:31:22.959Z,u02,p0547,I honestly get worried with flirting with colors that turn brown when easily mixed. Being able to skirt it is nice.
2026-07-30T03:29:27.458Z,u02,p0546, I agree with all of your points!
2026-07-30T03:27:00.662Z,u02,p0545,:D
2026-07-30T00:29:06.674Z,u02,p0544,:D
2026-07-30T00:28:34.951Z,u02,p0543,"#abstractexpressionism #abstractart #acrylics #acrylicart #blueskyart #art
#artistonbluesky #blueskyartshow"
2026-07-29T15:59:00.893Z,u02,p0542,#portrait
2026-07-29T15:58:01.135Z,u02,p0541,#perspective #acrylics #blueskyart #artonbluesky #abstractart #art
2026-07-29T01:32:46.794Z,u02,p0540,Thank you!
2026-07-29T01:31:56.543Z,u02,p0539,Appreciate it.
2026-07-29T01:31:07.702Z,u02,p0538,💕
2026-07-29T01:30:49.356Z,u02,p0537,🙏
2026-07-29T01:30:00.815Z,u02,p0536,💕 thank you!
2026-07-29T00:16:30.541Z,u02,p0535,#abstractexpressionism #abstractart #acrylicart #art #blueskyart #acrylics
2026-07-28T14:14:06.972Z,u02,p0534,#perspective #acrylics #abstractart #acrylicart #blueskyartshow #art
2026-07-28T04:44:36.398Z,u02,p0533,"As always, ❤️ the interpretations!"
2026-07-28T04:43:33.561Z,u02,p0532,Question; when you view this do you happen to turn your phone sideways or do view all arts portrait?
2026-07-27T23:51:28.352Z,u02,p0531,Goodluck!
2026-07-27T22:29:32.095Z,u02,p0530,I’ll post the whole thing later
2026-07-27T22:29:12.215Z,u02,p0529,😊
2026-07-27T22:28:49.860Z,u02,p0528,Definitely see blue and purples from my previous painting! ❤️
2026-07-27T22:28:07.939Z,u02,p0527,"I didn’t want to ask, but I was curious!"
2026-07-27T14:02:20.426Z,u02,p0526,Always up for new interpretations
2026-07-27T14:00:35.736Z,u02,p0525,#perspective #abstractart #acrylicart
2026-07-27T13:16:46.644Z,u02,p0524,Nice!
2026-07-27T00:35:40.992Z,u02,p0523,🙏
2026-07-26T21:53:38.849Z,u02,p0522,#abstractimpressionism #abstractart #acrylics #acrylicart #art #blueskyart
2026-07-26T21:51:27.017Z,u02,p0521,:D
2026-07-26T15:04:11.149Z,u02,p0520,#perspective #acrylics #acrylicart #abstractart #abstract #blueskyart
2026-07-26T13:27:46.422Z,u02,p0519,🙏
2026-07-26T05:09:00.679Z,u02,p0518,Kinda scares me…
2026-07-26T03:39:46.830Z,u02,p0517,#art #oilart #abstractart
2026-07-26T03:31:24.772Z,u02,p0516,Nope
2026-07-26T01:01:30.254Z,u02,p0515,🥰
2026-07-25T04:21:12.952Z,u02,p0514,Nice!
2026-07-25T02:40:39.100Z,u02,p0513,❤️
2026-07-25T00:24:01.718Z,u02,p0512,"#abstractimpressionism #abstractart
#acrylicart #blueskyartshow #acrylics
#art #artistonbluesky #abstract #artist"
2026-07-24T14:53:12.313Z,u02,p0511,:D
2026-07-24T14:52:51.438Z,u02,p0510,"#perspective #acrylics #abstract #art
#blueskyartshow #artistonbluesky"
2026-07-24T14:51:34.847Z,u02,p0509,❤️
2026-07-24T05:19:48.418Z,u02,p0508,Incredible
2026-07-24T05:13:53.835Z,u02,p0507,"Doorway to the Nothing 
#art #abstractart"
2026-07-24T04:57:02.350Z,u02,p0506,🤘
2026-07-24T03:48:18.867Z,u02,p0505,I appreciate it.
2026-07-24T03:43:41.544Z,u02,p0504,"That’s hard to grasp honestly… 

I’m glad my colors reach anyone, let alone meaningfully.

💕"
2026-07-24T03:38:17.702Z,u02,p0503,"*Insert karate noises*

Wah-cha!"
2026-07-24T03:37:08.392Z,u02,p0502,"Well that’s a confusing perspective… 

It’s a panting I’ve posted before but I did a reduction method on it."
2026-07-24T00:54:32.573Z,u02,p0501,"#abstractart #acrylicart #blueskyart
#abstractexpressionism #acrylics #art"
2026-07-23T21:40:40.276Z,u02,p0500,💕
2026-07-23T21:40:25.497Z,u02,p0499,Of course. Glad I could help
2026-09-23T12:08:32.698Z,u03,p1413,Bei der BLÖD sieht das bestimmt nicht viel anders aus..
2026-09-23T11:51:30.147Z,u03,p1412,
2026-09-23T11:37:37.361Z,u03,p1411,"Ach, hör doch auf.. Du hattest nur Gegenwind.."
2026-09-23T11:25:10.116Z,u03,p1410,"Die Dinger stehen hier auch.. 10 Stück, weil 2 Kadsen.."
2026-09-23T11:22:00.499Z,u03,p1409,bsky.app/profile/actr...
2026-09-23T11:16:21.252Z,u03,p1408,Ich..
2026-09-23T10:43:07.373Z,u03,p1407,Hüte macht man selber..*anmerk*
2026-09-23T10:29:57.112Z,u03,p1406,"Ich wäre auch gerne so aktiv in meinen 90ern, wie @williamshatner.bsky.social ."
2026-09-23T08:57:15.704Z,u03,p1405,"🍀🤞
Du rockst das."
2026-09-23T08:46:33.370Z,u03,p1404,
2026-09-23T08:40:17.657Z,u03,p1403,"Du hättest ja zumindest das internationale Zeichen für Katzenkotze flaggen können, indem Du ein Zewa drauflegst."
2026-09-23T08:26:06.400Z,u03,p1402,
2026-09-23T08:20:29.245Z,u03,p1401,
2026-09-22T20:23:35.742Z,u03,p1400,🤞
2026-09-22T20:04:04.671Z,u03,p1399,"Also für mich klingt das völlig normal. Nach dem Jagdausflug um Mitternacht gemütlich im Bett noch einen kleinen Imbiss wegmampfen.. Ich meine, der Bauch kommt ja nicht von ungefähr.."
2026-09-22T18:41:23.803Z,u03,p1398,
2026-09-22T18:10:50.000Z,u03,p1397,"🫂
Och menno.."
2026-09-22T18:03:54.317Z,u03,p1396,Auch nett.. und wahrscheinlich keine 400km entfernt..
2026-09-22T18:00:20.465Z,u03,p1395,ich war nur gerade so im flow.. Wir sind am Wochenende zu einer Hochzeit und $frau probiert hier gefühlt 50 Kombinationen immer wieder neu zusammengestellt an und ich soll das abnicken..
2026-09-22T17:46:57.408Z,u03,p1394,
2026-09-22T15:45:39.411Z,u03,p1393,Wie jetzt? Keine Modenschau? 🥹
2026-09-22T14:18:26.964Z,u03,p1392,"Boo kann ich auch..

#3D"
2026-09-22T12:10:01.315Z,u03,p1391,
2026-09-22T10:54:26.906Z,u03,p1390,
2026-09-22T09:45:28.605Z,u03,p1389,
2026-09-22T09:09:50.928Z,u03,p1388,🥰
2026-09-22T09:08:36.897Z,u03,p1387,
2026-09-22T06:46:34.937Z,u03,p1386,Gute Besserung euch beiden.. und lasst doch einfach mal was aus..
2026-09-22T06:43:04.540Z,u03,p1385,💚
2026-09-22T06:42:26.260Z,u03,p1384,Einstellige Temperaturen.. *shudda*
2026-09-22T06:37:27.929Z,u03,p1383,"Wir sind da nicht anders, die Kadsen gehen immer vor, alles andere kann warten.."
2026-09-22T06:34:47.674Z,u03,p1382,Prioritäten setzen.. so wichtig.. 😜
2026-09-21T22:31:38.113Z,u03,p1381,
2026-09-21T19:01:59.592Z,u03,p1380,
2026-09-21T17:39:01.048Z,u03,p1379,© @tmette.bsky.social
2026-09-21T17:19:09.110Z,u03,p1378,
2026-09-21T15:49:46.667Z,u03,p1377,
2026-09-21T15:30:06.668Z,u03,p1376,Am 21. September 1937: Das Fantasy-Buch The Hobbit (Der Hobbit) von J. R. R. Tolkien wird veröffentlicht.
2026-09-21T15:28:16.213Z,u03,p1375,
2026-09-21T14:45:54.391Z,u03,p1374,🤭
2026-09-21T13:08:49.752Z,u03,p1373,"Ich bin übrigens sehr einfach zu erheitern..

#3D"
2026-09-21T12:50:05.125Z,u03,p1372,🤞🍀🫶
2026-09-21T10:53:52.904Z,u03,p1371,
2026-09-21T10:45:45.417Z,u03,p1370,
2026-09-21T10:32:36.303Z,u03,p1369,
2026-09-21T10:00:52.883Z,u03,p1368,#truthbetold
2026-09-21T09:35:05.044Z,u03,p1367,
2026-09-21T09:31:38.742Z,u03,p1366,
2026-09-21T09:27:59.873Z,u03,p1365,© @cartoostrophal.bsky.social
2026-09-21T08:49:07.614Z,u03,p1364,© @haugrund.bsky.social
2026-09-21T08:10:36.516Z,u03,p1363,*aufatme*
2026-09-21T07:36:27.448Z,u03,p1362,Dito..
2026-09-21T07:22:22.175Z,u03,p1361,"☝️Ich hab nen großen Schneidplotter, welche Maße schweben Dir denn vor? Schriftart?"
2026-09-21T07:17:57.053Z,u03,p1360,Geht es dem Hörnchen gut?
2026-09-20T20:55:14.167Z,u03,p1359,"🫂🫶

Einfach laufen lassen, das tut manchmal ganz gut.."
2026-09-20T20:32:42.226Z,u03,p1358,"Aus seiner Sicht verliert er ja nicht, er ist nur zu langsam bei den ""Reformen"".."
2026-09-20T20:07:38.272Z,u03,p1357,
2026-09-20T19:32:33.195Z,u03,p1356,© @haugrund.bsky.social
2026-09-20T19:02:52.430Z,u03,p1355,🫂
2026-09-20T18:45:57.240Z,u03,p1354,"Ich hab keine Ahnung, was Du jetzt von mir erwartest und auch keine Lust hier lange rum zu diskutieren. Man kann auch einfach weiterscrollen, wenn einem was nicht gefällt.
🤷‍♂️"
2026-09-20T17:02:36.670Z,u03,p1353,Gottseidank ist Humor individuell..
2026-09-20T16:50:44.630Z,u03,p1352,
2026-09-20T15:34:21.415Z,u03,p1351,
2026-09-20T15:32:38.189Z,u03,p1350,
2026-09-20T13:34:40.950Z,u03,p1349,*klopft sich mit dem Gummihammer die Lou Bega-Stimme aus dem Kopf*
2026-09-20T13:26:05.303Z,u03,p1348,Carpe Noctem!
2026-09-20T11:54:24.922Z,u03,p1347,"I put the Boo in Boobies..

#3D"
2026-09-20T09:45:09.460Z,u03,p1346,"🫂🫶

(Ich bin eh nur für den Blödsinn hier 😉..)"
2026-09-20T09:37:01.011Z,u03,p1345,
2026-09-20T09:35:53.139Z,u03,p1344,#moodoftheday
2026-09-20T09:32:50.037Z,u03,p1343,"Hat die SPD eigentlich ihren Slogan aus 2016 wieder rausgekramt? Wenn nein, warum nicht?"
2026-09-20T08:48:45.247Z,u03,p1342,
2026-09-20T08:48:15.142Z,u03,p1341,
2026-09-20T08:19:20.809Z,u03,p1340,
2026-09-20T08:03:15.051Z,u03,p1339,"Ja. ""Hier auf Bsky sind wir alle besser als die da drüben."" und dann wird innerhalb von Minuten ein Lynchmob aktiviert.
Und wehe, Du bist nicht auf der ""richtigen"" Seite..

Menschen, ey.."
2026-09-19T22:10:10.273Z,u03,p1338,Der Stammbaum Deines inneren Schweinehundes ist ein Kreis? Das erklärt einiges..
2026-09-19T21:54:13.642Z,u03,p1337,Dafuq?
2026-09-19T20:52:45.139Z,u03,p1336,🫂🕯️
2026-09-19T20:46:41.781Z,u03,p1335,
2026-09-19T20:28:33.252Z,u03,p1334,
2026-09-19T17:46:01.251Z,u03,p1333,"NDR 1, die Erbschleichersendung!"
2026-09-19T12:27:44.903Z,u03,p1332,Ich hab denn auch mal den Autowagen voll gemacht und ein wenig balancieren lassen. Morgen wollen wir nach Plön zum Slawen- und Wikingertag.
2026-09-19T12:11:38.130Z,u03,p1331,Nää.. die ist doch erst quasi..Vorgestern..
2026-09-19T12:07:42.620Z,u03,p1330,#moodoftheday
2026-09-19T12:04:52.590Z,u03,p1329,Bitte vor dem Betreten den Hund verkorken..
2026-09-19T11:08:17.033Z,u03,p1328,
2026-09-19T10:51:39.676Z,u03,p1327,© @frauschipping.bsky.social
2026-09-19T10:37:32.919Z,u03,p1326,
2026-09-19T10:36:42.033Z,u03,p1325,
2026-09-19T10:34:45.474Z,u03,p1324,
2026-09-19T09:58:41.848Z,u03,p1323,"Man muss schon ein paarmal vor- und zurücksetzen, um einen Aal 30m lang zu fahren."
2026-09-19T09:54:29.581Z,u03,p1322,Der nächste Vulkanausbruch kommt bestimmt.. 🤷‍♂️
2026-09-18T22:08:48.101Z,u03,p1321,Vielleicht sollten sie mal das mit den Fähnchen?
2026-09-18T21:50:09.180Z,u03,p1320,
2026-09-18T21:33:11.910Z,u03,p1319,"Mir würde es schon reichen, wenn er den Ausgang finden würde.."
2026-09-18T21:31:22.011Z,u03,p1318,
2026-09-18T21:26:49.493Z,u03,p1317,
2026-09-18T21:13:01.515Z,u03,p1316,
2026-09-18T21:09:04.926Z,u03,p1315,
2026-09-18T20:46:10.549Z,u03,p1314,Ööööööh!
2026-09-18T20:31:00.543Z,u03,p1313,Kalte Pommis gehören für 4 Minuten in die Ninja und da gehört Mayo drauf.
2026-09-18T20:19:41.289Z,u03,p1312,"Toten Fisch und Strandabfall kann ich hier umme Ecke mit der Schaufel vom Strand klauben.

Ich gönn Dir das, bin kein Stück neidisch, einen Guten.."
2026-09-18T19:42:25.897Z,u03,p1311,"Schau ruhig auch mal im ""Billigsegment"", den Renault Clio oder Dacia Spring bekommst Du mit Rabatten um und bei 10.000 neu, das entspricht dem Gebrauchtpreis einer Zoe mit Eigentumsbatterie. Auch der MG4 ist in dem Segment noch drin, mit Prämie und als Tageszulassung passt das."
2026-09-18T19:42:25.896Z,u03,p1310,"Ladeziegel mit einer Starkstromsteckdose reicht, selbst wenn das Auto nur 1phasig laden kann, ist es in ungefähr 9h voll, 3phasig etwa 3h.
Wenn Du gebraucht kaufst, achte auf das Scheckheft, viele Hersteller geben keine Garantie mehr auf die HV-Anlage, wenn die Inspektionen fehlen."
2026-09-18T19:30:03.529Z,u03,p1309,Sehr knuffig..
2026-09-18T17:20:13.536Z,u03,p1308,Bekommst Du die Elektroden denn noch ohne Kuhfuss ab? Oder sind die schon eingewachsen?
2026-09-18T16:22:20.461Z,u03,p1307,🫶
2026-09-18T15:42:04.621Z,u03,p1306,🫂🫶
2026-09-18T15:11:25.344Z,u03,p1305,"Kleiner Tipp aus leidiger Erfahrung: Erst kärchern, dann in der Sonne parken."
2026-09-18T13:39:10.542Z,u03,p1304,Puh.. Gottseidank komme ich so schnell nicht nach Bayern..
2026-09-18T13:19:15.358Z,u03,p1303,Tsk..
2026-09-18T13:13:49.947Z,u03,p1302,Japp.. Bei Vollmond werde ich halt zur Werwurst..
2026-09-18T13:02:29.812Z,u03,p1301,"Ich kann ja auch anders, vor allem, wenn ich schon langsam wieder das Ziepen der Zipfel verspüre.

[enthält KI-Content]"
2026-09-18T12:09:24.492Z,u03,p1300,🫶
2026-09-18T12:08:13.707Z,u03,p1299,"Es ist wieder Freitag, Zeit für den Stuhlkreis, liebe Mitbekloppte.
Danke dafür, dass Ihr mein Leben bunter und erträglicher macht."
2026-09-18T11:22:54.917Z,u03,p1298,
2026-09-18T08:47:34.811Z,u03,p1297,#moodoftheday
2026-09-18T08:39:12.174Z,u03,p1296,
2026-09-18T07:39:31.354Z,u03,p1295,
2026-09-18T07:37:12.272Z,u03,p1294,
2026-09-18T07:32:08.212Z,u03,p1293,Ich gehe ständig.. vor allem in die Breite..
2026-09-18T06:53:57.112Z,u03,p1292,"Ich persönlich halte das ja für eine dumme Idee, aber ich bin wohl nicht in der Position, da Vorschriften zu machen."
2026-09-17T21:07:46.447Z,u03,p1291,
2026-09-17T20:41:26.377Z,u03,p1290,
2026-09-17T19:42:19.223Z,u03,p1289,🫂🫶💪
2026-09-17T19:21:26.620Z,u03,p1288,"Ja, kenne ich.. Ich bin ganz froh, dass ich inzwischen die Enkel wieder abgeben kann.. 😉"
2026-09-17T19:11:30.598Z,u03,p1287,Aber nur kurz..
2026-09-17T19:09:31.080Z,u03,p1286,🤭
2026-09-17T18:41:03.271Z,u03,p1285,"🎶 Oh Fritze, Fritze, hör mal zu,
wir zahlen deinen Laden!
Du bist nicht unser großer Chef,
du bist von uns geladen.
Wir müssen nicht noch länger schuften,
damit du uns erklärst, was geht.
Du hast einen verdammten Job –
also mach ihn, bevor's zu spät! 🎶

[enthält KI-Content]"
2026-09-17T15:53:03.010Z,u03,p1284,"Ich glaube, ich bin da gerade in einen furchtbaren Kaninchenbau gefallen.."
2026-09-17T14:59:39.431Z,u03,p1283,Das kann ich sehr gut nachvollziehen..
2026-09-17T14:51:13.931Z,u03,p1282,Wieder Helmfrisur!
2026-09-17T14:50:17.397Z,u03,p1281,*notier: Nicht mehr am Kühlschrank vorbei..*
2026-09-17T14:05:42.012Z,u03,p1280,Moah.. vor dem Huchi ist man wohl nirgends sicher..
2026-09-17T13:23:24.475Z,u03,p1279,
2026-09-17T13:17:08.536Z,u03,p1278,"Ich bezweifele, dass die Deutsche Bahn unfallfrei auf 88 Mph kommt.. 🤭"
2026-09-17T13:07:52.980Z,u03,p1277,
2026-09-17T12:47:33.071Z,u03,p1276,
2026-09-17T12:42:57.742Z,u03,p1275,"Demnach gibt das Ressort von CDU-Politikerin Katherina Reiche an, von Treffen mit Interessenvertretern gebe es keine Protokolle. Auch Telefonate und “elektronische Kommunikation” seien nicht dokumentiert."
2026-09-17T12:39:35.565Z,u03,p1274,
2026-09-17T12:33:41.786Z,u03,p1273,
2026-09-17T11:57:10.565Z,u03,p1272,"Kommt darauf an, wie sportlich er ist und wieviel Gepäck er mitschleppt.."
2026-09-17T11:47:37.845Z,u03,p1271,Ich hätte mir schon längst einen Tieflader geliehen und das Ding beim entwerfenden Ingenieur in den Vorgarten gekippt..
2026-09-17T11:12:19.730Z,u03,p1270,"Das Inkassodingsi ist in der Nachweispflicht. Wenn sie einen Mahnbescheid gegen Dich ausstellen, dann widersprichst Du dem Mahnbescheid. Das wird aber nicht passieren, der kostet Geld.
Alles andere ist Taubenschach und die kennen alle Fallstricke, in die Du dich verwickeln kannst, die leben davon."
2026-09-17T11:03:39.850Z,u03,p1269,"Du schickst keinen Widerspruch. Der kann als Forderungsanerkenntnis ausgelegt werden. Hefte das Schreiben ab und warte auf den gelben Brief vom Amtsgericht, vorher wird nicht reagiert."
2026-09-17T10:57:34.065Z,u03,p1268,
2026-09-17T10:56:17.323Z,u03,p1267,"Nicht die schlechteste Ecke, so rein kulinarisch.."
2026-09-17T10:52:21.378Z,u03,p1266,Joa.. isso.. Deutsche Industrie einfach nicht lernfähig oder -willig.. 🤷
2026-09-17T10:36:46.194Z,u03,p1265,
2026-09-17T10:23:48.431Z,u03,p1264,
2026-09-17T09:08:29.580Z,u03,p1263,🥳 Glückwunsch!
2026-09-17T08:50:47.663Z,u03,p1262,
2026-09-17T08:29:57.672Z,u03,p1261,
2026-09-17T08:10:12.817Z,u03,p1260,Oha.. gute Besserung..
2026-09-17T07:22:03.165Z,u03,p1259,
2026-09-17T06:48:56.981Z,u03,p1258,Wechsele mal bei einem Ford Focus die Abblendlichtbirnen. Als erstes baust Du die Frontmaske ab und die Scheinwerfer aus. Da kommste auf Teufel komm raus nicht mehr von hinten ran.
2026-09-17T06:42:12.630Z,u03,p1257,"„Niemand schafft´s, aus China ist es dann doch möglich“, sagt Landwirt Julius in seinem Instagram-Video. Er testet für zwei Tagen den elektrischen Traktor Xeevo des chinesischen Herstellers ZSHX. Seine Erfahrung teilt er in Video auf dem Instagram-Account jacobis.hofleben."
2026-09-17T06:30:03.086Z,u03,p1256,"Wir sind vor Jahren umgestiegen auf Xiaomi, weil Samsung so dermassen voller Bloatware war, die man nicht deinstallieern konnte ohne es zu rooten. Inzwischen habe ich das 3. Xiaomi und bin hochzufrieden. Die Kamera ist super, Updates laufen gut und der Preis stimmt."
2026-09-17T06:21:42.601Z,u03,p1255,
2026-09-16T22:00:37.280Z,u03,p1254,🤞🍀
2026-09-16T22:00:02.543Z,u03,p1253,00:00
2026-09-16T20:37:55.744Z,u03,p1252,Mein innerer Schweinehund und ich.. jeden Tag..
2026-09-16T20:35:52.772Z,u03,p1251,
2026-09-16T20:34:27.194Z,u03,p1250,🫂
2026-09-16T20:32:18.023Z,u03,p1249,
2026-09-16T19:25:17.194Z,u03,p1248,"Für die Großen gibt's auch mal ne Messerspitze Chilipulver mit rein.. 
Hühnchen kann ich mir gut vorstellen und Lauch passt immer, das ist ja auch ein Zwiebelgewächs. Statt Curry nehme ich auch manchmal Ras el-Hanout und dann Kokosmilch statt Sahne. Das ist alles gut kombinierbar."
2026-09-16T19:19:19.002Z,u03,p1247,"Ich röste immer Zwiebeln mit Curry glasig an, dann die Kürbisstücke obendrauf, weiter rösten, mit Brühe ablöschen, 2 gequetschte Knobizehen mit rein, abgedeckt kochen lassen, bis weich, pürieren, Happen Sahne, Salz, Pfeffer und fertig."
2026-09-16T18:09:15.665Z,u03,p1246,War hervorragend.. Mit Curry und Knobi..
2026-09-16T18:00:11.148Z,u03,p1245,🫂🫶💪
2026-09-16T17:40:39.536Z,u03,p1244,"Der Herbst.
Kein Lamm.
Die Kürben.
Hurz!

#kochenistliebe #foodporn"
2026-09-16T17:35:15.884Z,u03,p1243,"Hmm.. Ich dachte eigentlich immer, das wäre kein Wettbewerb?"
2026-09-16T17:34:16.468Z,u03,p1242,"🫂🫶

Volle Gönnung."
2026-09-16T17:30:48.104Z,u03,p1241,🫣
2026-09-16T15:45:24.356Z,u03,p1240,"\o/
Yay!

Granulation, oder wie das heisst.."
2026-09-16T15:41:27.246Z,u03,p1239,🫂
2026-09-16T15:40:33.623Z,u03,p1238,Fang an zu packen.. das ist doch komplett substanzloser Bullshit..
2026-09-16T13:57:36.420Z,u03,p1237,"Ich dachte erst, das wäre ein Avocado-Topflappen.. Ich glaube, ich brauche ne neue Brille.."
2026-09-16T13:56:34.033Z,u03,p1236,"Deswegen habe ich 5000 als Ziel und bin froh, wenn ich über 3500 schaffe..
Alles Kokolores.."
2026-09-16T07:42:22.780Z,u03,p1235,© @frauschipping.bsky.social
2026-09-16T07:35:39.308Z,u03,p1234,#catureveryday
2026-09-16T07:00:38.218Z,u03,p1233,Könntest Du Sarkasmus bitte mit einem /s am Ende kennzeichnen? Das nehmen sonst viele Leute ernst..
2026-09-16T06:43:28.951Z,u03,p1232,
2026-09-16T05:55:30.477Z,u03,p1231,"Ich fahre da Umleitungsbedingt nachher vorbei, mal schauen ob was zu sehen ist. Feuerwehr ist auf jeden Fall nicht ausgerückt heute Nacht-"
2026-09-15T22:00:46.269Z,u03,p1230,00:00
2026-09-15T21:22:33.213Z,u03,p1229,"Eben gerade ist der Blitz in die Wohnsiedlung neben dem Fachmarktzentrum eingeschlagen. Das ist nen guter Kilometer bis da hin, unser ganzes Haus hat gewackelt und die Katzen sind aus dem Schlaf fast bis an die Decke gesprungen."
2026-09-15T18:36:52.395Z,u03,p1228,War es.. 🫶
2026-09-15T18:36:11.364Z,u03,p1227,#catureveryday
2026-09-15T18:20:45.127Z,u03,p1226,"Hütte war voll heute, ich hab Cottage Pie gemacht und alle pappsatt gemacht. Wir haben gescherzt und gelacht und eine gute Zeit gehabt.
Das tat unheimlich gut, mal den Kopf nicht voller Sorgen zu haben.."
2026-09-15T18:15:04.119Z,u03,p1225,🫂🫶
2026-09-15T09:04:44.905Z,u03,p1224,^^
2026-09-15T09:04:08.922Z,u03,p1223,
2026-09-15T06:45:23.647Z,u03,p1222,Das sind mal gute Nachrichten. 🫂
2026-09-14T22:24:33.993Z,u03,p1221,Gute Nacht.. 🫶
2026-09-14T22:23:25.730Z,u03,p1220,"🫂
Ich kann mich nicht mehr erinnern.."
2026-09-14T21:56:15.147Z,u03,p1219,🫂🕯️
2026-09-14T14:08:06.411Z,u03,p1218,"Sehr lecker, Kompliment an die Tochter."
2026-09-14T13:45:30.292Z,u03,p1217,"Wieder zuhause.. Jetzt erstmal Kaffee und ein Stück Kuchen von @jaylostforwords.bsky.social ..

Und danach vielleicht ein kleines Nickerchen.."
2026-09-14T07:54:19.226Z,u03,p1216,🍀🤞
2026-09-14T07:48:16.858Z,u03,p1215,
2026-09-14T07:20:03.165Z,u03,p1214,
2026-09-14T07:04:46.300Z,u03,p1213,
2026-09-14T06:20:29.675Z,u03,p1212,Bei uns liegt die Spitze um 19.00 bei 99ct.. Ich werde also ein paar Stunden aus dem Speicher leben.
2026-09-13T22:00:34.252Z,u03,p1211,00:00
2026-09-13T21:43:45.342Z,u03,p1210,Gute Besserung!
2026-09-13T19:42:40.822Z,u03,p1209,
2026-09-13T18:48:30.327Z,u03,p1208,Und wieviele Arme?
2026-09-13T18:28:31.223Z,u03,p1207,"Ja, dann machen wir das doch so.. Ich meld mich, wenn ich kurz vor Kiel bin, wird aber wohl Nachmittag bis dahin.."
2026-09-13T18:24:55.715Z,u03,p1206,"Morgen muss ich nach Lübeck, Marzipanbruch kaufen. Soll ich Dir was mitbringen und dann tauschen wir?"
2026-09-13T18:20:12.361Z,u03,p1205,"Ich würd ja gern, aber ich bin schon in der Symbiose mit der Kautsch.."
2026-09-13T18:16:09.089Z,u03,p1204,"Nu hör aber mal auf, Dein Licht unter den Scheffel zu stellen, die ist doch perfekt."
2026-09-13T18:00:09.931Z,u03,p1203,"Auf ihrer Website erklärt die Behörde, warum sie den Aufschlag für nötig hält. Wer viel Strom selbst erzeugt, beziehe weniger aus dem Netz und zahle „entsprechend geringere Netzentgelte”. So steht es dort, und so stimmt es nicht. Wir Prosumer zahlen dieselben Netzentgelte wie unsere Nachbarn."
2026-09-13T17:16:51.117Z,u03,p1202,
2026-09-13T14:49:03.140Z,u03,p1201,
2026-09-13T14:20:14.959Z,u03,p1200,Juhu! Noch 1 mal schlafen bis Montag!!!
2026-09-13T14:08:28.435Z,u03,p1199,
2026-09-13T12:28:03.315Z,u03,p1198,
2026-09-13T10:46:49.147Z,u03,p1197,
2026-09-13T09:34:54.981Z,u03,p1196,🫂 Ich wünsche Dir viel Kraft.
2026-09-13T08:20:18.566Z,u03,p1195,
2026-09-13T08:13:22.273Z,u03,p1194,
2026-09-12T16:23:38.664Z,u03,p1193,🫶
2026-09-12T16:09:00.070Z,u03,p1192,Pterodactylus?
2026-09-12T15:36:56.284Z,u03,p1191,*holt schonmal den Eimer Melkfett*
2026-09-12T15:06:34.721Z,u03,p1190,"Ladetag ist vorbei, der Preis ist wieder gestiegen. Das waren jetzt 3,36 €."
2026-09-12T14:59:36.752Z,u03,p1189,🫂💪
2026-09-12T11:35:05.412Z,u03,p1188,🍀🤞
2026-09-12T11:27:50.450Z,u03,p1187,
2026-09-12T10:34:33.811Z,u03,p1186,
2026-09-12T09:55:19.242Z,u03,p1185,Heute ist Ladetag..
2026-09-12T08:03:03.519Z,u03,p1184,"Nu hör aber auf, Du machst mich sabbern!"
2026-09-11T21:17:48.099Z,u03,p1183,
2026-09-11T21:11:13.780Z,u03,p1182,"Wird die Krankenkasse teurer, muss sie ihren Mitgliedern das nicht mehr aktiv mitteilen. Die Info-Pflicht wurde gestrichen. ""Ein Unding"", kritisieren Verbraucherschützer. Die Bundesregierung müsse diesen Fehler korrigieren."
2026-09-11T20:46:44.310Z,u03,p1181,🫂🕯️
2026-09-11T19:46:51.200Z,u03,p1180,*soifz*
2026-09-11T19:42:52.781Z,u03,p1179,"🫂🫶
Gute Besserung."
2026-09-11T19:25:30.671Z,u03,p1178,
2026-09-11T19:02:24.776Z,u03,p1177,
2026-09-11T18:27:33.567Z,u03,p1176,Zeit für einen Klassiker..
2026-09-11T18:26:02.589Z,u03,p1175,
2026-09-11T18:22:56.457Z,u03,p1174,
2026-09-11T18:21:09.134Z,u03,p1173,
2026-09-11T17:50:39.122Z,u03,p1172,Irre.. Was für ein Foto..
2026-09-11T14:40:02.865Z,u03,p1171,"Ja, man nimmt Kochbirnen und etwas Bohnenkraut kommt da auch ran..
Die Kombination ist dann süß-salzig.."
2026-09-11T08:45:11.310Z,u03,p1170,"Soa, ich darf gleich in die große Stadt, der Tag versaut sich ja nicht von selbst.."
2026-09-11T08:33:13.404Z,u03,p1169,🫂💪
2026-09-11T08:31:50.141Z,u03,p1168,#moodoftheday
2026-09-11T07:17:56.498Z,u03,p1167,🫶
2026-09-11T07:16:29.102Z,u03,p1166,"Freitag, Stuhlkreis, meine lieben Mitbekloppten.
Ihr müsst heute mal ohne mich auskommen, ich hab viel um die Ohren und bin erst am frühen Abend zurück.

Danke, dass Ihr da seid.."
2026-09-11T06:43:45.823Z,u03,p1165,"Wenn die Nudel an der Katze klebt, bekommt sie eine Psychose und frisst keine Nudeln mehr.

Frag nicht.."
2026-09-10T20:29:02.972Z,u03,p1164,Das sind ja auch bei weitem die besten!
2026-09-10T20:22:52.653Z,u03,p1163,War es.. *Bäuchlein klopf*..
2026-09-10T19:36:06.255Z,u03,p1162,"#Servicepost

Am 10.10.26 feiern wir im Bandhaus Hamburg, Luruper Chaussee 125, eine Nacht, die zeigt, wie stark Frauen die Rock‑ und Metalszene prägen.
Die Female Fronted Rock Night bringt Musiker*innen, Fans und Unterstützer*innen zusammen – laut, solidarisch und voller Herzblut."
2026-09-10T17:21:02.053Z,u03,p1161,Viel Spaß!
2026-09-10T17:20:45.497Z,u03,p1160,"Gibt es Übermorgen. Für Morgen ist noch genug Birnen, Bohnen und Speck übrig geblieben."
2026-09-10T15:54:29.862Z,u03,p1159,"Es ist angerichtet!

#kochenistliebe #foodporn"
2026-09-10T15:37:58.554Z,u03,p1158,Danke..
2026-09-10T15:37:11.984Z,u03,p1157,"Nein, die gehören da rein. Das sind Kochbirnen, damit kann man roh Scheiben einwerfen.."
2026-09-10T15:35:43.990Z,u03,p1156,"Ich hab das Rezept von Oma, inzwischen bekomme ich das genau so hin.."
2026-09-10T15:29:59.213Z,u03,p1155,"Herrlich, wie das duftet..

#kochenistliebe #foodporn"
2026-09-10T13:02:48.586Z,u03,p1154,
2026-09-10T12:24:37.131Z,u03,p1153,© Dorthe Landschulz
2026-09-10T11:58:18.265Z,u03,p1152,"Mise en place ist erledigt.

#kochenistliebe #foodporn"
2026-09-10T10:27:15.878Z,u03,p1151,
2026-09-10T10:26:29.466Z,u03,p1150,
2026-09-10T10:24:45.499Z,u03,p1149,"Ugh.. Frisst viel Zeit, also auch Geld.. Sowas ist immer doof.."
2026-09-10T10:19:30.197Z,u03,p1148,"Es war feucht.. Korrosion an den Kontakten, durch das Rütteln über den deutschen Kartoffelacker kurzfristig wieder beseitigt..
Passiert.."
2026-09-10T10:15:13.025Z,u03,p1147,
2026-09-10T09:49:53.218Z,u03,p1146,
2026-09-10T09:48:02.836Z,u03,p1145,
2026-09-10T09:11:34.871Z,u03,p1144,
2026-09-10T09:09:54.534Z,u03,p1143,#moodoftheday
2026-09-10T09:09:02.977Z,u03,p1142,
2026-09-10T09:01:32.255Z,u03,p1141,"Hmm.. NINA ja, Sirene nein.. 🤷‍♂️"
2026-09-10T08:06:24.150Z,u03,p1140,
2026-09-10T07:58:18.173Z,u03,p1139,
2026-09-10T07:57:39.686Z,u03,p1138,
2026-09-10T06:48:14.783Z,u03,p1137,"Dazu müsste ich ja wissen, wo die stehen. Der Krach kommt von überall und ich bin so ein schlechter Sprinter..😉"
2026-09-10T06:41:13.200Z,u03,p1136,Die Karte taugt noch nix. In Preetz gibt es mehrere und auf den umliegenden Dörfern auch.
2026-09-10T06:26:37.172Z,u03,p1135,Gottseidank bist Du kaum neben der Spur..
2026-09-10T06:25:55.969Z,u03,p1134,🫂💪
2026-09-09T21:04:16.843Z,u03,p1133,Keine Kohlehydrate nach 18.00 Uhr! ☝️
2026-09-09T20:45:06.395Z,u03,p1132,🫂
2026-09-09T20:23:43.856Z,u03,p1131,Gute Besserung!
2026-09-09T19:57:56.727Z,u03,p1130,"Sorry, dass es so lange gedauert hat, mein Ösi musste erst seine Mama fragen.."
2026-09-09T19:50:15.901Z,u03,p1129,In den Topfen kommt dann Marillenmarmelade mittig hinein.
2026-09-09T19:49:25.622Z,u03,p1128,
2026-09-09T19:38:15.125Z,u03,p1127,"Weiss ich gerade nicht, muss ich mal im Archiv schauen.."
2026-09-09T19:24:36.140Z,u03,p1126,"Ich grab morgen mal um, die hab ich da.."
2026-09-09T18:59:59.714Z,u03,p1125,"Eine Untersuchung des Portals Gamers Nexus hat erhebliche Datenschutzbedenken bei Smart-TVs des Herstellers LG aufgeworfen. Die Analyse zeigt, dass die Geräte auch bei scheinbar ausgeschaltetem Bildschirm über integrierte Mikrofone Audioaufnahmen anfertigen und das heimische Netzwerk scannen."
2026-09-09T17:14:35.447Z,u03,p1124,"@denniskberlin.bsky.social , kann Berlin denn jetzt weg?"
2026-09-09T16:34:14.093Z,u03,p1123,
2026-09-09T16:27:54.805Z,u03,p1122,
2026-09-09T16:25:41.467Z,u03,p1121,
2026-09-09T11:59:47.186Z,u03,p1120,🫂
2026-09-09T11:58:18.829Z,u03,p1119,
2026-09-09T11:50:43.595Z,u03,p1118,
2026-09-09T11:20:30.405Z,u03,p1117,
2026-09-09T11:11:43.115Z,u03,p1116,
2026-09-09T09:58:11.560Z,u03,p1115,💪
2026-09-09T09:49:12.974Z,u03,p1114,"Das brauchte ich jetzt mal für mich..

[Enthält KI-Content]"
2026-09-09T08:56:08.848Z,u03,p1113,"Nicht zögern, machen."
2026-09-09T08:43:02.883Z,u03,p1112,
2026-09-09T08:05:27.387Z,u03,p1111,#moodoftheday
2026-09-09T08:03:43.676Z,u03,p1110,
2026-09-09T08:03:19.157Z,u03,p1109,
2026-09-09T07:38:35.013Z,u03,p1108,
2026-09-09T07:37:33.821Z,u03,p1107,
2026-09-08T22:00:04.556Z,u03,p1106,00:00
2026-09-08T21:40:42.757Z,u03,p1105,
2026-09-08T21:23:44.192Z,u03,p1104,Klingt spannend..
2026-09-08T21:00:52.746Z,u03,p1103,🫂💪
2026-09-08T20:40:47.985Z,u03,p1102,"Das ist ein typisches Herbstgericht in Schleswig-Holstein, ganz traditionell.."
2026-09-08T18:54:34.202Z,u03,p1101,"Nachbarschaftshilfe, Dinge mit den Händen tun, dann ist der Kopf aus.
Und natürlich mit Freunden gemeinsam kochen und essen, einfach eine gute Zeit haben. Es ist Herbst und Übermorgen gibt es Birnen, Bohnen und Speck, da habe ich die Bude voll und alle können mal abschalten."
2026-09-08T18:33:56.769Z,u03,p1100,
2026-09-08T17:52:27.081Z,u03,p1099,
2026-09-08T17:48:10.516Z,u03,p1098,
2026-09-08T17:37:30.223Z,u03,p1097,
2026-09-08T15:40:33.062Z,u03,p1096,🤣
2026-09-08T15:27:52.453Z,u03,p1095,
2026-09-08T14:49:01.919Z,u03,p1094,
2026-09-08T14:33:43.181Z,u03,p1093,"Das Händchen ist nicht so das Problem, eher der Rücken. Ich hab das auf dem Hof gemacht, im Liegen und musste 100mal aufstehen, somit kann der Tag dann weg.."
2026-09-08T14:22:48.014Z,u03,p1092,"Und das Beste an der Geschichte, ich war gerade mit Sachen wegräumen fertig, da hat es aus Kübeln angefangen zu Schütten."
2026-09-08T14:21:08.472Z,u03,p1091,"In den nächsten Tagen dann erneute Vorstellung beim TÜV und dann wird es Zeit, dass der verkauft wird.."
2026-09-08T14:21:08.471Z,u03,p1090,"Angespachtelt und mit Nitropinsel glattgezogen sieht es dann schon ganz brauchbar aus. Die Stopfen habe ich anschliessend noch geputzt und der Kollege geht da nochmal mit ne Sprühdose in Wagenfarbe hinterher, ich bin ja Farbenblind und somit da raus."
2026-09-08T14:21:08.470Z,u03,p1089,"Der Schweller ist hauchdünn, hab ich dann festgestellt. Trotz Schutzgas und der schwächsten Einstellung am Schweißgerät war der Grat zwischen Punkt und Loch extrem schmal."
2026-09-08T14:21:08.469Z,u03,p1088,"Wir kennen den Stein des Anstoßes genau.. Loch musste natürlich weg, der TÜV mochte das gar nicht, also hab ich das heute mal freigelegt und beseitigt."
2026-09-08T10:12:20.032Z,u03,p1087,Bei Deiner jetzigen Figur hatte ich eher sowas vor Augen..
2026-09-08T09:56:32.035Z,u03,p1086,*steckt sich ein buntes Schirmchen in den Pfefferminztee am Gartenteich*
2026-09-08T08:44:58.422Z,u03,p1085,"@midlifewife.bsky.social, alles Gute!"
2026-09-08T08:41:21.343Z,u03,p1084,🫂
2026-09-07T22:41:51.379Z,u03,p1083,
2026-09-07T22:24:01.035Z,u03,p1082,© Dorthe Landschulz
2026-09-07T22:21:14.335Z,u03,p1081,© @marunde.bsky.social
2026-09-07T22:09:41.584Z,u03,p1080,
2026-09-07T22:03:39.420Z,u03,p1079,"Menno.. 🫂

Sag, wenn man Dir helfen kann.."
2026-09-07T21:52:11.155Z,u03,p1078,"Kommt bitte gesund nach Hause, ja?"
2026-09-07T21:49:55.455Z,u03,p1077,
2026-09-07T21:44:54.640Z,u03,p1076,
2026-09-07T21:05:23.269Z,u03,p1075,"Du schaffst das. 🫶
Schlaf gut."
2026-09-07T20:55:05.714Z,u03,p1074,🍀🤞
2026-09-07T20:30:19.698Z,u03,p1073,
2026-09-07T20:16:32.551Z,u03,p1072,Denk an Dein Herz. Sozialverträgliches Frühableben hilft nur dem Gegner.
2026-09-07T20:09:12.245Z,u03,p1071,"Der hat einfach Shice anne Fingers.. egal, was er anfasst, es wird ein Debakel.."
2026-09-07T20:06:36.569Z,u03,p1070,😅
2026-09-07T19:30:55.437Z,u03,p1069,"😍
Hoffentlich inhaliert er sie nicht eines Tages aus Versehen beim Schnarchen.."
2026-09-07T19:16:39.339Z,u03,p1068,Immer gerne.. 🫶
2026-09-07T19:15:18.609Z,u03,p1067,
2026-09-07T18:33:27.234Z,u03,p1066,Pragmatismus regelt halt..Wer kann ihr schon wirklich böse sein?
2026-09-07T18:20:33.305Z,u03,p1065,Folge der blauen Telefonzelle..
2026-09-07T12:37:22.739Z,u03,p1064,"Hat alles gut geklappt, nach 3 Stunden war sie wieder raus. Ich bin allerdings geschafft vom Tag.."
2026-09-06T21:14:24.283Z,u03,p1063,"Ich versuche dann mal zu schlafen..

*Wecker-auf-5Uhr45-stell-Geräusch*

Um 7.30 Morgen soll ich meine Schwester zu einer OP abliefern und hoffentlich an einem Stück kurz danach wieder nach Hause fahren.

Gute Nacht."
2026-09-06T21:06:59.120Z,u03,p1062,
2026-09-06T20:56:21.555Z,u03,p1061,
2026-09-06T20:54:16.840Z,u03,p1060,
2026-09-06T20:31:45.956Z,u03,p1059,🫶🫂
2026-09-06T20:26:11.189Z,u03,p1058,🫶
2026-09-06T20:25:38.116Z,u03,p1057,#moodoftheday
2026-09-06T20:21:56.067Z,u03,p1056,"Gut, dass ich meinen Trostkadser habe.."
2026-09-06T20:13:49.687Z,u03,p1055,*reicht Schierlingsbecher*
2026-09-06T20:10:24.650Z,u03,p1054,[x] Ja
2026-09-06T20:09:54.586Z,u03,p1053,🫂💪🫶
2026-09-06T20:03:26.649Z,u03,p1052,🫂
2026-09-06T19:36:49.100Z,u03,p1051,"Auf jeden Fall keine Feile, die sollen nicht nachts heimlich ausbrechen.. Strickleiter und künstliche Hüfte sind inkompatibel."
2026-09-06T19:30:53.165Z,u03,p1050,🫂🫶💪
2026-09-06T17:29:13.002Z,u03,p1049,Japp..
2026-09-06T15:37:10.826Z,u03,p1048,Da wohnt ein Kumpel.. 3. Laterne in Richtung Plön rechts rein..
2026-09-06T15:34:34.519Z,u03,p1047,✅ Eskapismus
2026-09-06T15:28:43.583Z,u03,p1046,😍
2026-09-06T11:39:14.322Z,u03,p1045,😂
2026-09-06T11:32:07.074Z,u03,p1044,[x] dabei
2026-09-06T11:19:16.361Z,u03,p1043,+1
2026-09-06T11:05:10.069Z,u03,p1042,🫶
2026-09-06T09:50:02.714Z,u03,p1041,
2026-09-06T09:48:52.017Z,u03,p1040,
2026-09-06T08:15:25.924Z,u03,p1039,
2026-09-06T08:00:16.278Z,u03,p1038,
2026-09-06T07:59:19.269Z,u03,p1037,
2026-09-06T07:58:21.730Z,u03,p1036,
2026-09-06T07:24:28.194Z,u03,p1035,"Ich drück Dir ganz fest die Daumen, hab aber wenig Hoffnung. Ich musste mich von einer 35 Jahre alten Freundschaft trennen, die sind so vernagelt, die bekommt man nicht zurück."
2026-09-06T06:58:48.877Z,u03,p1034,🫂
2026-09-06T06:55:42.301Z,u03,p1033,"Alles Gute, @isegrimm.bsky.social !"
2026-09-06T06:47:28.953Z,u03,p1032,🫂💪
2026-09-06T06:43:51.154Z,u03,p1031,"Da ist so ein großer Feuerball am Himmel, ich lasse vorsichtshalber die Gardinen zu und bleibe im Bett.."
2026-09-06T06:41:04.893Z,u03,p1030,"Das ist fein. In meinen Stresszeiten hat sone Schiene keine 3 Monate gehalten, dann war sie durchgebissen.."
2026-09-05T14:16:46.346Z,u03,p1029,
2026-09-05T11:15:55.818Z,u03,p1028,🫂
2026-09-05T09:27:47.412Z,u03,p1027,
2026-09-05T08:29:53.677Z,u03,p1026,
2026-09-05T08:19:49.369Z,u03,p1025,
2026-09-05T08:15:33.700Z,u03,p1024,
2026-09-05T08:02:19.641Z,u03,p1023,Diesmal sind sie schlauer und warnen über Nina vor..
2026-09-05T07:57:22.735Z,u03,p1022,"Ah, jetzt ja.. Mir war so als ob die Maus im März..

Alles Gute!"
2026-09-05T07:26:24.352Z,u03,p1021,
2026-09-05T07:25:45.737Z,u03,p1020,
2026-09-05T07:24:59.387Z,u03,p1019,
2026-09-04T21:10:14.013Z,u03,p1018,"Sehr gut..

Ich musste die letzten Tage mehr Menschen anfassen, als mir lieb ist.
Das weckt immer Träume vom Eremitieren bei mir, ich suche noch eine schöne Höhle in einer Steilküste dafür.."
2026-09-04T20:36:15.977Z,u03,p1017,🫶
2026-09-04T19:44:44.622Z,u03,p1016,
2026-09-04T19:32:39.424Z,u03,p1015,Die haben ja gut aus dem Vollen geschöpft..
2026-09-04T19:23:13.900Z,u03,p1014,
2026-09-04T17:44:11.137Z,u03,p1013,Der Sturm geht mir auf den Sack. Ich hasse Krach..
2026-09-04T17:09:14.815Z,u03,p1012,🫶
2026-09-04T15:39:33.971Z,u03,p1011,
2026-09-04T15:27:59.884Z,u03,p1010,🫶
2026-09-04T15:19:14.627Z,u03,p1009,"Zucchinipommes.. In Pankomehl paniert. Kann man mal essen, joa..

#kochenistliebe #foodporn"
2026-09-04T13:16:01.467Z,u03,p1008,🫂🫶💪
2026-09-04T12:26:45.262Z,u03,p1007,
2026-09-04T12:11:01.387Z,u03,p1006,🫶🫂
2026-09-04T11:59:25.314Z,u03,p1005,"Lustigerweise klappt der Zugriff vom Zweitrechner einwandfrei, das Problem liegt also wohl nicht bei Odesli oder Bsky.."
2026-09-04T11:58:01.468Z,u03,p1004,Eigentlich schon..*kopfkratz*
2026-09-04T11:53:45.279Z,u03,p1003,#MusikFürAlteMänner
2026-09-04T10:51:02.798Z,u03,p1002,"🎶 Du wolltest den Wolf, als der Vollmond schien..🎶

#MusikFürAlteMänner"
2026-09-04T10:27:38.276Z,u03,p1001,🫂
2026-09-04T09:43:28.785Z,u03,p1000,
2026-09-04T09:35:04.665Z,u03,p0999,👋
2026-09-04T09:33:54.262Z,u03,p0998,
2026-09-04T09:18:12.750Z,u03,p0997,#moodoftheday
2026-09-04T09:07:32.810Z,u03,p0996,"Japp.. Heute draußen nur Wännchen, um gemütlich auf der Sturzflut zu Dümpeln.
Ich hab das erste Mal seit langem meinen Tee nicht draußen getrunken.."
2026-09-04T08:58:38.441Z,u03,p0995,"Alles klar, ich notiere das im Kalender.."
2026-09-04T08:54:18.690Z,u03,p0994,"Aber vorher Fett anfressen, bitte.. Wann möchtest Du geweckt werden?"
2026-09-04T08:47:15.827Z,u03,p0993,"Es ist wieder Zeit für den freitäglichen Stuhlkreis, liebe Mitbekloppte.
Danke, dass Ihr da seid."
2026-09-04T07:55:26.355Z,u03,p0992,🫂 Fühle..
2026-09-04T07:51:21.227Z,u03,p0991,Auch die kann man prima mit Silikon anbringen..
2026-09-04T07:50:04.826Z,u03,p0990,
2026-09-04T07:28:02.216Z,u03,p0989,
2026-09-04T07:26:59.704Z,u03,p0988,
2026-09-04T07:09:49.129Z,u03,p0987,"Irgendwer fragte doch gestern danach..

#Inktober"
2026-09-03T22:00:28.422Z,u03,p0986,00:00
2026-09-03T21:31:59.115Z,u03,p0985,Da in diesem Internet sind nur Gestörte!
2026-09-03T21:29:12.255Z,u03,p0984,+1
2026-09-03T21:26:08.596Z,u03,p0983,#moodoftheday
2026-09-03T21:00:12.474Z,u03,p0982,"Wundert mich schon etwas, dass die da inzwischen Internet haben und nicht mehr trommeln.."
2026-09-03T20:48:04.147Z,u03,p0981,4 Häuser und nen Kuhstall am Ende der Allee.. joa..
2026-09-03T20:34:59.378Z,u03,p0980,"*Gnaaaa* Das ist hier um die Ecke.. Du brauchst ne Brille, scheints..

Aber gut, wenn sie Dir den schickt, muss ich nicht los.."
2026-09-03T20:28:08.164Z,u03,p0979,❤️
2026-09-03T20:16:12.835Z,u03,p0978,Silikon macht dat schon!
2026-09-03T20:14:41.883Z,u03,p0977,"Ja, früher™.. da hatte ich noch Haare und war am Nordkap mit dem Mopped.
Heute nur noch den Kirchturm im Augenwinkel, der Elektrochopper hat nur 130km Reichweite, aber dann hab ich auch kein Sitzfleisch mehr.."
2026-09-03T20:06:51.536Z,u03,p0976,Rosinenstute?
2026-09-03T19:41:00.975Z,u03,p0975,"Unkraut vergeht ja bekanntlich nicht, das wird schon irgendwie gehen.
🫂❤️"
2026-09-03T19:35:31.896Z,u03,p0974,"Ich muss leider mal aussetzen, es ist jetzt schon eng. Aber den Post teilen kann ich immerhin und das habe ich auch gemacht.

🫶"
2026-09-03T19:08:05.280Z,u03,p0973,
2026-09-03T18:58:24.300Z,u03,p0972,
2026-09-03T18:35:18.781Z,u03,p0971,© Tom Toro
2026-09-03T18:24:29.224Z,u03,p0970,Japp.. Ich bin genau 2mal Motorrad gefahren diesen Sommer..
2026-09-03T18:09:45.246Z,u03,p0969,Haste den @datdirk.eurosky.social schon gefragt?
2026-09-03T14:54:35.345Z,u03,p0968,Glibschig wie ein Nacktmull?
2026-09-03T12:40:37.396Z,u03,p0967,Das steht Dir fantastisch..
2026-09-03T12:32:49.656Z,u03,p0966,"Der Sommer ist wohl endgültig durch, Zeit, sich zu verabschieden.
Irgendwo zwischen Tream und SDP finde ich mich da gut wieder.."
2026-09-03T11:54:49.336Z,u03,p0965,© Dorthe Landschulz
2026-09-03T11:45:49.678Z,u03,p0964,🫶
